Income,Years_of_study
800,11
1150,11
880,14
3500,5
150,8
790,11
3150,11
1700,11
1800,13
1150,11
3000,11
2500,5
1200,5
2000,11
2000,11
6000,15
1050,9
7000,15
2000,11
1150,11
3030,0
4000,15
788,4
1000,11
800,8
788,4
1600,15
1700,11
2000,13
2400,11
3000,4
920,0
1300,9
2000,14
1300,0
600,4
1200,6
1000,2
1000,8
1500,8
900,6
900,5
0,5
300,1
1600,5
1500,9
750,11
800,0
3600,11
1500,3
3000,7
2300,6
1500,11
4500,11
4800,15
900,11
400,6
1050,1
850,6
650,11
300,5
900,4
1000,10
970,7
1000,11
600,6
1000,9
800,9
0,0
200,5
1400,3
2500,11
3000,3
1100,1
2000,0
1400,10
788,4
1400,8
1000,3
600,3
788,3
500,3
1500,3
1400,0
600,8
800,8
1200,8
2500,8
1200,11
2000,0
1300,14
800,8
550,0
975,5
1500,4
1200,11
1145,8
1200,0
1500,8
1200,11
850,8
1200,9
900,10
1200,1
2500,8
400,10
1100,11
1200,11
2500,11
4000,13
2500,15
788,5
2000,11
788,11
380,8
836,11
1250,14
1325,11
1550,7
1800,7
1500,0
20000,11
3000,4
1600,0
788,3
1400,8
580,10
1500,4
1000,4
100,4
0,8
1000,3
390,11
788,2
1800,3
400,0
1500,6
2000,8
350,4
1600,1
1600,7
1000,0
788,2
3000,15
2000,4
10000,11
900,15
6000,6
1600,14
1300,11
1400,11
1400,11
3500,15
2500,11
1700,11
4500,8
1700,11
4124,11
1500,11
1200,11
1000,12
1200,11
1600,11
950,10
1500,10
1500,10
4000,15
900,5
6000,15
3000,0
6000,15
0,11
2200,14
2000,11
4000,15
1000,0
1400,0
788,4
788,8
1700,8
1000,0
3000,15
1500,4
1100,5
1000,0
1100,11
1200,8
2580,8
1900,0
2150,15
1800,11
300,5
1300,4
788,11
2800,15
1440,4
850,4
9000,15
7800,14
1200,4
1500,10
3000,11
400,5
550,6
1200,11
1500,11
1100,5
900,5
2300,11
8000,15
1400,12
5000,15
2500,2
1490,11
2300,2
430,4
400,8
300,11
160,9
900,15
688,3
400,8
1000,2
0,8
8000,8
805,15
6000,11
2000,15
850,11
5200,15
789,1
2000,0
5000,15
400,11
1800,8
4000,11
1000,11
200,5
250,0
800,2
1600,11
800,7
1600,5
1000,0
2500,4
250,0
1000,3
10000,0
1200,2
1200,12
3000,4
1200,6
2500,0
1000,14
2700,11
1300,15
500,5
1000,13
1500,4
1900,5
1300,6
300,9
788,0
788,2
2500,4
788,1
1020,8
600,0
1920,11
1500,4
788,0
1000,11
2500,1
789,11
830,6
1000,11
1800,6
2300,7
800,11
788,5
1200,15
230,10
2364,15
500,6
1800,0
3650,2
850,0
0,4
2000,8
1500,0
700,4
750,3
800,4
1200,0
1400,3
750,0
300,8
788,9
400,5
400,15
788,5
788,0
1500,3
1500,6
3000,15
1400,11
1000,11
800,11
800,6
700,11
900,7
788,8
788,11
400,0
2000,15
3000,11
300,14
1300,11
1200,5
1500,7
200,9
1600,7
1200,2
1500,0
400,0
350,5
2400,4
0,4
788,0
800,5
0,0
1100,7
2500,12
0,1
2000,15
3000,13
5000,15
3500,15
3500,8
800,9
800,4
850,13
850,8
788,0
1500,8
1000,8
1200,11
800,9
2000,5
1000,7
2000,15
800,0
788,8
1300,3
2500,11
1000,5
3500,11
800,3
788,8
1500,8
1600,8
1700,7
2000,6
1000,15
100,8
788,8
1400,11
1200,15
1500,4
1300,4
600,7
900,5
1200,3
2000,4
900,11
2000,0
900,3
788,0
900,3
1500,8
788,11
10000,15
788,9
2800,11
788,8
788,0
2000,10
789,11
1500,13
2800,13
3000,8
1200,11
2000,12
1000,8
2500,6
1150,15
2000,4
5000,8
3000,11
8000,15
1200,5
2500,11
10000,8
788,6
2400,11
3000,8
1900,15
7500,15
3310,11
900,4
800,0
3500,5
1000,11
8500,4
250,4
950,1
1300,3
1500,8
2000,15
7000,11
6000,11
3400,11
788,11
1200,11
780,11
788,11
2000,10
1400,6
1800,15
900,5
1182,0
600,0
4200,15
788,11
150,12
4000,12
7000,15
1700,15
80,8
800,11
1000,11
2000,5
788,4
870,4
1200,6
200,0
1100,10
1000,4
2000,8
200,9
4300,15
2000,11
1200,3
1070,1
1000,5
800,8
5000,15
350,0
500,7
500,9
1100,0
1200,11
788,3
1000,2
400,8
788,3
150,4
3000,8
1300,11
200,4
788,10
250,1
1000,11
788,5
788,8
2000,11
600,0
600,11
4500,7
1000,11
788,2
1400,8
500,5
0,11
350,7
920,11
2400,15
800,5
4800,4
3000,11
1200,8
1500,10
2500,7
1500,11
1500,15
1500,11
1000,8
2000,1
1300,8
1200,11
1400,4
1000,4
1500,4
1000,9
2500,14
200,4
1270,6
788,3
1200,12
1500,8
45000,10
1200,11
1100,8
150,8
500,3
1500,1
1200,6
1500,4
2600,8
3500,11
2400,15
100,0
750,6
900,4
5000,0
1500,0
1000,10
5000,8
1400,4
900,0
1500,3
1200,11
788,0
788,5
2000,4
2000,8
2000,11
1200,0
2000,8
788,8
1290,4
1500,8
1200,15
2500,11
1800,4
1000,4
2500,10
1700,11
2790,15
4500,11
300,8
5000,9
800,8
900,11
788,5
788,11
2500,13
788,0
788,4
3000,15
3800,11
1250,2
7000,1
788,4
600,12
1800,8
1400,8
800,5
788,2
1300,4
788,4
788,10
9166,13
800,4
1800,8
2000,4
1200,15
830,5
1500,3
1500,6
1500,11
1200,11
2000,8
2930,11
4000,11
788,11
2000,11
3000,15
1024,6
1180,4
1024,9
1500,8
1500,4
2000,5
4000,11
1200,4
1200,3
876,9
1200,0
788,6
1050,5
1300,0
1300,15
1300,4
1100,10
2000,4
924,11
1300,13
950,4
1300,1
1100,15
1500,0
500,6
3500,11
850,5
150,9
2300,11
950,1
0,4
0,2
0,0
0,3
1000,5
0,4
2200,8
788,8
0,4
2000,3
2800,15
800,8
1500,11
900,4
500,4
2100,8
600,4
1100,7
2000,4
1300,5
788,8
1800,3
700,0
1800,4
1100,10
960,2
1200,11
1200,8
4000,6
1500,11
2800,11
2000,8
788,8
500,5
1200,0
1500,7
788,11
150,9
1500,7
788,1
850,6
5000,15
1800,14
1000,7
500,0
788,0
2000,15
7000,15
1700,11
800,11
1600,11
2300,15
2100,11
1600,13
1500,11
2000,9
5000,15
3500,11
788,11
788,11
7900,15
3500,11
7000,15
22000,15
1000,8
3500,11
3000,8
1200,8
2000,15
1200,8
1000,11
1038,11
1500,11
960,11
2000,11
1800,11
4000,8
350,0
800,8
1200,8
2000,11
2200,9
1800,15
3500,11
2500,9
1000,4
1000,7
2000,6
2300,11
1200,11
400,8
2000,4
1200,12
3000,15
1700,15
954,11
5000,11
1500,0
1700,5
6700,15
800,11
2300,15
1000,11
3800,11
788,9
2500,0
1045,8
2000,0
1600,15
8000,15
900,15
2000,4
2500,11
1800,7
3800,11
2500,11
4500,6
3500,15
1100,2
1000,8
700,4
1100,6
1600,11
788,6
1600,11
3500,14
6000,15
3500,14
2000,11
2000,8
1300,7
1500,12
1000,11
1000,5
5000,15
9000,15
1600,15
6000,15
3000,15
2000,11
2600,3
1200,11
1800,15
1000,4
788,11
2000,4
4000,11
4500,11
3000,11
1400,11
1500,11
1800,11
1000,12
1720,12
1500,10
1570,11
2000,11
1200,11
7000,15
4500,15
3000,13
6000,15
900,8
1200,8
3600,11
2000,11
1000,11
10000,15
1222,4
1150,7
2000,8
500,2
900,9
1500,11
1200,11
840,11
1900,15
788,11
844,1
1600,8
1200,0
3000,15
350,11
600,0
1000,8
1007,11
800,11
2000,15
1800,7
2600,15
200,6
600,11
3000,15
400,8
1400,15
4000,15
5000,3
3000,14
2500,11
900,15
1500,11
700,15
3000,15
1400,12
2000,11
2800,11
1550,0
1000,11
2000,5
1500,14
1000,5
950,7
2200,11
1300,11
3300,6
900,10
1600,4
780,0
1800,2
1200,8
1300,11
1500,8
788,8
1200,11
2800,15
5000,11
1500,10
800,3
2000,7
2200,11
2500,6
4000,11
3200,15
3000,11
2500,15
1100,7
1200,9
2400,15
3000,11
2500,6
3000,11
1500,11
1150,12
1050,12
1400,8
820,8
1200,10
1600,11
1680,10
1800,11
1300,11
1500,11
1800,12
1800,5
1050,15
1400,11
1200,5
2365,11
2200,5
4500,15
1400,15
1500,5
1500,5
3000,11
788,7
2500,5
2800,15
2000,11
1500,4
1000,8
1000,14
1300,8
788,11
2500,15
3000,11
1700,1
3200,11
1800,11
800,11
5500,15
3500,11
788,9
900,8
900,3
700,4
780,8
788,8
850,4
1500,10
300,5
3000,11
2500,11
1200,11
3500,14
3500,15
2000,11
800,7
1150,9
1900,11
1400,11
1300,9
960,13
900,11
2400,11
2000,6
2100,15
1900,14
1200,9
1900,11
1600,10
12500,15
5000,15
5000,8
6800,15
4000,15
2200,15
5000,15
10000,15
3000,11
1000,11
3000,11
1400,11
1000,7
3000,8
1200,7
2500,3
1300,11
827,10
1200,4
2100,11
0,0
35,5
1300,8
700,0
800,5
1500,11
300,4
200,0
2000,9
788,11
2000,8
300,0
3800,11
2000,11
5000,13
3800,11
1000,5
5000,11
1600,11
1500,5
900,2
3000,11
1800,10
500,5
1500,3
5000,14
3000,11
1200,15
1200,15
1200,4
3500,0
1200,9
1000,3
3500,14
6000,15
3500,15
10000,11
1400,7
1600,1
1400,11
788,4
5000,8
50000,15
872,11
3000,4
1000,15
1000,5
1500,13
920,4
788,4
2000,14
1100,5
1900,15
600,12
788,8
1000,4
3000,11
2600,10
1200,11
1200,7
9000,15
1200,0
2000,6
1000,11
1500,0
1000,7
600,3
1000,10
788,6
1000,0
788,4
1100,3
500,0
788,8
400,15
2200,4
3000,8
350,0
1200,5
300,4
3600,15
700,4
3200,11
1900,15
850,11
800,0
1100,8
788,5
250,4
1500,11
830,11
3100,4
2000,11
500,4
4000,15
912,11
9000,15
1500,9
3000,15
500,4
3000,9
550,1
1380,5
1200,8
400,9
10000,11
3500,11
850,8
2000,5
700,2
2800,15
1200,8
788,14
400,0
3000,11
1500,15
400,3
1200,8
3000,4
2000,15
900,11
1000,13
833,12
1500,11
2000,4
1000,5
2000,4
6000,8
1500,8
1700,8
1950,1
700,2
0,1
1500,4
1000,13
4000,11
7400,15
2000,15
1300,8
2500,1
2000,0
2160,11
5000,14
3000,15
2000,15
900,15
800,11
1000,11
1100,11
1576,6
1500,11
876,9
1500,4
788,5
2000,11
915,11
3000,11
2000,4
1500,3
950,11
2500,5
788,15
500,2
1200,11
600,0
1500,7
1800,5
1024,15
4000,11
5000,15
950,11
788,2
2400,8
6000,4
788,8
1200,7
1000,4
3000,11
500,12
1400,15
640,4
1490,11
800,4
1000,11
1300,5
1250,4
1500,7
10000,15
1200,4
1500,11
400,15
1000,12
3000,4
4500,11
1500,5
788,14
7500,15
3000,11
1200,4
3000,10
1200,2
788,4
6000,5
1000,8
800,0
1100,8
788,7
1300,11
3000,11
4000,11
788,11
800,11
1200,0
3000,13
4000,15
1500,11
1300,8
788,15
360,4
1000,10
1070,3
850,13
800,0
788,8
1000,11
3000,12
1200,12
1200,4
1200,11
850,2
800,7
1000,0
850,5
800,4
300,6
1782,3
1500,9
600,0
400,0
1600,7
1300,3
800,11
1500,4
1500,15
700,1
0,2
1350,4
2205,15
1000,15
520,11
2000,4
800,0
450,4
500,3
800,2
800,15
1000,11
788,3
1300,15
2000,7
1000,5
3000,11
700,0
1000,5
700,8
1000,8
1260,6
700,2
800,11
2100,11
4500,15
1200,15
1200,8
4800,11
788,1
950,4
1578,11
600,3
788,5
3000,3
900,6
788,7
750,6
900,8
500,5
600,1
800,3
1000,5
300,1
800,3
400,3
788,11
500,6
1500,9
1000,8
1100,3
1000,11
788,11
900,3
1500,4
250,2
300,11
200,2
1200,5
1500,4
800,11
1000,11
400,8
1000,11
1200,11
5000,7
788,0
300,4
500,0
800,0
7000,15
2500,2
500,2
788,11
4200,14
2000,11
788,8
1200,6
1100,11
1200,0
1000,0
500,7
500,4
300,0
500,11
800,4
1400,15
500,4
1500,8
1000,5
900,3
1100,8
400,4
1050,11
788,11
600,2
2000,4
788,4
1350,12
1600,0
400,13
500,3
2500,5
0,4
800,11
400,15
2700,15
800,1
0,1
278,3
0,3
104,5
1500,11
3000,2
1125,0
0,2
300,8
1200,11
950,4
830,4
200,0
990,15
400,11
1500,11
800,2
500,4
350,11
0,4
777,0
1000,0
1500,0
0,11
0,4
200,11
1500,8
0,3
0,2
0,9
1000,4
375,6
0,1
1500,11
1000,4
2300,15
650,0
10000,8
2000,8
2500,11
3450,3
400,3
2500,8
6000,8
1800,8
1500,8
600,11
500,11
10000,8
700,8
815,11
1500,8
2500,11
1500,4
2500,2
1200,6
1500,4
3000,2
1300,5
1000,4
2000,4
500,4
1200,4
800,0
3000,7
1000,5
200,0
1500,11
800,8
500,7
2000,4
1800,1
1500,6
600,2
1500,11
1200,2
788,4
1300,8
2000,2
2000,8
2300,12
5000,3
1000,11
600,4
1200,1
1500,2
2200,15
1400,11
1500,2
1200,6
788,3
950,1
2600,7
788,5
788,7
500,1
400,11
950,5
2500,0
1500,5
300,8
1000,4
750,5
2700,11
600,4
1500,2
1170,3
1100,11
1200,3
1300,8
3800,11
2500,7
1500,0
5000,4
400,2
1500,11
1600,5
1300,6
780,11
1000,1
1800,4
785,2
1075,10
700,2
450,0
400,5
7000,10
4000,11
9800,15
980,9
8000,11
2000,11
3470,8
1000,8
10000,5
500,5
1000,7
500,9
840,4
300,0
2000,8
788,8
1200,10
1224,11
900,8
1580,11
800,2
500,11
400,4
500,5
1300,8
600,4
700,5
1500,11
500,4
1500,8
1200,5
200,4
150,4
450,15
5000,4
600,10
3000,8
2000,3
800,4
2000,4
1000,5
800,4
350,4
788,0
788,4
250,3
600,4
350,2
2000,11
0,15
2500,1
300,8
1800,15
1180,8
1100,11
788,15
3000,15
4500,15
788,14
1500,5
1200,11
560,4
390,3
1800,5
1000,8
1017,15
788,11
1100,6
1300,11
0,0
600,3
700,8
400,2
0,5
500,11
500,4
650,1
440,1
250,3
1200,8
788,0
0,0
500,2
1300,10
788,11
850,15
700,3
1500,5
600,15
900,0
700,1
700,6
300,0
1000,10
800,4
2500,13
1200,4
800,0
500,8
1300,5
900,4
800,10
3000,15
4000,11
1275,11
2200,4
1900,2
1800,13
5000,11
1200,11
1500,11
788,0
1000,8
788,8
2000,11
5000,11
4500,11
1500,11
500,1
970,3
3000,4
1000,8
5200,15
800,11
1800,11
500,9
1100,8
1000,3
750,3
1000,11
1200,8
1500,6
200,0
500,1
450,7
0,0
2500,4
800,1
0,4
0,2
300,3
700,8
1208,3
1100,1
2000,11
2300,15
0,0
800,5
300,8
0,3
600,5
8500,8
1450,11
780,11
1000,8
1000,4
30000,9
788,11
788,4
1500,11
1200,11
300,4
1300,11
2000,0
766,2
2500,11
400,10
900,11
3500,15
16000,15
8000,15
2500,11
3000,4
500,8
0,0
250,4
4000,13
2000,0
500,0
788,15
788,0
1200,11
1500,11
700,0
700,4
788,3
700,8
3700,11
2500,12
200,9
2000,10
930,12
1500,3
500,8
1100,11
400,10
3200,15
400,5
1576,10
500,0
1200,15
0,0
0,0
2000,0
0,4
2200,15
280,8
1576,15
788,3
0,0
200,10
150,7
788,2
1100,11
700,8
200,11
0,2
788,0
788,5
788,4
840,11
700,0
788,11
560,7
1000,11
1000,4
800,4
600,0
788,3
788,7
788,10
1040,10
1500,8
1000,4
1500,1
1500,11
1000,11
788,14
2000,15
3200,12
1000,11
3000,5
1400,11
788,13
800,3
1000,3
1050,5
700,4
3000,3
0,0
400,4
1400,8
1550,8
300,0
250,7
200,0
3000,11
3000,15
800,5
280,0
1000,11
0,1
300,8
300,3
1200,0
1200,11
400,11
380,4
300,4
250,2
280,1
700,15
300,3
300,9
1200,11
150,6
2300,15
1000,8
1200,11
600,0
300,4
350,4
300,4
100,0
150,0
500,0
200,0
400,5
788,9
830,0
2500,12
3100,11
2100,15
300,8
3000,0
788,11
1000,3
4000,11
700,0
1200,8
1800,15
1500,15
1500,0
3700,15
788,7
0,0
788,15
1500,3
300,3
160,0
900,6
250,0
200,4
200,4
788,8
140,10
2125,15
300,0
800,13
200,0
1000,8
788,0
200,0
788,8
788,11
900,0
900,11
300,4
900,11
300,0
200,0
240,0
120,0
280,0
180,0
6000,15
400,11
800,1
500,0
1500,10
1000,11
1300,15
700,0
3500,10
788,11
788,11
350,4
450,4
1200,4
1576,11
120,0
788,11
1500,0
700,2
300,8
100,0
0,0
700,11
1000,4
2500,15
800,0
0,0
500,8
300,0
1600,4
200,0
800,6
3000,3
3200,15
788,5
0,8
2115,12
800,11
800,11
800,8
340,11
1200,11
1600,15
788,5
500,10
1100,0
600,15
1180,11
2800,15
2500,11
1500,7
600,10
5000,12
1700,8
1100,7
8000,15
6000,15
3000,11
200,9
1500,11
1500,14
788,8
500,9
2500,11
1300,0
1253,13
300,7
200,0
550,11
3600,15
2000,15
1000,11
1000,8
2000,0
1600,15
800,0
300,8
724,0
700,5
1400,11
2800,7
850,4
788,11
1425,5
800,15
4800,15
5000,15
5000,15
788,11
5400,15
940,11
788,8
788,12
1100,13
800,15
2000,8
1800,4
1500,11
20000,15
1500,11
2100,15
2000,15
3000,1
2000,10
788,11
1200,11
1000,11
1000,11
2500,7
930,3
900,15
1200,7
1000,0
1200,0
2500,11
2000,0
600,8
2000,15
788,11
900,11
3500,15
2000,2
2000,5
800,8
1500,7
1000,8
2000,11
3200,15
788,10
1200,6
788,11
3100,14
2000,5
1500,4
6000,15
650,11
6000,15
6800,15
1600,11
3500,11
1500,11
1000,11
2000,15
3200,15
300,2
788,11
2000,8
500,1
900,11
100,5
900,11
1200,8
788,0
1000,4
1200,11
2800,11
1000,11
788,3
2400,15
1500,8
1400,11
1370,10
788,8
788,8
3200,12
9000,15
940,8
600,0
1576,15
5000,7
1500,11
1108,9
900,11
2500,11
3500,15
788,10
3000,12
200,8
4000,11
6400,15
15000,15
30000,15
2000,15
3500,15
5000,15
1200,11
20000,11
800,12
1500,15
1800,0
200,8
788,11
100,9
788,5
820,0
800,11
600,4
4800,11
300,9
1200,11
700,4
1000,11
788,11
900,11
1200,15
900,5
1300,15
849,13
500,2
788,0
789,11
2300,13
2300,10
1000,11
722,11
4000,5
780,0
1500,5
788,10
788,8
1200,11
2200,0
1060,11
1200,11
1000,8
1200,7
788,0
3200,11
1000,11
1500,15
4500,12
5000,14
3000,4
7000,11
600,11
5000,10
2100,15
1200,4
4000,12
3000,15
900,0
2500,11
2500,15
2400,15
395,8
3000,0
788,14
1200,15
1500,11
1200,11
7000,15
3500,12
5000,15
1035,11
3000,11
788,11
4000,15
2000,8
8000,11
788,14
3000,11
880,13
788,11
600,12
4000,0
1000,11
3000,0
6000,11
1000,11
4000,15
700,8
1500,4
2500,15
3000,15
3000,9
1500,11
4000,12
4000,11
2200,7
788,0
900,11
1800,11
788,8
2500,11
6000,6
1900,15
2900,11
850,8
2000,11
1200,15
800,0
788,4
1000,11
1000,5
788,7
750,1
900,4
788,11
788,4
788,11
788,5
1500,11
1200,5
1200,11
788,8
788,12
835,11
2280,11
940,11
1500,7
3000,15
2500,15
16000,15
1400,11
400,8
500,11
1500,0
788,11
500,4
1600,4
800,11
1500,11
788,0
1000,8
3000,11
788,4
1150,8
788,11
3000,15
1300,11
4000,8
1200,11
2500,8
2000,8
800,2
1200,11
1500,0
1500,10
200,0
1000,0
788,0
2200,8
788,11
788,2
500,8
1200,0
400,4
1000,10
788,0
1500,10
788,3
350,0
1100,11
1880,8
788,0
1000,2
788,11
320,11
4100,15
788,0
4000,8
5000,15
750,0
500,8
1130,15
1500,10
788,11
1500,11
850,8
4500,15
1300,11
2400,11
400,11
1200,1
1500,8
700,3
1800,4
830,0
780,8
950,6
4000,6
788,0
200,8
3000,11
900,8
1300,0
800,8
0,1
70,0
788,7
788,2
788,0
600,0
3500,11
1500,11
1498,11
10550,13
788,1
3000,11
1000,1
2500,0
2000,0
1500,0
850,4
400,8
900,0
250,0
0,0
1000,0
500,4
0,0
500,0
950,0
788,11
0,15
3000,11
960,11
300,4
800,8
900,11
0,0
300,0
1200,11
1100,11
788,11
788,7
200,8
788,11
788,8
1500,8
851,9
1200,4
800,0
300,10
788,11
1700,13
600,0
788,3
600,8
100,0
788,14
900,11
1300,6
3500,15
1020,11
1200,12
2300,15
1200,11
788,11
1100,11
800,11
1100,0
1000,0
788,10
2000,11
800,8
788,8
788,11
900,8
100,2
900,8
3500,8
1000,8
788,11
1000,0
800,0
300,0
1200,3
700,10
1000,11
788,5
500,8
1800,14
2000,11
600,1
1000,8
250,5
2500,15
2700,11
1000,12
1000,12
788,10
788,9
1400,8
788,8
830,10
788,4
900,8
1000,8
788,11
1300,5
5000,7
2200,11
1800,15
200,5
788,4
6000,15
1576,3
788,0
1800,10
1000,11
4200,15
788,15
4000,13
0,11
600,11
4000,13
500,8
500,5
1200,8
788,0
1200,0
1200,11
788,12
788,8
1500,9
800,9
788,0
788,11
1700,14
880,8
500,4
600,2
1000,0
0,5
200,0
1200,4
1000,10
0,5
0,2
500,0
1012,3
0,0
15,0
200,3
1500,12
300,0
0,9
0,8
788,10
1200,10
950,8
1400,15
788,0
800,4
1800,3
788,11
0,8
0,5
850,10
0,4
0,8
0,0
3500,0
3000,15
700,4
0,0
1400,11
1020,11
0,0
720,11
1500,0
800,5
1500,15
1500,0
6800,15
1000,0
788,11
300,0
350,11
700,0
400,0
200,0
200,0
0,0
400,4
1800,11
250,0
1000,7
1000,11
500,0
500,0
3500,15
0,0
5100,11
300,0
300,0
788,4
700,8
1300,11
300,4
500,8
3000,15
2000,15
100,5
1000,3
700,0
500,0
2000,11
4000,10
300,8
4000,15
1000,8
5900,15
5000,15
0,0
3500,9
2000,15
0,2
788,0
700,3
700,11
60,0
0,0
0,11
350,0
2800,11
788,8
1500,4
2364,13
0,0
500,11
700,11
6000,11
1800,11
300,3
788,0
788,8
778,0
0,8
120,0
400,0
0,0
0,0
900,0
500,0
0,0
3500,15
200,0
550,1
950,4
0,0
100,0
788,0
600,0
0,0
400,0
2424,11
0,0
1400,15
600,7
850,11
500,4
788,11
1200,9
6000,11
0,0
700,0
300,3
700,5
1150,11
750,0
200,0
1000,8
600,0
500,7
15000,15
788,4
3000,0
800,0
300,0
300,7
1500,0
788,11
300,9
980,15
400,9
1500,15
0,0
300,8
1100,9
1200,10
150,0
780,5
788,11
788,8
800,5
500,10
147,0
0,0
500,6
788,0
300,4
200,0
4000,0
500,8
700,8
700,15
2500,0
500,4
788,5
580,0
1200,0
1500,0
1000,11
1200,14
2200,15
0,12
788,8
870,0
900,1
1500,3
720,6
1200,5
5500,15
1200,6
500,8
788,0
788,9
788,2
2000,14
788,0
788,2
1000,11
788,6
788,5
780,0
4500,8
350,4
2000,0
0,4
0,0
1300,11
4000,14
1200,8
788,0
788,4
500,9
500,4
300,2
188,0
500,0
0,0
1000,2
0,4
1100,0
350,3
300,4
400,3
250,6
300,2
400,11
600,2
800,5
788,11
200,0
1000,1
700,0
400,0
400,5
250,5
1495,11
300,1
500,11
1160,11
0,0
300,7
400,5
500,11
400,11
380,6
2395,14
400,8
788,6
150,3
1800,14
1000,1
500,4
500,3
788,4
0,4
395,2
500,5
500,0
1000,10
788,11
1200,3
1900,15
1000,10
1500,3
500,14
1875,15
800,11
500,11
700,9
2300,15
3500,6
2300,8
900,5
678,3
300,5
780,2
1200,0
240,2
2400,0
600,4
860,11
710,0
200,7
300,8
300,7
200,1
200,4
500,8
788,2
600,5
0,2
300,1
1200,11
300,2
300,2
1400,12
1400,15
1200,15
300,4
900,9
700,1
1200,15
700,11
700,11
4000,4
700,3
400,4
500,2
300,5
450,7
0,9
650,0
788,11
400,1
788,11
500,5
600,1
788,11
3800,15
400,5
2800,15
500,4
400,0
788,11
500,0
400,0
1200,15
300,0
400,5
500,0
0,0
400,0
350,7
400,5
1500,3
700,8
2100,11
1900,11
788,9
788,11
450,4
400,1
400,0
400,11
0,0
300,0
0,0
0,0
400,0
400,0
300,0
840,11
788,11
700,4
2000,4
788,11
788,5
800,11
240,4
1200,11
788,8
400,11
788,7
500,8
320,7
400,0
470,3
0,3
1200,8
300,3
200,0
788,11
700,4
800,14
150,0
1000,11
2000,0
2300,15
300,0
1400,3
788,0
1300,15
0,0
300,0
15,2
200,2
100,1
200,4
250,0
788,0
788,11
500,0
400,0
800,10
1500,4
150,4
300,0
788,2
800,0
1500,4
200,0
250,5
100,0
0,3
150,0
0,1
100,2
250,8
400,3
300,0
1670,11
788,11
788,0
1500,0
788,5
788,11
1000,8
3500,15
2300,11
3200,11
3500,0
500,4
1500,8
1500,0
1800,5
1200,6
810,0
1500,0
900,0
600,5
600,0
350,0
1500,11
2000,1
1500,3
600,8
788,6
800,0
2000,11
1200,10
1600,15
788,2
2400,5
3000,4
800,5
1100,15
1500,15
2000,0
1200,6
1576,11
825,11
1900,11
450,3
788,11
788,8
0,0
6000,10
1400,11
1000,15
2300,15
5000,15
1200,5
2500,12
900,11
900,12
3500,8
900,0
6000,4
1200,1
900,8
1200,8
788,0
0,3
800,6
1000,11
900,11
500,11
900,7
788,11
788,4
5000,8
1000,7
1000,8
1000,8
1600,0
180,11
1500,8
788,8
2000,1
800,7
0,1
788,12
1200,6
400,6
400,11
600,0
3500,11
2200,14
874,11
1500,15
250,1
500,10
2000,11
1100,11
500,11
1200,8
1400,11
1200,11
788,3
900,12
100,5
100,2
2367,11
5000,15
789,6
788,5
1578,10
150,3
720,10
789,8
280,7
2700,11
400,11
400,7
8000,15
500,15
788,11
2232,15
3000,13
0,7
1200,11
788,11
2300,11
950,9
788,11
788,11
600,3
500,5
600,0
600,4
3000,11
2500,3
500,11
3200,15
1000,0
1160,6
800,4
788,11
788,11
900,11
980,15
1000,4
3700,15
1578,15
3000,1
800,8
1400,8
1500,15
1000,11
600,5
788,11
200,0
200,2
200,8
600,4
100,9
600,11
400,4
500,8
200,5
800,11
1000,1
788,2
500,5
700,6
1400,15
2000,11
690,14
600,1
200,4
1000,5
130,3
600,11
350,5
400,5
500,6
200,0
300,8
900,8
900,15
1000,8
600,5
500,8
1000,2
1500,0
300,10
300,11
700,3
300,0
500,0
400,6
500,3
500,8
350,0
1000,8
788,6
1560,14
1500,11
1500,15
1500,11
788,8
788,4
400,10
500,4
500,10
300,0
2500,4
500,0
500,4
1170,3
700,4
700,5
1800,9
800,4
800,4
500,9
1000,8
800,3
800,8
1400,7
0,6
1200,3
788,4
1014,11
100,1
350,7
1000,4
900,11
900,10
3900,15
1500,11
600,11
1600,11
900,15
700,11
2500,11
900,5
600,5
500,2
150,3
900,11
400,0
450,5
500,11
2000,11
1100,11
788,5
2100,4
6500,15
600,4
400,2
800,2
350,0
200,2
200,4
400,0
788,8
450,0
789,4
800,2
800,8
900,5
500,8
800,11
780,11
1200,8
850,9
1200,8
600,2
500,8
700,8
788,11
788,4
900,7
1000,8
788,0
4000,11
600,5
788,8
1800,13
1300,11
5000,15
1800,11
300,11
2400,11
180,0
600,1
788,0
3000,10
1600,12
788,15
2000,6
2000,11
1500,0
1200,11
2800,15
1400,11
2000,11
1000,13
4000,11
500,8
4000,13
788,11
1200,2
2000,9
0,15
788,11
900,11
1000,13
788,8
5000,15
3000,15
5000,15
5600,15
3000,0
700,15
788,0
788,11
1100,11
1620,11
400,9
1200,11
1000,8
788,4
2000,8
1239,12
2000,15
1576,10
5500,15
600,6
830,11
17000,15
2000,11
1120,11
400,8
1800,11
1500,11
5200,11
100,8
1500,15
8000,11
788,4
4000,11
400,11
1500,11
788,11
600,12
788,4
2000,7
2000,5
2500,11
800,0
1400,7
800,7
3000,4
1200,2
12000,15
2000,11
800,8
750,10
450,0
300,3
900,11
1800,10
300,12
788,5
1200,2
1100,11
300,15
1500,1
1100,11
788,5
890,7
2000,1
3980,15
150,11
4000,15
910,9
1500,11
2000,8
4000,15
1500,11
1500,11
1600,11
788,11
6000,11
2500,11
1500,1
2600,11
1300,6
5000,5
1500,4
1500,15
350,11
600,9
800,4
2200,15
1000,5
400,5
3500,11
1400,13
1200,8
1500,0
900,13
300,8
4890,11
1000,8
2680,11
1500,11
788,8
2800,11
1576,11
5000,15
5000,11
3500,12
10500,14
1000,15
2364,15
5000,11
5500,11
3000,11
400,5
1607,8
200,0
1500,10
3300,11
500,11
788,7
500,11
788,11
500,11
1500,1
600,6
350,11
2000,10
800,11
500,10
2093,11
1000,15
1300,15
1200,11
250,11
6000,15
10000,15
2800,13
2500,11
2000,15
6000,15
2500,11
1600,15
5000,11
788,11
788,11
5000,0
5000,7
3000,6
1000,8
1600,11
5000,14
20000,15
4000,11
4800,15
1000,11
880,11
1000,15
800,11
2000,11
600,11
1700,4
800,5
500,0
2500,11
800,0
2800,15
1200,11
788,11
450,8
900,11
1200,8
2500,13
2000,11
250,0
1000,11
2500,13
1000,3
900,13
1550,5
1516,12
700,8
0,12
2500,11
3000,15
50,5
600,6
788,11
2200,11
1300,11
790,11
3500,11
900,0
1800,4
2000,11
5000,11
4000,12
788,1
788,11
788,8
4000,5
2100,15
600,11
788,9
1600,9
800,5
788,8
1900,11
1300,11
788,9
1200,11
825,5
300,0
600,4
1000,11
2000,11
2100,15
2000,8
5800,15
1500,11
800,11
1300,11
700,8
1300,8
1000,11
2300,11
1100,11
600,6
1098,13
4000,9
600,3
788,6
8500,15
700,4
788,4
3000,11
970,11
2300,14
1500,5
1200,15
1000,11
2000,14
6000,15
3000,11
1090,11
788,11
900,12
4000,11
1840,11
1200,15
1200,11
3000,5
1530,11
750,8
700,8
2200,14
1700,11
1200,11
1200,4
1000,8
1600,15
1000,11
1200,11
400,1
1000,11
900,11
1600,11
800,11
1270,15
450,10
1576,11
980,11
1490,10
1000,11
800,5
788,11
2500,11
1430,11
1958,11
900,4
1100,9
2500,11
1200,15
4000,11
820,11
880,14
1100,11
850,11
1700,15
3000,11
800,8
870,11
1200,14
1325,11
1500,11
2400,11
400,8
800,11
788,5
820,7
1500,9
600,13
4200,15
1300,15
3500,15
8000,15
2000,12
824,7
1600,15
1200,7
1000,11
910,11
1500,11
2500,11
90,8
500,11
2700,8
2200,5
1200,11
788,11
1200,8
1500,11
788,11
1200,11
1000,11
1400,11
788,11
3000,11
1100,6
7900,15
2000,11
13000,15
5500,11
1800,11
2000,11
1800,11
5000,15
4000,12
3300,15
3500,11
6000,15
788,11
1850,15
900,11
788,11
1000,11
3000,11
1200,11
1500,5
2000,8
788,15
2000,10
9000,15
0,11
1200,11
788,11
788,14
890,7
788,0
3500,14
14200,15
7500,11
5600,15
800,8
1000,11
1050,11
1200,11
600,0
1100,11
1200,11
500,0
15000,3
5000,15
788,6
3000,8
1600,3
6000,15
5000,11
22000,15
3500,15
2500,15
3200,11
4000,11
2500,15
3170,11
1500,12
3200,11
1500,11
3000,11
3000,15
2000,15
788,11
6000,15
250,2
1600,11
2000,11
1800,0
1500,11
1400,10
932,11
788,7
1500,11
800,11
788,11
0,6
600,5
788,7
1500,11
3100,15
800,11
1200,12
1900,12
1100,11
2400,15
1300,11
1200,5
2400,15
788,11
1000,4
1056,5
1200,11
830,9
600,5
788,11
1500,11
920,10
910,5
700,5
886,6
1300,11
1292,11
500,11
788,7
1200,5
1000,11
788,3
300,0
1800,11
700,8
2000,14
600,11
968,8
3800,15
1300,11
830,10
800,11
1000,14
1700,11
1700,11
800,8
700,11
2000,4
1900,11
700,5
1100,9
788,3
788,11
2000,5
450,3
900,5
4500,15
0,11
2350,5
4540,15
3945,12
3400,15
3500,15
6000,14
8000,15
2600,15
8000,15
2000,11
5000,15
1900,15
788,9
2000,15
2000,11
1180,11
1100,15
1500,15
1900,5
1800,7
1500,15
1600,6
3000,15
10,5
1400,11
2000,15
600,11
3000,13
1050,15
10000,13
2500,15
8000,15
11000,15
10000,11
2300,15
2700,15
752,15
3000,15
7500,15
3500,11
1500,5
1300,13
10500,15
3800,15
2000,15
3000,13
4728,13
1200,15
3500,15
5000,15
4000,15
700,7
800,12
5000,11
1000,11
788,0
800,11
1000,4
3500,14
150,0
2500,11
14000,12
5500,15
1800,15
2000,15
10000,11
7000,15
7000,12
1000,11
5000,15
1800,11
2500,14
2000,8
2500,8
4000,11
3000,11
1800,14
3000,11
2800,15
1200,11
788,4
3400,15
2500,6
1000,14
2500,15
8000,15
14000,15
11500,15
2000,11
7000,15
15000,15
6000,15
8000,11
4000,15
5000,15
1500,0
2000,9
4000,15
5000,15
6000,15
1700,15
5000,15
3000,15
3000,15
2800,12
2000,15
3000,11
2000,11
3500,15
1000,11
1000,4
1600,11
1300,14
6000,11
1500,11
500,11
1280,10
80,4
1000,11
500,11
1900,11
789,8
3000,11
1200,11
5000,10
788,11
2200,0
10000,11
2500,12
2800,11
3200,11
1600,11
1800,15
788,11
2300,15
1500,15
1200,7
788,9
1200,15
788,2
7000,15
2400,7
4000,15
1500,15
2500,14
1800,11
4000,11
880,14
788,3
3000,6
1599,14
800,12
6000,11
12000,15
1400,2
800,0
834,11
1200,11
900,11
1000,15
1200,12
789,11
1000,11
990,11
0,11
1300,11
609,11
1500,11
720,11
1200,8
320,5
812,9
800,2
1281,5
3200,11
800,11
1200,15
1000,8
788,6
2000,11
1200,6
1500,11
900,2
788,5
1000,5
788,11
2750,3
788,0
1500,11
350,4
2000,11
960,11
800,7
1600,5
2500,8
1200,8
788,12
100,8
1500,11
1500,4
300,11
780,0
788,5
2200,14
2400,11
1000,4
1190,15
500,8
1100,11
830,8
1400,11
1100,11
750,7
788,11
2780,15
1100,11
1925,5
275,11
400,4
1035,11
788,0
1500,11
1200,13
2000,0
1300,7
250,11
1100,11
700,11
900,11
1800,0
1100,11
7000,14
1200,11
790,8
360,0
1000,11
1550,11
1200,10
3000,11
1040,11
1200,7
973,5
1000,8
600,0
788,10
810,11
788,10
2000,6
1200,5
1980,11
1500,11
1100,8
800,8
2500,15
0,11
888,11
1000,11
1400,11
910,11
0,8
1590,8
1000,11
1065,11
800,3
300,8
200,0
500,10
1000,4
1000,3
3200,11
820,5
788,8
1500,14
500,0
1100,11
600,0
6000,11
788,7
700,8
1500,8
1400,7
1300,0
1500,14
2000,11
1700,13
2000,15
3500,13
4000,15
5000,15
1800,15
500,6
2000,15
1800,11
3500,15
725,11
2900,13
1600,11
600,10
4000,11
2500,7
3000,7
1400,8
2500,11
300,11
500,11
1200,3
2000,13
1600,11
5000,15
1400,15
800,8
200,6
100,7
700,11
2500,15
3500,15
2000,7
4000,14
200,1
1200,5
788,5
1500,11
1000,4
3500,15
1200,7
860,12
1000,11
1200,11
2500,4
1500,11
2800,13
1400,8
1200,7
1500,11
1200,11
2800,15
788,15
1500,11
5000,11
350,0
1400,3
1200,12
1000,7
2000,15
1200,11
2000,15
300,10
3500,11
1000,10
1300,10
2000,11
1200,11
350,11
170,7
800,10
2200,11
2500,6
2000,11
2000,8
1200,11
788,9
1000,0
922,13
4000,15
300,10
788,5
788,2
800,5
865,11
1200,11
788,12
8500,11
200,1
900,11
300,15
4000,11
500,0
400,0
900,11
1508,13
2000,5
1800,11
788,8
1500,12
788,11
1200,15
998,4
2500,11
4500,8
1000,10
950,11
300,5
3000,4
800,11
788,10
1577,7
4250,11
3400,11
4200,15
4800,15
2500,15
3850,12
3000,15
2290,15
2800,11
1104,9
3800,13
3000,11
3500,15
1090,11
1700,11
350,14
3000,15
3000,11
4812,8
788,11
1200,11
788,11
1200,6
1200,11
1200,4
1000,3
1200,14
1200,8
800,10
1000,11
788,8
2000,10
1000,11
1500,4
788,1
788,11
1200,11
788,8
1600,0
1300,0
1800,8
400,11
8000,11
800,11
800,8
1000,6
800,5
1200,8
700,8
1200,8
1000,5
1000,0
950,4
800,11
1800,11
1500,11
1500,0
900,8
1200,6
900,12
500,0
788,11
800,0
200,9
1000,0
1500,0
400,8
1200,6
1800,11
2000,11
2400,6
1500,0
450,4
788,5
2800,8
1600,11
788,7
1000,11
600,11
300,11
800,10
3000,11
800,11
928,11
3000,11
1200,11
4000,11
300,7
1800,11
4000,0
200,1
800,3
1000,11
600,8
4000,15
1700,11
400,2
600,5
1000,5
4000,15
1000,11
1000,11
2500,15
788,1
1039,11
788,11
800,11
830,11
800,6
500,7
830,4
1152,11
3000,5
788,3
1200,11
400,4
300,2
850,1
1200,11
2000,8
984,11
1372,11
1000,8
788,3
940,2
950,11
2000,14
1500,8
1500,11
2000,5
2000,0
2500,11
1600,14
4000,15
1500,5
1100,11
1050,11
1500,9
788,8
1200,4
775,15
976,8
2100,0
1300,11
950,11
600,2
788,6
2000,8
1000,11
1200,6
1500,11
1500,0
900,11
1500,11
1800,11
3000,7
500,3
800,11
1400,11
2000,15
2800,11
2000,11
350,9
1000,6
2000,11
900,11
2000,8
1800,8
922,8
1100,11
2300,10
600,15
600,4
1000,1
2500,8
500,7
250,7
1500,11
2000,11
1018,15
900,3
1000,11
780,11
1200,5
1600,8
788,0
788,10
400,8
810,5
788,11
850,4
788,9
500,15
6000,15
1200,11
980,11
600,0
2100,11
150,8
1100,11
1100,0
800,11
2100,11
1200,11
1600,0
6500,11
600,8
700,11
788,7
788,5
500,6
788,8
788,7
788,7
500,4
788,11
788,11
3500,8
2500,11
800,5
980,11
900,0
900,11
788,8
3500,11
1200,3
1200,2
5000,15
1500,11
120,7
1900,11
2000,5
1040,5
970,11
1380,11
1200,8
350,0
1200,11
800,4
800,8
1000,11
500,11
788,6
2000,11
788,11
1000,7
4500,13
800,11
1500,9
788,11
980,11
815,11
1500,11
1200,1
1200,8
1800,11
3000,11
1000,11
900,8
788,0
788,0
788,8
1600,11
1500,6
1200,6
788,7
788,4
300,11
1000,7
300,11
1000,11
788,7
1500,0
1150,12
3300,8
1216,5
1200,5
1200,8
4000,5
300,11
1000,4
788,4
1000,11
400,10
900,11
400,5
1900,11
400,0
1200,5
1500,8
1086,10
600,2
300,7
788,15
500,11
100,11
2800,6
1200,11
788,4
788,7
500,8
850,4
788,0
850,4
1400,11
788,4
950,10
1500,11
300,11
400,5
788,0
600,11
788,11
450,8
1100,15
500,9
380,5
0,4
500,9
350,9
0,4
400,3
560,11
1000,15
788,9
1300,15
500,8
1400,11
600,10
788,5
788,2
0,0
788,5
250,0
700,4
825,11
1700,4
788,5
300,4
200,5
150,8
500,2
300,1
300,6
1700,7
2000,7
600,7
2500,11
2000,11
1200,8
1800,0
400,0
1097,5
1000,11
1800,4
788,11
788,11
300,0
800,8
400,11
400,8
400,4
1200,11
788,15
400,7
500,7
400,0
300,9
250,10
920,11
100,5
500,6
150,5
200,5
120,8
250,4
190,6
788,0
250,0
150,3
1200,6
250,4
200,15
100,2
200,2
100,11
200,8
150,8
818,11
250,3
200,5
500,4
300,3
200,4
150,2
100,8
200,5
1200,15
100,8
920,15
50,10
50,4
70,8
50,7
150,8
70,8
60,8
80,9
75,5
50,8
60,9
3000,15
1400,11
1200,8
800,11
1200,11
788,11
1300,11
0,10
600,11
1200,6
15000,15
1200,8
1500,11
1200,11
1600,9
900,8
800,11
1500,8
780,10
800,8
900,15
788,6
700,0
1200,11
788,8
600,4
788,11
200,11
200,2
788,11
0,9
788,11
1270,13
480,4
788,11
350,3
2833,11
788,11
1039,15
0,5
700,3
500,9
150,9
400,2
0,0
350,2
420,8
1250,8
395,4
400,0
700,13
788,11
500,0
600,8
1200,15
1083,5
2000,11
800,11
1200,10
1200,11
1200,11
1200,9
300,4
300,5
2000,11
200,0
150,0
788,4
970,11
800,9
300,11
1000,4
1243,15
1000,5
788,11
700,11
300,6
700,2
788,15
262,3
900,5
400,4
3000,9
1200,2
1300,11
600,4
300,2
400,5
400,3
350,2
400,8
0,2
1000,8
400,6
150,2
2000,15
100,8
788,14
150,8
788,11
400,8
600,0
50,9
360,7
350,1
150,8
1600,8
900,11
500,6
2500,15
500,1
2000,14
1500,1
788,11
2000,6
2600,15
788,4
500,0
500,8
1000,11
788,5
1600,11
788,5
2000,6
788,8
788,3
650,8
1250,14
788,11
3681,15
500,2
800,8
600,5
700,5
788,10
0,7
788,3
1000,11
1200,13
788,4
400,0
900,11
600,3
788,0
0,8
1600,8
0,0
5000,11
400,11
1000,4
1200,10
800,10
400,11
788,9
900,8
1200,7
3000,6
2100,10
788,10
1300,11
1200,15
600,11
500,7
500,10
788,5
0,1
0,8
420,8
600,0
0,7
1230,7
788,11
100,8
0,3
0,1
800,11
0,0
0,1
500,4
0,8
0,11
0,11
0,8
0,1
0,2
0,0
800,0
300,15
1100,15
1000,11
500,5
1256,11
800,11
0,4
1750,4
986,8
500,3
0,3
1300,15
600,11
1600,7
500,5
400,1
850,2
0,10
1500,11
0,4
1090,11
850,11
600,5
500,8
500,5
1000,8
500,11
788,11
1300,15
1200,11
3000,15
500,4
500,4
0,0
500,0
900,5
600,4
500,11
4000,7
600,2
700,5
1500,0
2000,11
850,11
500,11
1800,15
150,2
200,3
300,4
200,9
250,3
200,4
200,4
100,4
150,1
100,6
300,0
300,4
200,1
0,0
200,1
500,1
1480,2
150,10
200,5
300,5
0,3
600,7
500,0
400,3
200,3
200,3
600,11
788,10
1600,11
2000,9
850,11
3500,15
2100,10
700,8
1480,15
700,7
1430,12
788,11
600,11
800,11
1250,15
788,11
300,0
700,8
788,11
900,14
600,11
2000,11
500,11
300,11
400,1
900,11
1400,15
1500,11
1500,8
2600,11
3500,15
900,8
960,8
600,0
1000,12
1300,15
788,6
300,8
300,4
788,5
500,0
900,2
600,3
0,1
400,0
800,4
6000,15
2000,11
900,8
800,1
788,6
700,7
800,11
6000,15
450,6
2000,11
1960,11
1500,11
1520,15
1100,15
700,3
500,5
700,3
1200,12
300,1
600,1
400,4
400,3
1000,9
400,2
120,9
200,10
200,2
390,9
0,5
250,8
600,15
3000,11
0,3
2000,15
1000,11
1500,15
0,4
788,8
788,15
0,2
0,11
0,2
0,0
400,0
0,2
0,0
650,0
4000,10
0,5
0,4
0,0
350,7
280,9
0,6
280,11
800,4
300,11
450,2
500,8
0,0
0,0
150,2
2000,11
1100,8
788,11
1300,11
2400,6
788,15
1500,11
2000,5
1500,12
1420,11
200,0
1800,5
788,1
2300,11
2000,11
1100,11
1400,11
2000,11
4600,15
600,11
300,11
1200,5
600,3
300,11
400,0
700,11
850,7
600,11
300,0
400,4
788,4
1300,11
1000,0
5000,11
300,4
0,5
788,11
0,0
600,0
3500,11
5000,11
300,9
3200,15
5000,15
1600,15
1300,5
400,11
5500,15
800,11
100,1
8000,15
1020,14
7000,6
2000,11
788,7
2000,11
900,13
7000,11
500,3
700,11
2000,11
1500,15
3500,14
1500,12
2700,15
4500,15
8000,15
788,4
5028,15
3200,11
1000,15
1800,11
12000,15
5000,11
4000,11
3200,14
6000,11
300,11
6000,15
12000,15
8000,15
6000,15
8000,15
5000,11
2300,12
2000,15
4000,15
1700,15
700,15
6121,12
600,1
3500,15
1300,11
1200,11
700,10
2000,13
788,4
600,11
788,4
6000,15
8000,15
900,11
1200,11
4000,15
1600,12
1500,11
5000,11
1200,11
18000,15
0,8
1600,11
2300,12
6000,4
808,11
1460,11
1500,8
800,0
788,11
7000,11
2800,14
1500,11
1300,10
2300,6
2400,11
1050,15
1500,8
1500,15
2200,8
2000,11
3500,15
3500,11
3000,11
7800,8
2000,15
2500,15
2100,4
1200,15
5000,14
10000,15
4000,15
1500,15
2000,11
1600,11
1500,4
700,2
788,12
4000,11
1400,11
1045,11
600,5
1350,11
788,15
2000,11
1200,11
0,5
1800,14
788,13
6000,15
7000,15
800,9
788,3
600,7
2000,15
900,11
1500,15
1200,11
800,8
2000,4
1000,10
788,10
500,2
788,14
5000,15
930,1
1650,10
200,4
808,10
1515,13
1200,8
788,9
1200,11
1500,0
1200,11
1700,15
1500,11
4100,15
788,0
1600,11
800,7
900,6
900,11
1250,10
1200,7
992,7
1300,8
200,0
1000,4
808,11
1800,11
788,11
2500,14
1200,11
1000,11
1000,11
4000,11
788,11
800,11
788,7
3000,8
400,9
1500,5
1100,11
788,8
2500,9
800,11
1200,12
788,0
960,0
360,11
1500,15
788,11
788,8
1400,11
2000,5
1100,13
1400,14
2000,15
788,11
400,11
788,11
788,11
1000,11
500,11
1200,8
350,0
600,7
500,11
1200,13
1700,11
1400,14
1200,11
788,11
1500,11
3000,11
2800,15
1100,13
788,13
4000,11
500,11
3000,8
788,8
2000,11
3500,8
1000,11
788,15
3000,15
5000,8
788,5
910,11
1500,11
1000,15
788,3
250,8
700,2
788,11
700,3
200,6
1800,11
2500,6
6000,11
1000,7
500,4
788,7
788,1
1700,10
2200,11
240,0
788,0
788,0
788,5
800,11
1000,11
2000,15
1200,14
3000,9
3000,4
1200,11
788,11
788,3
3278,14
1200,11
2200,11
1150,14
1500,0
788,11
1200,11
800,11
1400,8
900,11
2500,4
1892,15
700,8
1000,11
1080,11
0,4
3000,15
800,8
918,11
8000,15
1150,11
3000,14
4000,15
2300,11
1000,15
788,4
1500,14
2000,14
6000,15
2039,15
1360,8
788,4
788,4
3000,15
788,8
788,0
1032,11
788,11
788,8
1800,11
1500,11
500,8
788,8
1000,15
788,4
788,7
4000,11
20000,15
1500,15
2000,15
4000,11
4100,11
1700,15
700,5
300,0
600,4
900,8
5800,15
4800,11
1100,11
1200,14
4000,15
1300,11
1300,11
300,8
1800,8
500,11
800,8
2100,11
788,11
788,5
1200,11
5000,15
788,8
1600,11
700,8
5000,15
3000,15
2000,15
788,7
2500,8
700,11
8000,15
1600,12
788,13
1800,7
2800,11
1000,0
1000,4
788,8
2000,11
6000,15
3000,13
2500,14
1300,2
1500,0
850,11
2300,6
500,0
1250,7
3000,10
400,4
6000,15
3200,15
4000,12
750,5
2300,11
2300,15
600,8
900,8
788,6
1901,15
900,7
2600,15
330,4
788,6
400,6
4000,6
1000,3
1600,12
1000,7
1500,5
300,10
800,2
600,9
788,3
788,6
600,4
900,6
788,10
500,1
120,0
1000,11
400,4
500,0
720,11
450,0
400,0
788,11
788,6
1000,0
1000,0
1500,10
1000,1
250,2
500,2
250,0
600,7
400,0
400,2
600,0
600,1
1000,0
2400,0
800,8
0,0
500,0
10000,4
788,0
800,3
788,0
1000,7
500,0
500,0
1000,10
700,1
300,1
700,0
400,3
788,3
788,6
2000,11
788,0
500,0
900,7
800,8
1200,12
788,8
1800,11
350,5
2000,1
788,2
200,8
788,11
800,0
788,0
788,5
1900,10
1200,11
1200,15
788,11
1500,12
788,11
2597,15
700,8
1200,14
1000,11
500,5
800,11
1100,11
788,10
1114,14
800,11
1500,15
5000,11
8000,15
1100,11
2000,0
828,14
1320,12
1630,15
788,6
6000,11
800,11
5150,11
3200,15
788,13
300,0
2000,11
0,3
800,6
1600,15
0,3
0,0
0,0
250,9
0,6
530,6
1800,11
1200,3
0,0
0,0
400,0
1000,8
400,4
100,0
1200,11
400,10
788,15
788,8
250,2
1800,11
480,4
1500,10
860,4
1100,11
1400,3
788,11
788,11
2600,4
1000,11
700,3
1500,15
1218,15
1000,5
3000,12
788,5
1000,11
700,8
788,11
200,0
1000,11
1500,15
600,15
500,11
600,0
2433,12
1500,11
300,0
788,0
500,5
300,4
6000,9
1500,6
400,5
788,0
1300,5
800,11
0,11
1100,11
350,3
741,8
70,10
1000,7
0,0
300,5
1500,11
500,5
1100,3
200,0
1200,11
1510,7
1250,15
1800,6
1300,3
1570,8
1480,11
1560,15
1700,3
200,0
650,5
400,1
1510,11
300,4
350,4
788,11
250,11
700,3
788,6
500,0
500,3
0,4
1000,7
600,7
2000,12
850,4
700,5
0,11
300,3
300,0
4000,11
440,11
395,11
500,7
3000,11
400,7
788,5
2500,11
1000,7
800,7
300,0
800,7
1553,15
1200,15
1200,8
750,3
300,1
700,0
400,0
600,10
700,9
1200,7
1200,11
1900,10
1450,10
900,11
1500,11
1180,11
350,3
900,4
780,3
1200,7
4000,11
1200,11
1500,3
2300,6
780,11
2300,5
700,4
1750,8
900,11
900,10
400,0
1400,5
780,4
1400,4
7000,11
1600,15
350,2
0,2
400,5
300,9
0,2
900,8
600,5
2300,8
780,0
0,3
780,8
7700,15
950,11
1450,6
1500,4
780,4
900,10
1200,15
1400,4
1000,11
788,3
5000,6
2000,4
5000,9
1200,11
30,4
2200,11
2000,0
2300,8
2000,10
2500,11
788,0
105,8
1576,4
2200,5
2500,1
10000,15
750,11
3200,11
1200,15
2115,15
788,11
3200,11
1576,11
1600,11
2000,11
2166,11
12000,15
500,11
1300,10
3000,8
1500,11
1500,8
1800,8
4000,8
1000,4
788,15
1200,11
4000,15
788,11
5000,0
5000,11
2100,3
3000,15
1100,11
2100,11
5000,8
3700,11
2000,11
1500,8
2500,6
1900,5
2000,8
3500,15
2800,11
1500,5
2000,8
2500,8
1500,8
3000,0
150,2
900,9
788,11
1500,10
3500,11
2800,8
1710,4
2500,8
2200,11
1650,11
1600,8
3000,15
1500,9
800,6
1500,7
2500,11
1500,11
800,4
788,11
800,9
2500,11
1500,8
788,8
1000,9
1500,4
800,10
700,10
1000,11
870,11
1250,11
850,11
788,5
1000,3
1500,11
788,2
1250,11
1200,5
1200,11
700,11
1000,11
788,11
120,6
1800,5
525,15
1000,1
788,4
300,5
1500,8
1600,11
800,11
788,11
750,8
700,12
890,11
2600,10
992,11
1500,10
150,11
850,5
400,2
3200,12
0,11
20,15
4000,15
10000,15
5000,15
1500,11
788,15
900,8
3000,15
900,8
1000,5
1200,15
700,10
788,6
1500,11
300,10
700,11
700,10
788,11
6000,15
4000,15
1500,14
5500,13
788,11
788,11
500,7
788,11
2000,8
7000,11
500,11
830,7
11000,11
1200,9
1200,10
920,10
788,0
900,11
1250,11
1500,11
1800,15
788,3
800,5
1600,14
2600,11
2100,15
1000,11
800,13
3000,11
1500,11
1100,15
1500,11
500,11
2000,11
788,7
5000,11
788,8
788,11
6000,5
2000,0
210,8
500,8
600,0
850,11
1000,8
813,9
1500,11
1500,11
500,8
280,11
10000,0
500,2
830,5
1034,8
788,11
0,11
1000,10
2000,11
850,10
200,5
670,11
300,11
1100,2
3500,11
1500,15
1900,15
1700,15
1200,11
4000,15
788,11
600,9
2000,8
1000,11
1000,11
700,3
600,11
400,4
5000,8
788,11
700,8
900,7
1250,11
700,10
820,5
900,11
400,6
788,8
788,10
600,8
788,8
800,0
1400,7
800,4
950,10
900,8
2500,11
900,11
1000,11
1500,8
1200,11
800,7
788,11
800,10
900,6
500,11
1100,15
1100,10
788,4
950,11
900,10
788,7
800,11
900,11
788,9
1250,11
1150,11
1200,4
1150,11
700,11
700,6
900,11
2250,15
800,5
700,9
950,5
850,6
500,10
800,3
400,15
788,11
500,8
1500,11
300,8
850,12
1000,5
900,10
600,10
1100,8
788,8
788,10
800,11
500,3
1250,11
850,11
1150,11
1000,11
900,8
1400,8
800,5
4000,11
2000,11
350,7
1300,11
780,11
1100,11
784,8
700,11
3000,15
3800,11
7000,15
18000,15
4000,15
12000,15
1250,11
9000,15
5000,15
6500,15
11000,15
15000,14
847,11
5000,11
500,11
200,8
150,8
2000,11
1000,6
1860,15
788,8
600,7
2000,15
2600,11
120,12
220,11
5700,15
5000,8
5000,15
2700,14
4000,14
2000,15
10000,15
600,4
2600,12
1600,8
2000,15
788,11
900,13
15781,15
2000,8
1350,12
2500,11
900,11
1020,15
70,11
1750,11
5000,15
1200,11
280,12
5500,15
4000,15
5500,15
900,11
500,8
1500,11
3000,11
2500,13
3152,15
788,11
800,11
950,11
900,11
300,8
450,11
1600,11
1800,15
840,10
1200,11
801,11
950,11
1950,14
700,5
1200,11
800,5
800,0
1300,5
850,7
250,5
900,8
0,11
1300,6
788,8
700,11
2350,15
788,11
900,8
1250,11
788,11
800,6
600,5
900,11
500,8
5000,11
800,11
800,9
1000,7
1000,11
1200,8
1200,11
950,11
800,11
980,10
1050,11
700,8
2300,15
550,6
300,10
760,8
2400,11
800,11
2500,11
1200,11
1000,11
1000,11
1100,11
400,8
1240,11
200,0
700,8
800,11
400,8
1300,14
788,4
1100,11
1200,11
1750,14
2800,11
2000,15
1250,11
1000,11
1100,11
1200,11
1400,8
1000,13
2500,11
2700,15
850,11
850,6
830,9
900,11
300,8
1500,11
788,11
1100,8
1000,1
400,0
1300,8
1000,6
900,11
1000,7
1150,11
1500,11
788,3
800,7
788,11
910,11
3000,8
788,9
550,11
800,11
700,8
900,11
900,9
2950,15
800,3
878,11
700,8
600,10
800,11
1170,8
400,5
1000,11
850,7
800,11
150,0
1200,4
890,11
800,8
700,7
900,8
788,15
250,0
788,8
650,8
850,11
400,8
950,11
1200,10
850,11
500,9
800,4
1200,11
1900,11
0,15
788,11
788,0
850,11
788,11
788,8
900,11
850,11
788,5
1200,4
1500,5
3000,8
1000,10
985,9
980,5
1200,10
788,8
1100,11
700,10
900,11
600,8
750,0
250,4
700,6
790,6
1500,6
700,5
800,4
500,8
1000,5
0,5
250,6
788,8
400,11
500,11
700,5
1150,11
500,10
700,0
850,7
950,10
600,4
300,7
150,3
788,7
788,7
200,7
900,11
400,11
1200,11
850,11
950,8
1000,11
900,11
800,8
800,7
788,11
800,11
630,8
830,11
850,11
850,8
1000,11
480,0
788,7
900,13
1600,11
850,11
788,8
860,11
788,10
950,11
1300,11
950,11
550,11
350,5
500,4
700,5
500,7
1500,11
1000,7
788,6
788,8
500,8
700,10
500,5
788,9
2000,11
1800,11
788,11
700,11
450,11
2000,11
1850,11
800,4
1400,11
788,4
250,0
800,11
990,11
1100,11
900,8
4000,4
400,11
2000,9
250,12
480,8
900,5
1200,0
788,5
1200,12
788,14
788,3
2000,8
1500,7
350,8
35,1
1500,0
1300,11
788,8
1450,13
1300,5
788,11
1200,11
700,8
750,8
1200,11
800,8
500,4
1000,8
1000,11
900,8
900,11
1200,8
600,4
600,11
500,7
800,11
500,8
650,11
2000,11
788,11
788,10
1000,9
5000,5
2100,14
3000,10
5000,15
950,8
1350,11
2000,11
700,0
700,5
1000,4
1000,7
788,11
850,11
850,6
850,0
788,13
350,11
380,11
1500,4
600,11
500,4
1200,6
40,0
130,0
1000,11
0,5
2000,11
1000,9
788,5
1200,7
788,15
900,11
400,9
400,3
400,0
600,1
500,0
50,0
0,1
400,2
500,4
600,0
800,3
900,8
900,9
788,8
788,15
1500,1
950,11
500,3
500,0
1000,2
650,2
600,11
1600,9
600,2
700,4
700,6
1780,10
700,2
3000,10
200,2
500,1
300,3
300,2
150,5
3000,2
1350,15
1000,3
200,3
600,3
700,6
980,11
788,11
500,2
980,6
3000,11
600,7
400,3
788,5
400,4
550,2
1200,8
3200,15
350,2
1400,5
788,10
600,5
1600,11
3900,11
1500,11
800,0
0,5
1576,3
1200,10
800,8
1650,8
1000,5
600,6
800,3
2200,8
2000,11
300,11
980,11
500,7
480,3
788,11
450,7
700,1
1576,11
788,11
1850,11
1500,15
500,4
1200,8
2000,10
700,11
1600,7
2100,11
1000,8
700,8
2300,11
1091,11
280,0
2000,15
4000,15
4500,15
5000,15
3000,15
2100,15
1500,15
14000,15
10000,15
4000,15
3500,11
13000,15
1000,10
16000,14
15000,15
7500,15
7888,15
20000,15
4256,15
13000,15
1500,11
3100,15
600,11
1000,11
788,5
1000,11
1000,8
15000,15
4890,12
1200,11
26000,15
2100,15
1200,11
5000,15
2800,15
1100,12
3500,15
4800,11
8000,15
5600,15
2500,15
4000,15
13500,11
3000,11
3000,15
4020,15
10300,15
8678,15
0,11
2000,15
788,6
900,8
2500,0
2000,11
5000,11
10000,15
12000,15
10000,11
10000,15
7000,15
12000,15
8000,15
35000,15
8000,15
2000,15
7000,15
3500,15
1000,14
788,15
2500,15
5000,11
1430,12
2500,15
4800,15
30000,15
5000,15
1200,11
3000,15
2000,15
3200,11
700,5
1300,11
3000,11
650,11
551,15
500,15
3000,11
3500,15
3000,11
4100,15
300,11
788,11
4500,11
950,8
2500,10
4000,11
1556,11
14000,11
10000,15
1200,11
788,11
200,11
500,11
2500,11
1500,3
1200,11
600,11
350,11
1000,7
3500,11
150,9
1800,11
1110,0
300,2
900,5
2000,15
1500,11
750,10
788,14
750,8
1350,11
788,6
1000,6
788,11
300,11
1400,11
1400,11
1000,11
1150,11
500,3
1200,8
1200,10
800,8
700,11
788,11
1000,11
850,5
980,11
850,11
650,7
788,14
788,11
4000,11
8000,11
15000,13
788,11
2500,15
400,4
788,7
0,11
10000,15
3500,15
700,15
16000,11
10000,11
788,5
1800,11
10000,15
1576,15
1800,12
3500,11
2800,15
4500,15
1576,14
8000,11
2500,11
788,0
4300,11
2500,14
789,15
1200,11
1700,2
4000,15
788,10
1100,7
900,8
2500,11
1300,15
180,8
1350,11
1150,11
790,8
800,11
500,13
900,3
788,8
700,8
1000,8
600,6
600,8
600,5
1350,11
880,6
788,8
1000,11
200,0
1000,11
600,8
300,6
900,11
788,5
788,11
800,10
1200,8
800,4
788,8
900,11
1200,10
1200,10
750,8
788,5
1034,11
700,4
1500,8
788,11
788,8
1200,11
600,11
6500,14
5000,13
1600,15
1500,14
1200,11
788,15
830,11
950,8
5000,15
2000,11
1600,11
2400,10
4800,11
1500,11
788,9
5000,15
2100,13
2000,10
170,11
6000,15
3000,15
800,8
2300,15
2000,11
980,11
1300,11
500,11
788,11
650,7
2000,15
1200,11
3500,11
1400,11
2000,15
900,11
5400,15
700,11
900,11
700,4
2000,15
100,11
900,11
1700,11
860,5
1200,11
300,6
500,13
1251,9
800,6
2500,11
1000,8
788,15
300,6
938,12
666,9
300,3
1600,8
350,9
500,11
1500,11
600,10
1000,11
2500,11
3000,11
1100,11
400,11
788,8
400,5
1320,11
810,11
788,4
1100,11
800,11
1600,6
1000,9
1400,9
600,10
1200,11
1500,8
400,3
1750,11
788,8
100,4
4700,11
0,11
350,8
700,10
2480,8
1000,5
660,11
788,11
788,5
600,11
788,8
1100,8
850,11
825,8
788,5
1400,11
0,10
1200,3
1200,8
5000,15
788,2
1200,4
4000,15
5000,11
900,6
1000,11
800,11
750,11
1100,11
788,9
850,8
900,11
800,8
850,11
700,8
850,11
580,6
1200,15
788,3
1200,2
900,8
788,6
1200,11
1200,8
1500,8
700,8
788,8
200,11
1100,5
100,8
2500,11
788,11
5000,11
788,2
850,11
1800,3
1200,5
5000,8
3000,15
2000,11
800,10
2000,1
4500,15
2300,6
1000,11
300,5
150,4
820,11
788,11
1300,11
788,3
1000,5
350,4
788,3
1200,11
1200,11
1000,12
788,9
1030,11
700,8
1000,10
250,9
600,8
250,7
500,7
1000,11
200,11
500,12
1100,5
900,11
850,11
1750,11
1700,11
2350,15
789,4
650,5
2800,15
700,9
8000,15
2300,12
3000,15
4000,15
1000,11
2300,14
7000,15
2000,11
1000,15
2000,15
1000,9
2000,11
4000,15
4300,14
960,11
3000,11
2000,9
4000,14
2200,15
7155,15
6000,15
3400,15
7500,15
1000,13
1000,8
2966,11
2500,11
1613,11
788,11
350,0
3000,15
5000,15
4000,11
1200,11
2000,14
1800,11
830,11
600,10
788,11
1800,15
2800,12
1250,11
600,15
9500,15
3000,11
600,10
600,9
788,1
1000,15
1000,11
930,11
1034,11
2500,12
700,8
1000,11
788,12
3000,8
1200,11
850,11
5000,15
150,4
1150,11
1000,4
2000,11
2500,11
2800,13
800,6
2500,7
1000,6
933,11
500,3
1000,11
3000,15
700,7
600,10
800,4
6800,11
788,11
2300,11
1000,11
3000,11
280,4
1250,11
420,10
550,11
720,11
400,4
789,4
789,4
400,4
789,8
1100,6
800,3
789,6
900,13
800,5
500,8
400,6
200,8
2000,6
788,5
2000,7
4000,0
800,8
2000,11
2600,13
300,5
1500,11
800,11
400,5
800,5
700,1
950,7
1500,7
700,5
5000,11
788,15
800,8
1200,10
700,11
1200,10
400,4
100,4
300,4
400,0
788,11
788,1
3200,13
3900,11
788,0
1000,10
3000,11
1000,11
1500,10
1000,11
1000,5
1200,4
1000,5
1000,7
1200,5
1300,8
788,11
1000,6
900,10
300,0
600,6
2000,14
788,8
700,11
3600,11
800,4
788,5
80,0
6400,15
3000,15
788,11
850,15
3200,15
900,4
3000,8
7000,15
3500,15
1000,6
2500,4
788,11
1900,11
500,15
700,8
3000,4
1800,8
750,6
1200,4
1500,11
789,11
3500,11
1300,15
500,11
1000,0
800,4
1700,10
350,10
300,0
788,11
900,5
500,10
1000,13
1750,3
1000,11
780,11
788,8
500,3
2500,10
700,11
1400,11
900,11
1800,7
1500,11
1000,3
1500,11
300,1
900,7
900,9
320,8
2200,11
450,8
788,3
160,7
300,0
800,11
1000,11
240,5
400,8
2000,8
1250,8
12000,15
2000,14
300,12
3000,11
950,8
1000,0
400,3
400,7
100,11
150,5
4500,14
0,8
950,11
1500,11
788,8
788,2
400,10
788,2
788,7
130,11
788,5
1000,9
500,11
300,11
850,5
500,5
1500,14
900,11
1500,11
30,0
1200,11
1400,14
1100,13
1200,5
788,11
1000,5
1500,0
788,11
2000,11
788,0
1091,11
788,11
1000,8
3100,15
4600,15
3000,15
5000,11
788,15
1600,11
3000,11
1600,8
0,15
4300,15
1200,8
2500,11
400,11
7000,15
1500,15
10000,15
400,4
1300,3
788,2
680,15
1000,2
1300,11
400,2
1100,11
4321,11
2000,4
3000,6
600,11
160,0
788,3
1000,1
1000,8
600,4
800,11
1300,9
788,11
1000,11
788,11
788,0
1700,15
1000,0
200,9
800,5
300,4
788,11
788,7
1100,11
1200,11
200,0
1200,11
950,11
100,4
600,9
1250,8
300,8
500,11
1034,11
1300,5
3000,11
2000,8
1300,11
800,8
1000,11
700,8
2600,11
788,11
800,11
1106,7
1200,4
70,5
900,8
2000,9
750,8
1250,11
788,5
1200,11
6000,15
800,15
1576,11
1200,11
788,4
1500,0
550,2
2800,10
1100,11
2000,3
3800,9
1576,4
1200,11
1000,11
1500,15
5000,3
100,0
5000,15
1000,8
1300,11
200,7
2000,11
1900,11
1500,11
7000,15
2000,15
12000,15
5000,15
4000,12
2600,12
1398,11
3800,15
1500,11
2000,15
13000,11
2500,11
788,11
1200,12
788,11
788,4
788,11
950,11
788,11
5000,15
4000,11
1500,11
2500,9
788,8
788,6
150,0
850,11
200,3
1100,11
700,7
1500,9
1400,11
800,11
1000,8
400,5
788,2
788,10
1500,11
2000,14
700,10
788,6
788,11
1200,6
600,8
1500,14
400,15
900,11
600,4
1000,11
500,15
788,4
1000,11
1386,9
1000,5
5000,15
1300,8
870,8
600,0
1700,12
1000,11
1200,11
900,15
1200,11
300,3
1000,11
400,8
3000,5
788,11
788,8
200,8
1000,15
800,8
1200,11
1500,8
1500,11
500,10
1500,11
2000,12
788,8
400,4
1800,11
1261,11
788,11
2400,11
800,9
1576,11
0,15
4000,15
1300,11
2000,0
1300,10
1200,8
1000,8
1200,11
1500,11
1100,15
1500,1
1300,5
1400,11
1350,7
788,11
480,8
788,15
788,11
1800,2
980,11
1500,11
1500,11
2000,8
3000,11
700,8
600,8
800,0
50,8
788,8
1300,3
1000,15
788,4
1300,11
788,11
3500,15
3000,15
788,14
6000,15
1200,5
1500,11
788,3
600,5
900,11
788,5
500,5
600,4
3000,15
2500,11
2500,11
3500,15
4000,11
1150,7
850,11
400,9
7000,11
700,0
800,5
300,8
250,8
788,3
1000,8
788,5
788,11
1100,11
800,0
1500,11
3380,5
1000,0
1200,11
1500,8
500,8
800,8
240,8
1000,8
1700,11
2500,11
350,11
788,8
1500,8
4500,13
900,6
600,8
500,8
1300,11
380,11
500,11
700,11
1100,11
700,11
1200,11
650,8
500,8
1200,10
788,10
788,5
500,8
500,8
120,3
500,11
500,0
2500,15
650,11
788,5
850,11
788,4
750,5
1030,8
910,6
788,4
1200,11
3500,15
600,4
500,11
1000,10
700,8
800,10
800,11
3200,15
800,11
700,8
600,0
600,11
650,5
950,8
800,8
400,11
788,4
1000,11
1000,5
1400,11
1000,11
1576,9
1500,4
1200,4
600,0
3500,11
3000,15
788,10
600,8
800,8
1500,11
1200,10
600,1
1800,11
1000,8
788,5
1200,11
900,11
788,8
600,11
788,5
1200,8
900,2
800,8
788,5
1200,4
1200,2
600,11
1200,3
1000,4
1000,4
1400,6
788,11
1000,8
1550,3
1500,14
1200,5
788,10
1261,9
788,8
788,11
788,9
1800,14
5000,14
600,8
350,0
600,4
788,6
700,8
700,8
1000,6
700,7
1000,3
500,5
400,8
1200,11
990,11
788,4
1800,6
788,8
1000,9
1000,4
788,6
6000,11
788,8
1000,8
150,0
700,11
8000,14
5000,15
2500,15
1500,11
800,0
3000,11
2600,11
800,15
1576,15
1500,11
2500,15
2000,15
930,8
950,9
788,11
2200,8
3000,11
900,11
1200,10
4000,11
4000,15
788,8
700,11
0,11
800,11
600,11
788,5
1000,11
2500,11
3000,12
300,8
1100,11
788,8
1200,11
3000,15
800,12
1000,15
6000,15
5800,15
3000,12
1800,11
7000,15
5000,11
6500,15
900,0
788,11
11000,15
3300,15
600,10
3000,11
1200,11
600,11
4300,15
2700,15
1576,12
500,13
985,11
0,15
0,15
3000,15
1800,15
9000,15
400,15
1650,11
300,4
788,11
2200,11
5000,15
1400,12
300,6
1000,5
700,11
900,11
800,11
1600,15
900,10
3200,13
15000,15
2000,15
2500,12
860,11
830,8
4500,15
5000,15
1000,11
2300,15
788,8
1087,11
860,15
6000,15
2400,15
788,11
1038,11
900,0
980,15
788,8
1400,11
400,8
1000,6
788,0
1500,11
830,10
1500,9
1000,9
1200,0
3200,14
1576,11
788,0
2000,11
1000,9
1100,13
3940,11
800,11
8000,11
1040,11
1100,14
1200,11
850,8
788,9
2364,12
800,11
750,4
1000,11
350,5
800,6
1000,8
1200,7
1000,5
900,4
700,0
788,6
2400,8
788,11
394,8
1200,11
788,9
1500,7
1000,8
2242,15
788,4
788,0
788,11
1034,11
2500,11
1600,11
788,15
788,12
600,5
788,11
1200,11
800,1
788,4
788,10
1576,11
900,5
6000,11
900,13
1300,11
900,0
1200,11
200,1
3500,15
500,6
1576,11
2500,11
788,11
1490,11
950,11
788,11
1800,10
1350,11
1100,11
1200,11
950,11
1200,11
800,8
1250,7
2300,15
500,8
700,6
1800,11
2300,11
5500,15
788,8
3500,8
1000,10
2500,11
900,5
700,11
700,8
950,7
900,11
788,6
930,8
850,11
700,10
950,11
550,10
900,5
2000,11
789,10
800,11
1000,5
3000,8
1200,7
1200,10
2500,11
1000,7
1500,4
1000,11
788,6
950,11
2800,11
4100,11
788,11
788,3
700,11
1500,6
800,6
3200,11
700,11
1400,11
600,5
1700,11
200,5
400,10
4500,13
500,0
1800,8
788,6
1500,11
800,4
788,11
200,15
788,3
788,4
788,11
788,0
360,8
788,2
2500,15
0,4
1000,0
350,0
600,4
1400,9
1083,8
1890,15
1000,11
788,11
788,5
900,11
1000,11
400,3
500,7
200,8
2000,11
150,4
450,0
1000,10
788,11
750,11
820,8
788,5
600,7
200,11
1000,11
3000,3
1500,4
1000,11
300,0
16000,11
1200,10
788,0
4500,11
1200,5
1600,5
1500,4
1200,3
1200,3
200,11
0,1
120,0
1200,9
980,11
800,4
500,3
750,4
400,3
700,6
2028,5
800,5
800,0
300,0
500,10
3000,3
788,0
600,2
560,4
850,8
400,5
500,1
850,7
2200,11
800,6
788,5
480,0
1500,4
4300,11
600,3
700,11
900,3
2000,8
900,2
788,11
800,7
1090,11
400,4
400,0
800,2
700,2
600,0
788,10
965,6
500,4
2900,11
3800,15
4000,15
1500,8
1500,11
700,11
1500,0
10000,2
800,6
1377,2
1200,11
800,7
2300,11
400,11
400,4
0,4
0,3
0,0
500,3
0,0
600,0
500,11
800,3
600,8
800,2
788,0
1000,4
1000,8
1000,11
900,3
1434,5
500,4
1100,6
2200,1
2000,5
3800,15
200,0
1200,8
0,2
0,0
0,0
700,0
0,1
0,5
800,14
788,6
0,5
0,4
0,4
200,1
1500,8
400,0
1500,5
1400,15
0,4
500,4
700,4
600,2
600,11
0,0
800,8
1800,11
1500,11
3000,4
1000,9
1014,11
1102,11
142,3
1100,0
600,2
900,11
800,4
4000,11
1800,4
2000,5
200,11
3000,11
2800,11
400,8
900,5
800,0
1200,4
1500,11
1500,15
788,11
3500,15
1200,8
700,15
700,4
200,0
800,2
0,2
400,4
200,2
100,2
50,0
50,4
400,2
0,4
400,2
450,4
450,7
400,5
0,0
500,6
450,0
500,3
400,3
400,3
600,5
600,0
600,2
0,4
1500,2
800,0
1000,5
400,3
400,0
300,3
0,5
0,8
500,4
150,1
300,1
1200,15
0,0
0,0
788,4
0,5
1100,13
500,0
700,1
400,3
800,11
3500,15
600,1
0,0
2500,2
0,4
700,0
0,0
788,0
1300,11
788,11
788,10
1300,8
788,8
850,4
850,11
700,4
0,1
0,4
0,0
0,0
1576,11
1770,7
788,5
788,4
788,0
788,2
850,11
900,11
600,5
900,8
2500,15
900,13
500,11
0,0
788,4
650,5
700,10
0,5
420,0
1000,0
2350,11
600,4
0,3
2000,15
1200,11
788,2
1200,3
600,3
600,3
200,4
788,5
788,3
150,8
600,8
1600,8
900,5
1000,3
1500,8
1500,4
1200,11
1600,5
1400,0
1900,13
1600,4
1600,10
1600,0
1200,4
1000,3
2000,1
2500,8
1400,8
900,2
1500,8
900,4
1600,2
400,3
500,2
900,8
550,8
1900,15
800,7
550,7
600,8
2000,11
700,3
250,11
350,8
8000,15
4500,11
200,6
100,11
1500,11
1120,11
200,4
500,8
300,8
300,4
400,4
200,0
2000,4
200,10
1400,3
5000,11
1800,11
3600,11
800,9
1500,11
1100,11
875,4
400,0
1400,8
800,2
700,4
800,4
844,6
250,10
720,11
800,11
900,11
1000,11
500,11
788,11
1000,8
930,11
800,5
800,7
700,0
900,8
788,11
800,3
1200,0
2000,0
600,0
780,5
920,3
400,15
4000,3
900,0
1200,11
1800,15
3000,15
788,11
1000,0
788,11
1576,15
3900,11
1576,15
788,9
800,11
600,3
500,8
788,11
1200,7
788,6
788,10
788,6
1200,11
788,11
1500,11
1000,5
1173,11
3500,15
700,3
2000,4
788,7
800,0
600,8
800,0
1200,11
1000,11
900,8
1400,3
1500,11
100,0
2270,11
500,0
400,3
1000,11
3000,8
700,0
300,0
2000,0
180,0
480,0
2200,11
1500,0
1800,0
1100,11
2500,11
650,0
200,8
0,8
600,0
650,8
560,0
2000,4
430,0
400,2
0,3
788,0
850,11
0,11
0,4
400,7
600,4
0,2
1500,0
650,0
3500,15
1100,8
2000,15
800,4
500,0
480,3
450,10
400,0
650,11
3000,0
850,4
400,0
1550,0
1000,3
2560,15
788,0
3000,10
1000,8
500,4
600,8
788,6
1014,11
800,8
300,3
788,3
900,0
788,6
400,0
500,3
788,4
720,2
800,3
250,10
1500,5
788,6
1500,5
450,7
500,1
600,4
700,3
1600,7
800,5
3000,4
600,8
788,15
0,1
4000,11
3000,11
788,0
3000,11
700,9
1000,1
1300,15
3000,12
820,7
1500,0
600,11
1500,4
1450,0
1300,0
830,4
1500,0
700,4
1200,4
850,11
2500,5
500,0
700,2
1500,5
1000,4
400,4
2500,14
1500,1
250,0
600,5
400,3
800,0
350,4
2000,8
788,11
788,0
580,0
1200,2
150,4
60,0
400,5
1000,8
300,11
6000,11
2500,10
100,5
800,3
500,1
900,11
700,1
500,4
1000,0
1200,4
500,0
700,5
800,0
300,3
800,3
600,5
700,12
1000,0
500,7
700,4
0,2
0,3
600,0
1400,10
900,7
4000,11
1500,11
1500,10
300,2
6000,15
1000,2
1200,11
700,5
1500,15
800,6
1000,4
788,11
1200,5
350,3
400,2
750,1
750,2
400,4
60,3
150,3
7000,2
11000,2
600,2
200,2
50,0
200,11
700,4
200,8
580,5
850,0
800,0
600,0
800,2
788,8
800,0
500,6
800,3
360,1
800,2
600,0
788,11
1100,3
3000,11
800,8
900,3
720,8
2200,11
2000,15
2500,11
3000,11
788,3
720,3
720,8
800,3
400,5
1100,11
1440,10
400,1
720,4
500,4
0,3
400,14
300,3
200,3
788,0
788,3
9000,4
788,1
1440,8
788,11
500,8
1000,3
788,3
1000,7
600,6
500,3
400,1
140,0
800,3
300,4
400,0
320,1
2000,3
250,3
788,9
6000,11
788,11
2000,0
4500,0
800,5
850,4
500,2
788,4
900,10
200,8
700,2
1500,5
2000,0
0,0
700,0
2000,3
1200,4
450,2
200,0
500,1
400,7
400,4
600,7
500,1
600,4
500,2
500,0
0,0
300,2
1500,15
600,5
200,3
450,5
800,0
1000,8
6000,15
1800,11
1600,10
900,11
2000,11
2000,8
1800,11
3000,11
2400,15
800,11
788,11
800,3
2100,15
965,0
1800,11
1600,11
788,4
700,5
500,1
900,5
600,5
900,9
3000,6
4000,8
0,4
0,10
3500,0
2000,10
2500,4
1000,8
1200,3
1500,2
700,3
700,5
2000,6
5000,15
3940,15
2500,15
13000,15
6000,11
2300,10
788,8
788,0
2300,15
3000,8
400,1
550,4
1200,4
600,3
1000,8
1500,8
1200,8
400,5
400,0
1700,0
300,0
4000,3
1200,3
1000,0
800,8
1200,0
0,2
500,11
788,15
2800,11
300,1
800,0
1500,0
2000,4
700,11
788,0
2400,4
800,11
3000,8
788,15
3000,2
1200,2
0,0
700,2
600,11
0,11
700,10
300,3
0,0
900,11
0,11
0,11
0,0
0,11
0,0
0,0
788,11
0,5
0,0
788,8
0,11
300,1
0,0
500,5
450,11
0,11
0,7
400,6
500,2
500,2
700,3
700,0
1200,8
1500,7
1000,0
0,0
6000,4
3000,0
800,15
3500,11
3000,11
600,0
1800,11
1525,11
1000,7
788,11
788,11
0,2
0,0
1600,11
1600,8
3000,15
0,8
300,10
2000,15
0,3
2500,15
100,0
788,11
300,10
0,8
1300,0
600,0
800,0
0,2
300,6
300,7
800,11
1200,5
3600,11
2800,15
788,11
3500,11
1800,11
7000,15
1814,14
500,11
1500,11
1500,11
800,11
750,2
500,1
0,4
600,9
1850,7
2000,15
1220,13
200,7
788,11
400,3
800,0
300,0
150,0
80,2
0,2
300,3
800,5
100,7
80,2
100,6
1900,5
500,11
1700,7
1100,11
788,9
2100,13
2000,8
1100,11
850,0
200,7
400,0
3500,4
788,8
2000,8
780,3
1800,10
500,4
450,3
800,12
200,11
200,2
600,3
0,2
200,0
150,11
600,11
1014,11
200,5
700,4
300,5
300,9
400,8
0,4
1200,0
2000,0
300,7
780,0
400,3
200,0
900,3
800,3
960,8
450,0
200,5
320,3
400,5
600,0
1014,11
225,1
240,0
1200,11
800,11
6000,8
6000,15
1100,3
5900,14
1200,7
1100,11
2000,11
788,4
3000,10
1600,11
1200,14
788,11
2400,11
300,8
0,0
788,11
788,5
1500,11
6000,11
500,15
1500,11
640,4
4000,13
600,3
2500,11
1100,11
1100,3
800,7
600,11
960,11
1600,2
1100,8
950,13
600,4
6000,11
120,3
4000,11
788,5
2800,11
1900,11
600,9
2000,11
0,5
2300,8
600,1
1500,11
1500,11
5000,11
2000,2
1000,5
400,0
820,9
1000,4
1500,11
2000,3
2800,3
1050,0
1500,4
2000,4
300,0
2000,9
2000,3
1500,3
300,0
1000,0
600,1
400,0
1500,9
1600,9
1182,0
1000,5
100,4
788,0
100,2
500,8
788,6
140,8
1200,1
0,10
0,4
800,2
700,0
1500,11
2000,2
1000,3
500,1
600,3
3200,11
600,7
1200,11
1200,5
80,8
700,9
150,4
1200,11
800,2
300,7
2000,11
0,3
800,0
1800,2
200,11
600,2
788,1
0,4
950,11
1000,7
200,5
600,4
1576,11
1000,6
300,15
2000,11
800,1
788,11
788,5
620,7
2100,11
1576,11
788,8
1700,13
560,11
5000,8
1050,7
500,5
1200,9
0,8
800,0
803,11
1800,11
788,9
1000,4
300,5
600,8
1280,5
2000,11
1000,6
800,11
788,11
788,11
788,5
900,11
600,7
25,11
788,8
2250,11
1500,8
640,8
2350,8
5500,15
1600,8
950,8
5500,11
0,9
1250,12
970,1
900,4
1500,8
1000,8
900,10
788,7
1200,7
4000,15
788,10
1000,8
700,2
800,8
100,11
788,5
1400,5
788,11
900,5
1200,3
788,0
788,4
800,0
788,11
500,5
788,5
1600,10
935,7
200,6
2500,11
1200,11
900,11
788,6
1300,6
1200,8
360,11
788,11
0,11
1000,9
400,3
200,11
2100,9
1400,11
1400,11
200,10
255,4
4000,5
640,6
2000,11
900,3
240,3
320,5
350,8
500,3
1800,3
560,11
1000,11
2498,11
1378,11
700,7
1400,11
750,2
2300,11
600,2
850,5
850,2
1500,3
950,5
1100,3
955,11
1500,10
600,11
1200,0
1500,1
970,11
788,11
800,4
1200,4
788,2
788,0
300,0
788,8
250,3
400,11
1300,11
650,4
4500,6
900,4
600,0
400,2
2000,8
500,0
0,0
0,0
900,11
700,11
500,4
250,0
500,3
1500,3
0,4
300,9
200,1
400,3
1700,15
1455,12
1800,11
450,11
1650,11
700,11
300,4
500,6
700,6
1300,3
300,8
0,4
500,0
300,0
50,3
250,3
650,10
400,3
800,0
5000,3
250,4
300,4
800,8
400,4
300,0
1400,11
1100,11
1700,11
1250,11
1600,10
720,11
550,11
1000,11
0,12
400,4
0,0
250,0
1400,11
0,0
100,8
400,6
500,5
450,3
500,2
788,11
2300,15
2000,11
200,0
788,6
100,5
2500,10
0,4
900,0
300,0
1000,4
1000,13
992,8
788,2
1200,11
800,5
150,0
800,4
600,11
0,4
0,3
60,2
1000,4
84,4
500,8
788,15
0,0
0,0
3000,1
600,10
800,11
1800,11
300,7
2000,2
1200,4
5300,11
2000,11
500,3
788,7
600,7
1100,5
500,11
900,2
0,0
800,4
1000,4
500,3
2000,15
2400,15
800,7
400,8
2000,11
600,10
700,8
300,5
400,1
400,0
600,3
5000,3
300,2
400,2
1500,4
788,8
2300,15
400,0
600,3
500,7
1000,6
1700,14
800,9
1500,5
800,10
400,8
1000,8
500,7
500,3
600,11
0,3
1800,15
400,11
2000,15
800,8
788,11
400,5
500,8
900,5
400,8
3940,9
1200,7
1350,11
1500,11
1014,11
500,11
300,4
0,5
1200,8
2158,11
500,11
950,1
1200,6
200,1
1800,9
350,11
800,3
1500,5
500,1
2800,11
4000,11
4800,14
2800,11
9000,15
800,3
788,0
1300,11
2300,11
1000,8
3500,15
800,2
1000,6
1500,11
2000,0
600,0
950,3
2000,3
400,2
788,0
1200,3
600,5
300,0
1200,4
1300,11
788,11
2100,2
600,8
1500,0
800,6
788,2
700,5
500,0
600,8
1000,4
400,0
700,0
800,4
300,0
1000,2
1000,3
700,0
150,0
788,8
1000,2
360,9
3400,12
1000,0
700,7
500,5
500,0
1500,0
600,0
500,7
900,5
500,0
600,4
390,1
800,8
1200,11
2000,11
1500,5
300,11
8000,8
2000,8
1000,0
4000,15
1200,0
860,11
788,11
400,10
450,3
2000,6
788,11
1300,14
2000,6
1000,6
1000,6
800,6
788,6
800,5
1300,10
500,4
800,5
1000,4
788,11
788,2
788,0
2000,3
1300,6
480,1
788,1
600,3
2000,11
1100,11
800,11
200,4
500,11
0,0
50,3
1000,8
1800,15
2000,8
700,8
1700,11
300,11
1500,4
1500,8
1100,1
2500,11
1200,11
1349,8
2000,11
1500,7
1450,15
800,11
9000,8
788,6
888,1
500,4
2300,11
1200,11
500,11
3500,11
1800,8
2000,11
0,8
300,8
4000,7
600,3
0,0
400,1
150,0
1000,5
900,4
1200,3
1070,9
1100,3
1500,3
800,6
700,0
300,1
20000,8
2000,15
888,11
1200,2
700,3
900,7
2800,4
500,6
2800,11
788,11
700,4
200,11
700,8
600,0
3000,8
40,7
788,4
850,11
1500,8
100,11
2000,10
788,9
1800,10
788,5
0,0
3000,15
0,5
788,11
1500,4
1250,6
700,3
1700,8
900,15
1852,10
788,5
1852,11
1300,8
1300,11
2000,8
1200,3
888,11
1500,0
1400,4
800,8
1600,7
800,8
950,1
1400,11
1500,11
4000,15
780,4
3500,12
1100,11
788,8
1200,11
788,8
780,0
0,4
985,4
2100,12
788,8
600,5
350,0
225,1
300,4
400,4
800,11
600,3
788,11
400,0
500,5
1500,15
500,0
600,2
600,0
600,5
600,0
600,8
760,5
1200,2
650,0
400,0
1000,11
3000,11
1340,11
1500,15
788,0
788,11
700,0
600,5
0,8
400,5
600,4
0,8
600,4
700,4
120,2
300,1
500,10
500,3
500,2
550,3
150,0
150,1
120,2
200,0
3000,10
2000,10
1000,8
400,6
2000,9
788,10
700,11
1900,15
2100,15
500,0
2000,11
1567,4
879,4
788,11
400,0
200,4
840,15
800,0
1000,4
700,0
2600,7
800,11
1200,11
2210,4
1500,3
900,5
1500,4
1205,8
1150,11
1200,11
788,11
1590,4
788,10
1500,3
4000,15
789,11
200,0
3400,15
1000,6
788,10
300,5
336,3
1000,9
850,0
0,2
400,5
788,4
840,5
2500,6
1500,0
500,11
1200,5
0,4
400,11
500,4
788,9
1100,8
600,3
6000,5
1500,0
350,1
250,0
200,3
400,7
900,8
788,6
300,8
788,5
1400,11
1100,10
4000,8
490,14
600,8
788,11
788,2
300,0
250,11
0,0
788,12
788,7
788,0
800,5
800,6
750,8
0,3
0,4
600,6
6000,11
1450,0
0,0
0,7
0,0
900,8
900,8
1400,15
800,11
1500,11
200,8
100,11
150,5
200,11
400,8
1200,11
788,15
5500,11
300,11
829,9
2000,2
200,4
0,0
788,0
788,0
1200,4
1500,2
500,9
1500,13
1200,2
788,10
1200,2
500,4
500,0
788,3
788,0
800,11
100,11
950,10
70,10
200,3
2500,6
1500,3
788,0
200,8
300,4
0,0
788,2
880,0
3000,13
900,4
500,11
1500,9
788,0
1200,9
1600,10
900,4
800,8
1300,2
800,10
1200,11
500,7
600,11
1200,0
35,0
788,6
788,8
500,4
600,3
788,3
3400,15
1200,5
0,0
350,3
1200,11
800,1
850,11
900,14
250,4
2200,5
1500,8
800,1
60,3
788,1
1200,2
1800,8
850,2
350,4
600,0
600,5
520,0
788,11
280,0
0,2
950,11
300,0
1200,8
1100,10
2400,15
1500,7
1800,11
750,1
1800,4
788,0
0,1
1200,11
200,0
1200,10
450,5
300,0
950,8
1000,6
1000,8
300,6
1500,6
1300,7
4263,15
1500,8
3000,15
1600,11
1000,11
1700,11
600,5
2500,15
1800,12
3500,15
1800,12
3200,15
450,15
650,15
1255,11
800,11
3400,15
900,11
1400,11
800,15
3200,15
2300,11
600,11
1800,11
1222,13
750,11
1800,15
788,11
788,8
2000,11
788,1
2500,11
1500,11
788,11
788,8
788,8
1400,11
1500,8
800,10
1500,11
1000,10
1300,11
788,8
2500,8
788,4
1500,10
788,3
900,6
1000,10
1000,8
200,4
788,5
788,11
788,8
1500,11
788,2
1200,5
700,5
2500,11
1000,8
788,11
600,8
870,3
300,8
300,11
800,5
1100,11
600,7
788,11
600,5
860,13
788,8
834,5
788,0
788,1
0,3
600,3
400,8
400,11
400,8
600,11
800,3
600,5
788,2
450,3
700,6
1200,15
600,8
788,11
800,8
3000,15
800,8
2200,15
2800,15
1500,11
2000,6
788,11
700,11
3000,8
400,3
4500,15
2400,11
300,9
1300,11
800,5
1200,5
1000,7
900,5
750,11
3000,4
1600,8
1000,11
600,6
1100,11
600,10
1050,11
1200,11
700,8
300,9
1200,11
600,11
1650,12
1600,11
2000,0
800,7
1600,11
788,5
400,11
1850,15
350,4
800,4
500,0
1000,11
600,5
720,11
400,8
6000,5
1300,4
860,10
500,6
788,5
3343,15
100,6
1000,5
300,2
600,8
300,4
700,3
788,9
300,11
300,4
500,1
400,4
250,2
788,2
788,5
1000,0
500,2
300,1
1400,12
400,11
500,3
700,9
600,2
1000,2
0,1
800,4
900,8
728,11
1000,4
1400,5
1200,10
788,5
400,8
360,6
300,4
1000,3
788,10
300,4
200,3
400,5
800,4
4500,11
2400,4
70,0
250,6
1200,9
950,9
1200,4
3400,4
5000,10
1800,4
900,5
700,1
1000,7
600,2
2000,0
788,4
400,3
915,10
200,11
788,4
2200,4
850,7
788,11
500,4
700,4
400,2
1200,11
788,3
120,1
300,3
1000,10
600,8
1000,5
788,2
1500,1
240,4
400,10
1000,0
788,11
1500,8
600,1
650,0
1200,4
1000,4
700,4
788,8
800,11
2000,4
1400,8
1576,8
788,2
2000,11
788,11
700,4
550,6
500,4
800,10
2000,5
700,3
50000,11
240,3
788,0
600,4
1182,3
788,4
100,0
1100,11
0,11
1000,11
788,8
788,11
300,8
2500,3
1400,11
800,4
1000,7
1000,4
800,5
1000,5
2000,11
1500,4
788,3
1200,13
5100,15
788,4
1000,9
788,8
788,11
0,0
788,4
788,0
1000,7
1550,6
2500,0
1576,0
2000,5
788,1
1300,2
1200,8
788,0
1200,5
1388,3
1576,4
1200,2
788,2
1200,11
788,8
450,1
450,7
788,3
800,3
1250,4
800,2
600,4
1300,11
2500,3
2250,15
2500,15
500,8
1300,2
1400,1
700,9
900,9
1350,7
400,11
300,0
400,12
3000,4
800,8
788,10
1000,6
600,9
600,8
788,3
200,7
300,4
788,3
1000,11
450,4
500,2
350,0
700,5
300,2
200,0
600,8
400,2
1500,11
1183,3
1100,15
2800,0
1300,11
1900,15
888,4
250,1
700,1
800,7
0,0
800,0
300,0
1200,0
300,1
1200,1
2000,1
30000,1
417,3
788,2
650,0
1100,0
1050,6
1170,11
788,11
1000,5
1500,11
1500,7
780,3
790,11
400,0
1400,5
1350,10
900,11
2200,3
500,5
780,11
2200,3
2300,11
1500,7
1500,3
1500,11
800,6
2000,5
3900,15
890,11
150,5
0,4
350,2
0,10
0,3
1500,8
700,2
1576,10
500,11
788,11
1200,4
780,11
750,11
1450,4
790,4
1500,11
1400,5
1400,4
2200,15
1500,3
1500,6
500,8
150,3
80,2
788,8
600,0
1576,6
500,0
788,8
1000,10
1500,4
800,1
0,6
950,15
250,8
1000,4
1250,3
1400,15
2500,12
950,11
2000,13
400,0
0,0
788,13
3000,11
15648,11
3000,15
2200,12
788,11
4000,15
2900,8
6000,15
7000,15
788,9
5000,15
11000,11
7000,11
1830,11
400,8
1500,11
480,7
1600,9
0,0
788,2
600,11
1200,6
1500,4
0,11
788,5
788,4
1000,11
500,8
1000,9
2000,4
1700,11
900,8
300,4
788,3
1107,0
1200,7
500,11
788,3
500,4
1000,1
900,10
0,0
700,9
400,7
900,8
1300,11
300,3
340,0
300,10
1000,0
2000,0
500,1
500,8
1500,8
500,0
1500,3
2000,4
500,8
1200,0
2500,7
950,0
1200,0
750,3
2195,14
900,0
2000,4
0,5
500,0
1300,8
1000,5
1000,0
788,2
1000,4
788,0
1300,5
600,8
10000,4
500,4
1000,8
250,8
0,0
788,11
1000,3
0,4
800,3
250,4
1000,6
20000,6
1000,0
1000,6
1500,11
1000,3
700,9
1200,8
700,10
4000,6
200,8
2300,15
350,1
100,0
500,8
300,11
340,0
600,2
400,3
300,4
500,3
400,6
0,0
1200,4
100,4
788,4
700,2
788,4
780,11
500,0
160,3
600,5
300,3
900,8
500,4
150,0
300,9
400,3
500,4
200,4
300,1
300,6
800,6
750,11
720,1
1500,8
840,0
300,3
700,6
480,3
2000,5
788,11
788,8
788,8
1250,11
850,8
2500,14
788,11
788,5
788,2
788,1
788,11
500,0
300,3
800,0
500,5
800,11
700,11
400,3
100,5
992,5
400,3
850,5
1600,6
1000,8
788,5
788,4
2000,4
500,2
200,7
1488,7
1000,7
300,2
700,3
400,11
800,8
450,4
650,3
788,0
1300,6
788,5
700,5
720,2
500,10
788,4
3500,15
1800,5
1250,11
500,1
300,0
1000,4
4000,7
400,4
998,6
820,8
4200,4
1400,0
2300,15
800,11
300,5
3200,11
3000,15
2150,11
520,1
1500,6
1200,6
1350,15
200,9
6000,10
3000,8
5000,4
600,15
4100,15
780,7
815,0
500,4
788,0
788,11
1800,8
2000,8
13000,15
800,8
5200,11
2645,11
3500,13
15000,15
1500,14
1500,11
7000,15
5000,15
1200,12
1800,11
1800,11
4000,15
6000,15
6000,15
600,11
848,11
700,15
400,0
2600,15
1600,15
2400,10
3500,15
1570,11
4500,15
900,0
2350,0
750,11
3000,15
1100,13
2300,11
2200,14
788,10
5500,8
2100,15
2800,15
1700,12
1200,0
788,8
300,11
788,4
788,4
4770,15
8500,15
500,11
6800,14
1560,11
1570,14
1500,8
750,5
380,9
1250,8
4200,0
5000,14
1000,6
3000,11
394,11
1500,6
700,8
1000,11
1000,0
1200,10
789,0
1000,11
788,7
1200,6
400,4
0,11
2500,7
1500,11
789,7
2969,0
1520,14
1728,14
2500,12
900,4
1255,4
7882,15
2990,15
1000,3
1300,11
1200,5
800,11
3000,11
788,11
1600,11
1900,14
1000,13
7500,15
600,11
7000,15
12000,15
760,8
300,0
1500,4
1500,11
1800,13
724,9
2364,15
4000,11
788,9
1613,11
1200,11
2500,3
2300,9
2400,15
15000,11
3500,11
4000,11
500,11
1500,13
800,11
900,13
900,15
1400,11
1300,11
1300,11
1200,11
1235,8
1758,8
805,8
1588,11
3580,11
3856,14
2000,15
750,11
1210,11
500,5
900,6
788,11
800,11
1800,15
3000,11
1500,8
2900,15
1200,8
1200,11
1300,12
790,11
1000,9
450,8
2000,11
1600,8
1150,7
900,11
1200,7
1000,11
760,11
2000,9
900,11
3500,15
2500,11
1200,8
3000,15
1000,15
700,5
3000,13
1300,11
1700,8
3000,11
1650,11
800,11
2800,11
1170,11
500,8
1000,8
1300,8
700,9
820,11
3200,15
3000,14
1200,9
2000,11
1444,15
1200,11
500,11
1000,13
6300,15
1500,15
1325,8
1600,11
2500,15
900,11
5000,8
6000,15
3000,6
1580,11
500,11
1700,8
780,11
2200,9
600,11
2100,11
500,11
1000,0
1600,15
800,11
1850,10
900,0
1000,15
3500,15
10000,15
7500,11
2200,15
550,6
900,11
788,11
3000,15
1200,7
1400,11
2000,11
1500,11
1200,15
560,11
1200,4
1200,11
620,1
778,8
700,11
780,11
550,8
1200,13
900,11
1300,11
1200,11
800,11
1200,5
1000,8
1200,1
3500,8
700,2
900,11
1500,15
1300,11
2000,11
788,11
789,8
500,11
900,10
600,4
800,12
1900,10
1500,2
1500,9
788,11
7500,15
3800,15
3800,11
1684,11
1150,11
10000,8
950,11
3800,11
4200,15
1200,8
1800,11
2600,11
1400,8
1880,0
3800,11
3000,8
780,11
2200,11
2200,15
900,11
2300,8
1500,8
500,0
2000,6
2200,3
2200,15
2300,5
5000,15
950,11
1000,11
3500,15
1000,2
300,4
2000,1
1050,11
300,2
2000,4
500,3
800,8
940,8
600,5
2000,11
700,6
1200,1
1300,11
600,11
2443,15
1500,15
960,11
4500,9
788,6
2100,11
2400,15
1400,4
1600,8
1000,8
5988,15
500,5
500,7
1200,6
750,10
650,0
450,0
300,4
600,0
400,0
350,8
900,4
3150,11
3500,15
1200,0
2000,0
400,4
350,4
550,7
900,0
500,4
600,3
350,4
700,4
400,1
550,11
1600,11
800,11
800,11
600,4
1500,11
800,5
3500,11
1400,8
788,3
5946,13
250,8
1820,11
3951,2
1250,8
450,0
650,8
300,9
1200,11
780,8
2000,11
780,15
500,8
2325,5
3158,10
1150,11
796,0
395,6
2453,8
2100,11
2225,12
1170,3
826,8
880,11
1000,7
1321,11
2000,4
1600,11
500,4
250,11
1100,11
3500,4
1300,10
2600,15
2200,11
4000,4
2600,15
2200,15
2000,11
10000,8
2980,15
1550,4
2900,11
2100,8
1600,8
7500,8
900,11
1600,11
400,3
1100,10
900,5
4780,10
12530,11
1050,11
115,11
3113,14
1010,4
788,0
2568,10
788,9
788,2
788,11
180,11
1250,4
15580,12
1193,11
950,4
788,9
1500,15
4126,4
990,0
1800,0
1100,15
300,10
1400,11
3565,15
1575,11
1120,15
290,3
860,11
1576,9
788,3
394,3
990,11
1200,11
420,12
1450,9
2200,15
2500,15
2300,0
2500,10
2200,8
2200,11
950,0
2800,3
800,11
1000,11
600,1
1100,5
700,2
800,11
1100,14
1600,11
2680,15
1840,11
780,8
788,11
1500,15
1300,4
2000,7
900,11
800,1
788,15
2000,14
200,1
800,8
900,8
730,9
788,11
1000,8
1800,4
600,0
450,0
0,3
500,3
4500,8
700,5
600,4
600,0
788,4
800,5
2000,15
500,8
950,11
1300,6
1850,0
1000,3
3000,8
600,0
2600,15
300,0
300,11
788,11
500,5
1000,5
788,4
400,11
3000,11
2500,11
900,10
788,15
1200,11
1700,11
4000,11
1400,12
1300,11
1550,11
788,11
900,11
788,5
850,1
800,10
3500,14
1400,11
788,11
8000,15
2300,3
5000,8
1200,0
1600,5
788,0
1600,3
1300,8
1600,5
2300,2
788,7
2500,15
930,15
3500,9
788,11
788,3
600,11
500,4
400,0
800,8
500,8
500,0
2900,14
500,6
1200,9
3000,15
700,11
788,12
0,5
2998,15
788,5
0,0
788,13
788,0
2500,11
500,6
1400,4
990,11
788,12
1000,2
788,6
788,11
800,5
900,11
1200,11
2400,11
1600,15
7000,11
700,11
800,11
2155,6
788,4
1500,4
1000,11
950,5
788,5
300,11
800,3
1575,11
1200,11
850,5
1400,11
2000,15
1148,10
0,0
750,5
0,0
1200,0
0,5
0,10
250,3
0,0
30000,15
0,5
0,2
0,9
250,0
150,10
180,0
0,4
0,2
1576,6
450,4
1300,10
0,2
0,0
1500,8
2000,2
400,9
200,8
5000,8
500,9
3000,7
3800,15
1200,15
1300,2
1300,11
10000,15
3000,11
900,14
788,11
500,11
788,11
890,8
788,11
1500,11
200,11
788,8
1200,12
5300,11
1200,4
500,11
2000,11
1300,4
1500,11
1400,3
2000,15
788,11
3000,15
788,15
1500,15
800,3
2500,15
1200,11
1200,11
788,6
600,1
2100,3
890,11
920,5
4000,0
788,6
1000,15
780,8
1500,3
2000,3
788,11
1600,6
700,2
788,5
1700,9
1200,1
1500,11
1100,9
1100,0
788,11
788,4
3600,15
900,11
3500,15
200,0
1600,11
2000,15
2500,8
1300,15
3000,11
788,13
3279,15
788,11
1200,5
4900,11
2500,11
788,4
600,5
788,6
700,8
900,12
0,4
788,11
788,2
1100,11
1500,11
2200,14
1020,11
2000,11
1500,14
3600,15
788,11
1300,4
2000,15
500,11
5000,15
788,7
850,11
500,4
1570,13
788,7
788,0
500,11
784,7
1200,4
1000,11
580,0
2000,1
550,11
788,9
1200,13
1500,11
788,4
500,8
1300,8
1200,7
1000,11
788,3
2000,8
1100,4
2500,11
1800,10
1000,5
1250,11
800,11
1100,11
800,4
1100,11
900,11
900,9
250,5
788,11
788,10
500,0
200,9
350,5
900,12
1300,11
800,11
1700,6
4100,15
2300,13
3000,11
5000,15
1100,10
4000,13
800,2
900,3
1000,9
3000,13
1800,15
12000,15
2300,15
1500,11
3700,14
500,11
788,11
885,8
250,0
788,5
788,14
1200,4
1000,1
700,9
400,8
1576,5
0,0
788,3
400,11
0,0
1038,5
300,3
800,5
2015,5
2000,11
600,4
2500,2
300,8
0,0
750,3
0,2
0,8
900,8
788,11
1500,8
200,4
1200,15
2500,11
200,8
800,8
788,6
1200,11
900,7
1500,15
1290,11
800,2
788,11
788,11
850,5
900,11
0,0
788,12
788,0
500,1
400,0
0,4
2500,2
0,0
500,2
400,3
800,0
600,4
1114,10
200,5
2900,15
4000,8
1200,8
400,8
5000,11
788,11
1400,8
950,11
1570,13
400,10
910,8
400,0
1088,13
1100,10
1500,0
1500,9
670,11
788,8
1000,0
400,0
1900,7
788,3
788,8
3000,8
7000,11
788,1
1200,0
788,0
1200,0
2000,1
788,11
2500,11
1000,11
788,5
2000,11
1200,2
5000,15
700,8
2000,8
788,8
700,11
1000,11
0,0
1576,5
788,8
4000,0
1500,11
600,2
1040,8
2465,11
600,4
10000,1
250,11
0,3
788,9
120,4
600,0
800,3
600,4
788,1
300,0
0,3
350,3
1180,15
0,4
0,5
800,10
1200,11
0,0
788,11
900,11
1000,15
1500,8
788,9
300,8
500,8
1200,0
1200,8
3000,11
1200,8
1200,7
788,6
3152,11
788,9
1500,11
1100,11
500,0
1087,4
1500,6
1700,4
1000,6
1400,5
300,8
1100,5
500,11
788,8
1300,4
850,1
4000,15
1200,11
788,1
500,3
550,3
1576,11
788,0
788,4
800,6
1300,11
1576,0
788,0
900,5
600,0
1500,8
1300,0
0,2
0,3
0,0
788,4
500,0
0,1
1000,5
900,0
788,6
400,2
788,11
1000,11
800,7
1500,0
1600,9
1800,3
5000,15
1350,11
3000,8
3000,11
788,11
4000,8
1200,11
788,6
930,11
1800,15
788,11
2500,11
3000,4
1576,11
1000,11
500,6
788,2
300,5
1500,15
1500,4
350,8
1500,8
1576,11
8000,11
6000,8
788,6
1576,11
788,11
788,11
2000,11
1000,4
8000,6
3000,8
5000,11
5000,15
2000,5
2000,9
1500,15
788,5
800,11
1500,5
1000,8
2000,10
2000,11
1900,11
1000,2
3500,15
400,8
500,11
10000,8
2000,0
5000,3
800,11
2300,15
2000,11
1500,8
800,0
788,5
400,8
900,2
2500,15
7000,15
3500,10
1000,11
3500,15
1000,8
900,11
788,14
1300,15
2800,10
15000,9
2500,11
788,10
1300,4
9000,15
788,11
1576,15
0,6
788,11
2000,11
800,4
800,14
800,9
1800,7
900,5
788,3
600,13
500,11
1500,3
788,8
1500,11
2200,11
2700,11
2500,11
1600,8
3500,15
1340,11
788,3
1600,11
2500,11
1600,8
1400,11
900,11
5000,15
2000,7
1200,7
900,5
3500,3
1576,6
1020,9
1100,5
2000,3
1000,0
6000,15
1070,2
9000,15
1600,11
2000,15
1000,8
3500,11
950,4
1550,0
900,11
2000,11
1300,13
2800,9
1100,5
788,8
350,0
1000,11
1200,11
300,0
1000,0
500,8
600,0
600,0
788,9
3000,4
2000,11
5000,2
5000,8
3000,11
1500,11
1000,11
1200,10
1500,6
1576,11
2000,11
4000,15
4000,11
1500,11
788,11
2000,11
1200,3
2500,4
1000,5
1500,11
788,11
788,6
5300,14
400,3
200,9
1000,11
1000,0
800,4
800,2
500,4
150,11
280,0
788,5
2000,7
1400,5
1500,8
788,0
800,9
4000,11
940,1
1000,5
600,0
0,10
0,0
700,11
0,0
0,0
0,0
2000,2
0,5
0,0
1500,1
300,3
1200,5
0,0
0,4
0,4
0,0
600,5
300,1
650,2
0,2
0,5
0,2
1000,0
788,3
900,11
0,1
0,2
788,9
600,0
0,0
5000,11
0,0
850,11
3000,8
1500,8
700,7
1500,4
350,8
788,15
1200,5
1500,5
900,8
788,11
1200,11
788,3
788,11
1200,4
788,8
1500,10
3000,10
200,0
3800,15
0,0
12000,14
788,11
400,8
788,4
500,4
1684,11
600,8
0,3
1200,5
3000,5
300,5
0,5
0,2
2300,11
1200,15
5500,15
788,11
5900,15
2000,14
788,10
700,0
788,8
300,3
400,6
800,5
1100,14
500,2
1000,5
100,3
900,11
100,1
788,11
600,11
951,11
1567,11
700,3
1000,11
170,7
0,5
660,0
800,9
1000,10
600,0
1000,6
800,5
350,6
0,0
788,3
1100,3
1500,11
0,3
1000,8
1000,1
1100,3
1000,1
1800,5
2000,4
778,1
700,2
600,3
778,15
800,4
1500,11
1100,5
1400,15
788,0
350,5
700,0
190,0
800,15
300,4
350,11
290,0
1014,11
1000,11
400,4
788,3
2000,14
1020,11
3200,11
5100,15
550,3
6000,11
788,11
1100,9
6000,11
3000,11
5500,15
1200,11
4500,15
1576,15
3000,3
2250,15
400,4
3000,15
788,9
2000,14
450,11
900,8
3500,3
2300,7
2500,6
2000,10
2700,8
1500,11
400,7
400,1
3000,11
1000,4
4500,15
5000,7
788,8
841,7
800,8
2000,9
985,11
650,1
400,9
1000,9
1200,11
1200,5
1500,11
888,8
950,0
788,0
700,8
4000,15
3000,15
1576,11
1600,15
700,9
5000,8
3700,15
4000,8
900,11
0,4
500,4
788,11
7000,11
788,11
788,9
500,5
788,11
1200,0
1500,11
788,8
500,0
500,0
2200,1
1200,11
1000,6
788,11
1000,4
200,2
600,2
1576,4
1576,4
700,1
700,4
1000,5
788,1
20000,15
788,11
1000,7
788,0
500,10
620,9
1000,0
1218,11
300,0
2200,15
788,4
1500,1
5000,5
1000,11
4000,0
1100,15
788,1
788,9
788,3
1000,15
2500,11
788,11
1200,10
10000,15
1200,6
800,11
300,11
1500,11
1100,14
788,6
2500,8
788,11
0,0
300,8
0,0
250,0
0,11
0,0
788,2
1500,4
0,4
2500,6
1500,8
0,3
0,2
500,3
600,10
788,5
0,0
788,4
1500,7
788,0
300,15
500,2
800,11
0,4
68,3
1500,12
4000,15
4000,11
1400,15
1500,8
788,11
1000,12
1000,5
2000,8
700,11
1800,8
1184,10
3000,11
2000,11
2800,11
700,8
2000,10
2800,15
1200,15
788,11
788,12
400,3
788,11
800,1
1000,4
450,10
550,4
1500,12
788,15
960,11
832,2
700,13
788,3
1500,2
1400,1
788,1
0,4
0,3
0,4
0,0
0,3
2000,6
0,11
0,11
700,11
0,2
0,0
1180,5
788,1
788,9
1200,15
788,11
788,5
788,5
0,11
788,5
0,5
500,11
1200,1
1900,15
0,1
2000,15
788,14
2300,15
800,8
500,8
500,4
1200,0
1100,3
500,4
600,8
1200,5
1500,4
0,0
0,0
0,1
400,3
800,11
250,15
800,3
700,7
3000,8
1000,1
700,8
1600,11
1200,10
500,0
550,4
300,5
700,11
3500,15
1400,15
2500,11
2000,15
788,0
1000,14
788,15
7000,15
150,6
0,3
0,3
0,3
788,0
0,1
500,3
100,3
1350,1
350,3
0,4
3700,15
788,2
500,8
788,15
788,3
1006,11
2050,12
4500,11
1800,8
3100,13
1500,11
1200,8
1300,8
900,10
3000,10
788,11
788,12
1650,11
800,11
3000,8
650,8
800,8
1580,11
2500,8
4300,11
800,11
3500,11
788,8
250,8
1500,7
1500,15
2100,15
2000,11
9580,10
1600,11
788,11
800,7
1000,11
1200,0
2500,12
2500,15
1200,0
1000,11
5170,15
4000,6
5000,15
11000,15
15000,15
3500,8
18000,15
8000,15
4100,15
7000,15
12000,15
4000,15
1500,2
6000,14
3000,12
10000,15
5000,11
788,13
1500,12
3500,15
8000,15
2300,11
8000,15
5600,15
788,11
1500,10
3000,15
1300,11
3000,11
2700,15
2700,15
1500,6
1500,4
4300,15
3500,11
850,10
6200,11
5000,14
8000,15
1300,11
1000,11
800,9
1200,11
500,0
900,11
1200,11
6800,4
3000,15
1600,11
1500,13
1600,2
800,5
788,11
2200,12
1250,5
788,3
800,1
788,11
5200,13
3000,15
8000,11
1600,10
4000,5
3500,11
3000,11
2000,11
1700,15
5000,15
1200,15
4000,11
1236,11
788,4
5000,11
788,11
4000,8
4000,11
3500,15
4300,15
1500,11
2500,15
6000,15
5000,15
1900,14
1000,10
1200,10
800,14
8000,15
0,11
3000,15
5000,11
3000,15
2590,15
6000,15
2300,15
800,5
788,11
788,8
3000,15
1200,5
1200,7
1500,5
35,11
1000,11
788,8
5000,15
7005,11
1000,11
1000,0
788,8
788,5
788,8
250,4
800,8
1200,15
4500,11
1500,0
4000,12
600,4
4990,11
788,9
1000,8
788,0
1400,8
6500,14
1900,11
1300,11
4000,15
1400,13
1300,11
1400,12
1800,14
1500,11
5000,15
3500,13
2500,3
789,4
1500,11
2200,8
2000,15
5000,4
3000,11
1100,13
6000,15
3400,15
1100,8
1100,8
280,10
1200,14
8000,15
3500,11
2000,11
1600,14
790,5
1000,11
500,11
800,11
788,8
2600,15
1500,11
1250,9
788,8
0,8
1800,11
2700,11
1500,8
2000,0
2800,15
2500,11
1100,7
1000,8
450,8
2500,11
700,6
900,7
788,4
788,11
1200,4
700,6
830,11
788,11
8000,8
20000,15
5000,15
10000,15
60000,15
15000,15
35000,15
10000,15
20000,15
4000,12
15000,15
6800,15
5000,14
1600,15
16000,15
1900,14
788,13
788,11
1700,11
788,11
2030,15
1000,12
1400,14
5500,15
400,10
300,11
650,0
500,11
788,11
788,0
850,5
788,11
950,11
850,11
3200,15
0,4
500,0
0,1
1200,8
0,0
0,1
600,11
210,1
1900,8
1700,13
320,6
330,0
120,3
2150,15
0,0
200,4
120,6
0,0
90,0
0,0
350,4
0,0
0,1
400,7
0,4
280,3
1000,0
0,0
600,5
700,8
2946,11
400,0
600,4
0,2
120,0
0,0
120,0
200,0
0,1
0,0
15,0
300,2
840,8
1300,11
1600,11
3000,10
700,4
600,6
2000,0
788,0
2136,11
1200,15
800,11
850,6
170,6
0,8
0,8
500,15
0,4
2200,11
200,5
0,8
0,2
1000,11
0,5
724,10
0,4
0,0
750,1
0,0
0,15
0,2
20,0
0,1
200,8
0,8
0,4
1014,15
3000,8
0,0
788,15
200,1
0,0
0,5
200,8
0,0
150,11
1260,11
100,4
1000,0
0,0
0,4
100,4
300,0
0,2
0,11
150,8
0,15
788,4
0,0
900,11
400,0
800,11
500,0
788,10
50,0
300,7
3500,4
2300,12
300,0
200,0
788,11
800,10
500,11
2000,4
1000,9
1000,1
800,11
500,3
850,2
400,5
1000,0
600,4
500,10
550,3
300,0
800,8
400,5
1000,10
500,0
350,0
400,8
1500,0
1000,4
1000,3
300,0
350,6
200,0
300,8
250,2
2060,0
120,8
600,5
0,0
0,1
0,0
800,11
150,11
788,11
132,15
788,11
100,12
1100,11
1100,5
450,0
1200,7
3000,11
1200,11
930,14
2500,11
1000,11
1000,11
2000,8
788,8
1000,15
900,6
600,7
1500,8
1200,8
1500,7
1000,5
2500,8
932,11
1200,5
700,5
200,0
1000,4
2500,11
3000,4
350,6
788,7
1600,11
3800,11
788,7
788,15
900,11
950,5
1500,11
788,11
1200,7
1500,8
300,0
1400,9
800,9
780,0
2500,5
1000,12
3000,5
2000,11
0,6
800,0
1576,6
788,4
900,4
800,5
200,2
900,3
900,11
500,1
3000,4
1000,4
1000,5
2000,11
788,3
1000,3
875,0
300,3
1800,3
3000,4
0,12
2000,7
1500,2
2000,6
3000,15
788,11
3500,11
1000,1
788,11
10000,15
500,3
500,5
2000,15
1000,11
1000,0
1200,2
600,8
1000,8
4000,15
250,11
800,7
788,11
0,0
300,1
500,0
1300,10
350,0
200,6
400,2
788,10
400,5
200,5
450,10
250,0
200,9
1014,11
300,8
788,12
300,6
1000,11
2500,11
0,2
0,0
150,5
250,4
200,0
0,0
150,6
350,0
200,2
0,0
200,0
1100,9
0,2
80,9
300,10
200,0
1400,15
788,14
200,8
350,11
0,11
500,10
200,0
450,2
900,7
788,4
140,11
0,11
788,11
500,4
1200,12
1500,15
0,0
500,5
500,4
1200,15
200,0
80,4
90,5
160,8
0,2
300,8
350,11
500,0
800,3
800,7
200,0
80,3
800,8
788,11
1500,1
180,4
500,0
1000,4
140,0
0,0
0,2
600,0
500,5
1200,15
200,4
300,0
500,5
0,9
120,0
5000,12
800,11
1200,1
600,3
400,5
500,6
1000,11
2200,8
120,0
0,8
1800,11
780,8
1000,7
0,0
1500,1
3000,5
800,8
2000,3
0,4
1000,3
0,0
600,8
900,0
1000,9
0,0
0,1
0,0
0,4
0,2
0,15
900,11
0,0
0,8
0,1
1500,4
0,0
150,0
0,0
300,8
0,4
788,5
0,11
788,11
0,0
0,0
0,4
0,0
800,2
120,0
100,2
120,0
80,5
290,8
190,0
788,11
125,11
230,2
200,0
150,7
200,0
80,6
1500,15
2300,14
1200,14
1100,14
100,8
788,11
0,8
500,11
200,5
788,11
200,1
788,0
2500,11
788,11
788,4
350,2
1000,12
450,11
788,11
833,8
4400,11
1900,15
0,10
1200,11
780,11
1200,3
1300,9
500,0
1000,11
100,8
400,11
120,0
700,8
788,9
200,7
80,0
90,7
220,2
300,0
220,0
100,0
40,4
0,0
0,0
150,2
788,8
65,0
45,0
45,0
80,5
55,0
65,0
0,11
400,10
500,13
0,0
788,0
0,15
250,2
300,8
0,0
400,3
400,0
788,2
150,0
788,6
500,0
0,11
800,4
500,11
788,11
500,8
0,1
150,4
300,1
150,0
350,3
200,3
350,0
4000,11
788,11
0,12
500,11
300,2
700,0
788,4
818,5
80,0
1000,10
500,8
320,0
800,10
1000,11
800,0
1600,15
400,0
100,10
200,8
2500,11
300,0
700,11
788,8
0,11
1000,11
0,9
0,11
300,1
788,4
900,1
450,6
788,12
0,0
350,0
625,0
900,2
0,11
0,0
0,15
0,0
788,0
0,0
1500,10
0,0
0,4
0,10
788,11
250,3
700,11
3000,0
250,2
1000,8
300,0
1000,11
2000,11
0,4
480,11
600,2
1600,9
650,8
1200,11
250,5
789,11
2500,11
5500,7
600,7
1600,0
800,4
800,8
500,2
1000,4
900,11
240,1
1500,6
250,7
788,1
0,8
0,0
600,0
0,0
850,10
150,11
100,8
700,4
100,11
0,5
0,0
150,2
0,1
1500,8
0,0
280,4
0,2
600,4
0,2
800,8
788,0
300,1
140,1
0,3
0,4
66,7
788,10
950,11
5000,15
800,15
740,2
788,11
1000,11
65,0
85,2
700,4
300,3
60,0
600,7
1190,8
150,0
75,0
788,11
30,0
60,2
60,10
200,0
100,6
50,0
0,0
96,5
0,0
60,0
60,1
60,0
60,4
788,11
120,11
500,0
900,10
120,0
200,0
200,4
280,7
300,11
1000,8
120,8
1250,11
1100,11
450,8
850,0
1500,5
700,11
1700,12
788,11
650,5
750,11
800,8
1250,9
40,5
1200,7
1890,15
800,11
600,7
1200,8
600,11
1100,11
1500,5
0,1
300,2
0,0
0,0
0,5
100,1
0,6
0,0
360,0
180,0
400,0
100,6
0,12
50,0
0,0
250,1
950,11
2000,8
0,1
0,1
0,0
0,0
0,2
4000,0
2000,15
0,1
900,0
788,4
0,0
300,5
300,12
1200,11
1500,15
350,7
0,11
3000,15
1500,4
788,5
788,11
1500,11
3000,4
50,3
2000,11
788,12
300,5
8500,15
4000,14
2500,11
1500,11
2000,14
5000,11
3000,8
5600,11
1400,11
788,12
0,0
2500,6
1182,11
788,8
1252,11
1200,11
1200,5
500,0
1200,11
830,8
800,11
2000,5
788,11
0,0
1500,6
400,8
1200,8
0,0
850,11
1200,2
1500,3
788,12
800,12
15000,10
1000,11
5000,11
1182,11
5000,11
827,12
60,0
0,0
1200,5
1000,8
788,3
0,5
2385,15
972,11
1500,11
4121,11
2500,12
1000,11
3200,0
1080,11
1400,8
200,8
1100,10
1500,15
0,1
0,7
788,5
788,8
0,4
600,11
2250,11
788,5
788,2
1300,11
500,3
800,11
0,12
3900,15
300,2
1500,8
500,3
500,3
788,5
400,0
500,3
2000,11
800,8
200,0
1200,8
788,15
600,9
200,1
360,8
80,4
800,9
300,5
130,0
788,1
200,3
350,4
0,0
640,6
0,0
300,8
0,3
0,0
200,1
80,1
300,10
650,1
2000,8
1000,4
788,2
800,11
1200,11
1200,9
800,1
1000,4
1600,11
788,11
400,11
750,9
788,11
40,9
200,0
0,5
80,0
788,11
300,1
250,0
300,4
300,1
1200,12
600,8
788,11
2200,15
300,4
300,7
300,4
200,5
300,0
788,11
788,11
350,0
400,3
788,0
200,1
950,11
500,2
400,0
200,0
200,0
0,0
350,4
150,0
350,0
150,11
1014,11
700,11
500,7
300,4
200,3
600,11
40,6
400,4
2000,9
250,0
300,5
800,8
888,11
300,5
300,0
200,4
788,3
350,2
788,3
1600,15
500,0
200,5
100,0
100,0
100,4
120,11
120,0
300,0
1900,11
788,11
180,2
200,10
250,11
200,7
500,6
500,11
250,7
100,4
300,4
200,4
200,11
800,12
200,12
0,0
1000,7
1500,11
1100,4
900,3
0,0
850,1
100,1
500,1
788,3
0,1
3000,11
1200,11
250,11
300,0
1000,8
200,5
0,0
400,8
500,8
600,11
350,2
600,7
350,3
1000,3
600,0
500,0
0,2
400,4
500,1
300,4
1000,4
0,15
0,0
500,11
0,0
350,3
788,4
350,3
1050,7
400,2
350,9
500,0
788,14
6000,15
1200,11
60,8
2000,4
300,0
180,1
700,11
4000,3
300,4
600,0
800,11
1000,8
0,0
0,4
300,9
0,8
0,4
0,5
800,6
1068,11
788,11
0,0
0,2
300,4
0,2
1000,4
0,0
200,1
100,7
800,2
500,11
0,11
350,14
0,3
0,8
0,9
120,4
0,1
0,4
350,11
0,11
4105,15
0,3
0,11
50,11
0,1
350,8
0,7
650,3
150,10
400,11
0,5
200,11
1200,4
1000,1
333,0
200,2
0,0
0,0
1500,11
300,5
500,8
2000,11
300,7
0,5
0,8
100,4
0,8
1300,7
0,1
0,6
0,5
0,0
0,0
0,0
160,3
0,4
0,2
1647,15
500,8
0,0
0,11
300,2
3500,11
400,0
300,0
500,0
1214,12
400,0
350,0
1000,1
1200,11
0,1
4000,11
1500,11
300,4
1000,7
900,11
150,8
200,1
500,11
500,0
100,1
200,6
0,4
1000,8
788,11
720,9
1600,14
788,11
1000,11
500,1
400,2
788,5
280,0
140,0
500,1
0,0
200,1
180,5
300,4
80,2
400,11
150,0
240,3
100,2
400,5
400,0
500,2
400,2
200,5
0,2
0,2
0,4
2100,0
788,11
1300,11
2812,3
1900,15
800,8
600,2
788,0
550,9
50,0
788,11
900,8
180,0
100,5
300,10
140,0
1200,4
1200,11
650,3
1100,8
916,0
360,0
860,11
830,5
800,11
400,0
788,3
788,11
950,4
0,0
2400,7
150,3
250,3
1200,11
120,6
836,5
50,0
1000,7
1500,8
0,3
1500,11
150,0
200,1
180,2
100,3
788,11
900,0
0,4
500,0
788,7
1600,11
720,4
800,11
1400,11
140,15
300,1
500,3
720,11
800,11
150,11
240,0
150,5
2000,15
1000,3
1000,9
800,0
640,4
800,4
788,11
700,4
150,4
788,5
800,2
1000,11
200,2
200,0
600,6
445,7
1000,11
788,10
150,5
2500,4
700,8
0,0
960,8
0,0
100,0
0,9
0,2
2000,0
350,0
140,2
700,1
1300,11
0,0
400,0
400,10
1200,4
2000,0
0,12
1500,8
700,10
300,2
500,4
350,10
400,4
150,4
1000,6
100,4
1200,8
300,8
4000,3
0,10
800,11
700,13
200,2
0,8
0,2
500,0
788,7
1200,11
1014,11
0,0
800,11
2200,13
300,8
1500,11
788,5
788,8
90,0
100,0
100,11
788,8
0,4
0,2
1400,4
0,1
0,2
0,0
1000,0
0,4
150,11
788,11
90,0
85,0
600,8
0,9
788,6
80,2
70,7
100,0
75,4
60,0
150,2
50,5
150,0
160,0
50,11
100,10
80,10
100,3
50,11
788,11
400,0
200,0
150,4
130,1
60,5
100,2
80,4
700,3
120,0
150,4
100,0
2000,0
350,4
1500,1
400,0
1000,5
1000,5
0,0
1500,11
800,10
0,3
700,11
800,7
300,0
1200,0
1100,11
1200,11
800,0
0,0
4000,8
450,3
700,0
600,5
480,11
1300,0
215,11
1000,0
1500,5
0,3
788,0
0,0
100,10
480,11
0,5
400,3
700,0
1200,4
0,1
1000,1
1280,3
0,2
1100,2
1900,8
788,4
788,4
1576,2
1800,10
0,5
1500,5
916,11
120,11
1000,0
850,5
500,11
2000,14
1900,11
900,11
788,0
788,11
788,8
300,11
100,11
0,8
1500,6
900,11
500,11
3000,11
788,8
1500,10
200,6
788,11
788,8
600,0
788,8
1000,8
788,11
1600,11
2000,13
900,14
3500,11
870,13
1400,11
1400,11
3000,12
2000,15
1100,11
788,11
788,9
1200,11
1200,14
5400,15
4000,15
600,6
2500,11
900,1
1200,11
789,10
788,10
980,11
870,11
280,11
2000,11
1500,11
350,0
10000,10
500,15
1200,5
700,8
1100,15
1700,15
788,11
1000,11
500,4
3000,14
5000,11
1052,11
1500,11
500,9
2200,8
0,11
4000,15
890,11
12000,15
20000,15
15761,15
12000,15
25000,15
18000,15
11000,15
0,15
900,11
6000,15
4000,14
5000,15
2000,4
6000,15
10000,15
5000,14
4000,15
6500,13
2500,14
8000,15
1500,11
7900,11
1100,15
4000,15
3500,15
2900,15
9500,12
5000,15
1000,13
1000,11
8000,15
3500,11
2500,11
3000,11
1500,11
789,9
120,8
1010,11
2100,11
60,9
60,4
788,8
788,8
180,8
2100,14
788,14
1500,15
1800,11
1500,15
1500,11
2500,11
3000,11
4000,7
3500,13
1500,11
600,11
700,0
900,4
1500,11
800,11
1700,11
1190,12
1500,11
500,8
870,11
800,11
2000,15
100,11
900,11
1100,11
800,0
100,2
1900,8
1000,12
400,1
788,4
900,11
788,0
788,11
840,11
1500,8
1500,8
300,0
789,11
948,0
788,10
1600,6
1000,0
1000,10
560,0
1100,8
800,11
900,4
1000,10
500,5
9600,11
2500,11
788,4
1500,6
2000,15
400,5
1576,15
10000,15
2022,15
1700,12
560,11
788,11
1500,11
1200,15
3500,11
3000,15
2000,11
8000,15
1200,11
1251,5
1000,4
788,11
800,15
2000,14
1100,11
1000,7
3000,11
800,11
700,9
4000,15
3500,11
1100,4
788,0
3000,15
1650,11
1600,11
1000,11
1500,7
1500,11
789,11
4500,11
850,11
200,11
1200,8
150,6
1000,5
788,11
1500,8
700,3
788,4
1200,11
1300,4
800,8
2000,11
1500,8
1100,12
2800,9
2250,11
50,11
1200,11
788,10
600,11
3000,11
3500,13
700,8
16500,15
5000,15
900,11
500,11
1000,10
800,11
870,11
2000,11
1600,11
900,7
1000,4
1000,11
12000,15
12000,15
15000,11
30000,15
4000,8
1730,11
1300,11
1972,13
1600,13
1200,13
3000,15
2000,15
1026,15
2200,11
788,2
2600,5
300,4
400,11
788,8
920,11
788,11
1040,11
789,11
300,1
10000,7
4000,15
2000,12
1500,8
4000,15
1500,11
3000,11
1800,15
5000,15
2100,11
1180,3
7000,15
2000,15
8500,11
8000,11
4300,15
4000,15
4000,11
5000,15
6000,15
7000,15
12000,15
8000,15
1000,11
1500,8
500,8
1500,5
1300,10
1000,6
500,11
1600,9
0,8
788,11
450,11
2000,11
788,11
1500,11
1400,11
1500,11
7500,11
2500,15
5000,15
3000,15
700,11
500,11
400,8
1490,11
700,7
8000,0
788,11
830,2
1422,11
800,8
700,8
140,3
788,14
900,11
788,1
788,11
450,5
700,6
1100,7
2300,15
788,8
500,2
740,11
788,11
788,0
788,11
280,0
788,4
1070,11
1440,8
900,11
320,0
380,7
788,5
400,1
788,11
350,2
250,1
100,3
2200,10
150,1
200,2
788,5
1576,7
200,11
600,7
788,8
788,5
450,9
788,11
200,0
200,11
544,9
788,8
788,8
788,4
60,7
350,4
600,0
800,6
1500,11
50,8
1000,4
800,11
250,5
1000,0
788,9
200,1
150,11
788,11
820,11
788,4
300,7
150,11
1000,7
400,5
200,4
0,0
350,4
500,4
800,9
800,2
700,6
788,8
500,4
300,9
1500,8
1000,8
788,3
150,0
400,1
396,11
788,11
100,6
200,8
200,3
300,5
1900,15
300,11
800,15
0,0
1000,6
0,11
0,0
300,8
700,6
900,11
788,12
300,11
800,7
280,0
100,0
480,10
200,3
0,2
50,8
20,0
100,0
350,2
30,0
100,0
600,0
100,2
300,3
100,3
200,1
0,2
788,4
500,9
1500,8
0,11
350,4
2000,8
788,2
200,9
0,2
400,2
3000,11
1400,15
300,1
300,7
450,1
900,15
200,4
300,11
1500,11
500,11
0,8
0,10
0,1
0,0
0,4
0,0
0,3
350,0
300,0
500,0
400,7
400,0
350,8
1000,11
350,0
300,5
2000,8
2000,15
5000,11
1500,5
560,11
300,8
800,11
2600,11
1000,4
0,0
600,7
788,0
350,0
400,0
400,12
300,5
700,8
788,11
788,4
2000,14
1500,6
1000,11
788,11
450,11
920,11
600,11
1250,11
100,9
788,11
1000,0
788,8
0,0
350,0
500,0
300,5
100,2
860,3
350,4
200,0
788,8
700,2
300,4
0,1
1000,8
300,6
450,1
0,9
120,4
2900,15
2435,5
3000,15
200,11
1200,15
2200,12
1000,1
1600,15
7000,11
1200,15
12000,15
788,2
400,10
2000,11
600,1
600,2
1070,4
200,1
800,0
200,3
200,0
500,4
1000,2
600,8
50,0
400,5
1300,12
400,6
100,0
150,1
0,0
700,7
150,11
0,10
0,5
300,8
800,5
350,7
300,11
200,3
0,3
0,1
700,1
600,3
0,0
1200,3
200,0
300,2
1000,11
800,2
800,0
0,8
0,0
0,0
840,9
395,15
480,4
26,3
700,3
800,0
250,0
150,4
0,3
0,0
300,0
0,0
0,3
334,3
788,4
760,3
788,5
0,0
280,0
788,11
320,0
84,3
0,0
84,1
0,0
2000,0
120,3
90,11
0,0
1900,2
1000,2
0,7
0,2
0,3
40,11
320,9
2239,15
700,0
800,5
4530,4
1700,4
550,11
350,0
300,11
800,9
280,0
150,11
3200,15
500,2
60,0
788,5
170,0
2307,4
200,4
870,12
1014,15
959,13
800,0
100,0
600,2
50,0
500,3
500,0
35,0
1000,9
850,4
250,4
45,3
850,0
600,4
100,4
300,4
600,3
250,2
40,1
240,0
800,0
700,0
700,2
30,10
550,4
1000,5
3000,11
2500,6
1000,5
900,13
400,4
900,5
500,11
788,11
1000,11
400,15
900,9
150,4
900,6
120,3
800,0
1400,0
800,4
100,1
400,4
100,0
800,4
150,0
200,8
1000,11
300,2
350,2
200,2
200,0
5200,8
100,0
200,2
100,0
0,0
0,3
500,1
400,9
800,15
0,4
300,15
600,4
788,8
1350,6
180,0
300,7
1600,6
1250,7
1200,4
0,4
0,0
360,8
0,9
1400,3
400,0
1200,3
1600,3
170,0
140,4
0,0
480,2
1350,4
0,5
0,2
360,4
240,0
210,4
100,11
0,0
240,0
300,4
0,3
640,0
140,1
0,4
1000,8
280,8
2300,2
3000,8
360,8
3500,4
260,4
0,0
0,4
3100,8
180,1
0,3
280,0
270,3
2000,9
200,4
0,8
2300,4
800,11
0,0
788,10
380,11
6000,11
200,8
1375,3
6000,11
300,11
45,2
1500,12
500,6
7000,7
1000,13
400,2
740,9
0,0
80,2
295,7
100,8
0,3
3090,15
0,4
1200,15
500,8
0,4
700,7
65,3
150,12
5000,4
1200,15
0,2
40,11
600,15
788,3
1200,11
750,4
0,4
0,3
0,11
1692,4
625,3
200,4
0,3
375,4
0,8
150,0
50,5
0,11
400,5
0,4
0,3
0,4
120,4
200,4
0,4
0,1
600,4
120,2
0,4
5000,15
15000,15
500,4
788,11
2000,11
1600,11
788,11
2500,15
7000,15
1800,12
1500,0
2500,12
600,11
1200,13
1057,11
1500,11
3000,8
788,11
788,11
2500,7
800,2
600,12
0,1
1200,2
4000,8
100,3
2000,11
1300,5
1182,11
825,11
900,7
788,11
1300,8
1576,15
333,11
2500,11
1100,11
120,1
1200,15
1600,4
788,8
1500,8
0,5
350,11
1370,6
500,8
2200,4
350,0
150,3
209,0
135,0
219,2
72,0
40,0
134,0
0,14
350,0
60,0
80,4
784,11
300,0
500,0
150,0
400,0
1300,0
1800,0
150,5
200,5
400,8
300,0
25,0
150,0
788,11
734,0
88,0
0,5
417,15
500,5
565,0
0,3
125,1
0,5
500,8
417,4
150,4
600,11
788,11
117,3
128,4
0,10
148,3
42,4
200,11
1000,1
400,7
350,0
600,9
500,4
350,0
788,1
900,0
5500,10
600,4
550,11
1000,11
788,4
500,0
600,0
80,0
87,0
1218,8
105,0
78,4
135,0
84,0
105,6
175,0
96,0
0,0
0,3
108,7
96,0
148,0
108,0
115,0
85,3
83,1
4000,11
95,4
125,0
166,0
370,11
700,0
146,0
1100,15
788,12
900,8
800,2
4000,15
400,0
2700,15
2000,4
600,12
1200,14
1100,12
0,3
850,10
500,4
1100,11
600,5
200,5
1500,15
1001,15
900,9
800,4
100,0
900,9
450,3
788,10
900,11
400,2
800,9
0,4
800,15
1500,12
200,0
180,6
350,9
150,0
700,2
1400,3
100,8
300,0
800,4
200,0
150,3
1000,6
600,1
788,5
400,6
788,9
800,0
80,0
0,1
100,2
350,4
1050,2
70,4
300,4
45,2
31,9
50,0
20,0
0,0
40,4
41,1
500,2
39,0
0,0
50,0
38,0
62,0
20,1
960,4
45,1
278,0
13,4
45,4
40,0
0,3
500,0
0,0
0,0
0,0
35,2
150,2
3000,4
500,11
100,4
60,1
50,7
0,3
0,0
788,11
0,0
165,0
14,4
114,0
112,0
205,0
145,4
280,0
239,7
600,4
58,8
74,0
400,6
800,5
788,4
200,1
1200,11
400,10
788,8
600,1
788,11
788,3
1000,8
800,6
250,7
788,10
788,4
700,8
800,8
4500,5
1250,15
400,6
5000,11
1074,2
1200,5
400,8
788,11
850,9
800,0
810,15
900,4
800,5
788,11
1200,8
788,11
800,0
850,8
2470,15
788,11
800,11
1100,1
992,9
730,0
788,8
400,5
850,8
2000,15
830,5
150,11
600,0
400,4
2000,0
800,4
1570,12
1500,11
900,6
160,6
2250,2
700,15
1500,9
4600,15
1576,3
1600,2
1000,10
8,0
0,2
788,11
192,8
0,2
0,0
25,0
75,10
31,9
30,2
20,11
8,1
788,11
1300,4
640,1
788,4
17000,15
1200,8
800,11
788,7
1200,3
788,8
550,11
2000,15
800,5
50,0
1300,11
350,2
100,0
500,3
810,4
0,5
788,2
6000,3
600,7
600,2
360,1
200,2
100,0
50,0
800,0
0,0
788,11
1700,11
6000,15
600,8
0,0
183,0
46,0
0,0
113,2
788,13
300,0
57,4
125,2
0,0
0,0
100,0
60,2
0,0
840,8
1600,8
500,11
1400,0
100,2
1800,14
4538,14
400,1
369,3
6,0
500,0
75,0
19,0
900,4
900,0
38,2
70,0
13,4
1000,3
80,7
800,1
900,15
788,5
1000,10
0,9
788,15
2800,15
500,6
788,11
100,11
900,2
150,11
800,9
50,0
70,0
90,0
150,2
150,3
110,0
90,0
2200,15
0,0
200,2
370,11
50,0
940,15
1000,4
700,0
300,0
1500,11
2600,15
2220,14
0,4
150,0
160,0
2220,14
900,12
200,11
800,2
0,0
150,4
500,4
70,0
90,0
300,3
60,4
50,0
600,1
300,4
200,8
300,2
0,0
800,3
120,4
500,9
788,4
3940,8
1700,15
1400,15
1300,5
1500,7
200,5
788,11
788,11
0,0
1000,4
250,1
2500,8
0,0
220,0
400,0
0,0
788,11
788,5
0,0
880,2
500,0
7000,3
900,4
5000,4
788,3
788,0
5000,0
0,2
3000,4
500,6
788,11
500,8
500,3
1200,3
500,0
788,3
1200,0
1000,9
900,11
788,11
350,7
700,12
300,15
200,4
2300,11
3400,15
500,5
600,0
788,4
400,11
788,4
788,6
788,4
0,0
200,0
788,0
2300,13
2000,15
300,5
300,10
250,9
600,0
788,11
3200,15
0,10
300,7
5284,3
900,11
250,0
788,11
1300,15
120,3
60,0
788,10
50,0
90,3
50,0
90,0
120,7
120,4
300,4
60,2
1200,8
400,5
500,11
788,4
788,6
200,4
400,5
1600,11
1500,0
1200,15
0,11
788,11
0,0
788,5
600,11
8000,15
1070,14
200,0
50,0
0,5
500,4
150,4
350,4
200,5
2500,6
2500,12
3797,15
1500,12
6900,15
200,5
788,15
360,11
200,3
788,0
750,11
140,0
30,4
450,0
0,0
120,0
0,11
180,0
60,6
50,10
180,4
160,0
0,2
90,8
0,4
0,1
150,0
900,4
0,4
0,11
1300,8
70,5
500,0
0,0
1300,11
3500,11
0,3
10,0
700,4
40,4
1600,10
200,4
2300,0
10,0
300,15
600,11
1200,11
500,4
700,7
1125,7
850,8
1400,4
1300,11
1600,8
800,3
800,4
850,9
280,10
788,4
4000,15
30000,15
2500,1
225,0
788,6
1280,11
1200,8
250,8
22000,15
2300,11
14630,15
30000,15
788,4
1000,5
900,11
3000,6
2000,11
1500,11
788,7
4500,15
1500,8
3400,11
850,11
2000,15
4000,15
1600,15
4000,11
3000,15
500,1
2200,11
400,0
1200,11
1400,15
600,11
1576,15
1100,11
1000,8
788,11
4500,6
500,4
1125,5
1500,13
788,6
2000,0
788,4
300,11
869,0
820,11
200,3
1080,8
780,4
4000,15
4000,15
1200,13
0,4
788,0
1200,9
800,9
240,0
2500,7
788,10
800,4
1100,5
788,4
788,8
2000,6
800,8
1500,4
300,11
900,5
1500,11
500,9
800,0
800,5
1100,5
1400,11
788,0
788,11
788,5
800,2
1600,8
2000,11
2000,15
40000,15
0,11
3500,15
10000,15
3000,11
25000,15
2000,15
1300,14
8773,11
60,0
788,4
1500,11
1000,1
788,11
3000,5
400,9
750,11
788,15
80,2
800,11
788,11
395,0
788,11
800,8
1586,12
788,5
900,9
750,4
1576,11
20,4
1700,2
1000,11
1400,8
1125,5
788,2
788,0
788,1
500,0
1200,11
890,4
788,4
600,8
788,0
900,11
818,11
300,3
350,11
1000,11
788,7
788,2
1600,9
1200,5
1100,9
300,11
256,2
1350,8
791,9
788,0
2000,11
0,11
2000,0
300,0
10000,10
395,5
1200,11
840,2
1000,5
788,1
1000,11
800,11
400,2
1424,4
788,2
1600,11
833,6
788,7
1125,6
400,11
30,8
300,0
1800,0
300,0
1900,15
790,4
1200,11
500,2
788,0
1750,4
3000,11
1300,11
788,9
1200,4
600,3
2000,11
900,11
1000,9
894,11
1014,15
850,8
850,11
1000,11
788,11
788,11
1000,7
750,11
1200,15
1500,7
1200,11
900,6
1300,11
320,11
700,3
788,8
788,11
788,11
1000,0
1500,8
3000,11
500,4
788,8
824,11
1300,9
1250,11
788,6
1500,1
1500,11
800,8
1498,11
788,9
1000,0
600,5
750,11
500,1
2500,11
800,8
788,5
800,11
100,3
500,0
2500,11
841,11
1800,15
1200,10
2800,15
2500,11
6000,15
2856,15
700,6
1500,4
3000,4
1000,4
1500,11
4000,11
60,3
1200,8
700,1
700,8
880,10
450,6
3000,8
500,10
50,0
870,11
2000,8
1800,9
1800,4
1400,4
896,11
788,8
960,14
820,10
2000,11
7000,15
4500,15
0,15
2500,11
2500,15
3000,15
4000,3
6500,15
788,5
15000,15
240,3
600,11
100,6
788,11
1150,15
4000,11
300,0
400,13
788,11
1200,0
5000,15
788,11
300,11
1000,4
788,8
0,15
1200,11
250,0
1500,15
1175,5
250,2
1014,11
0,8
700,10
1400,15
1300,4
2800,15
1000,2
1000,3
788,4
1100,3
1100,10
2000,2
0,2
0,3
2000,3
600,11
150,11
788,0
850,9
800,4
850,11
1200,11
3100,11
300,7
1200,10
2000,11
820,8
788,11
920,11
828,11
1700,11
958,15
2000,11
788,11
100,11
788,11
1000,7
1200,0
100,0
600,4
360,0
0,2
0,0
1380,0
2000,11
880,0
0,0
360,0
20,4
0,0
116,2
0,0
0,0
1300,4
0,0
788,9
0,7
800,10
1200,8
480,2
788,11
100,3
50,11
150,4
400,6
500,2
300,0
500,8
1014,10
100,0
0,0
880,0
0,1
500,0
788,8
0,0
1000,11
500,11
1000,15
50,9
1200,8
788,11
200,0
200,10
4000,13
400,5
500,8
788,0
0,0
300,12
0,0
0,8
788,11
300,8
0,7
100,0
0,1
500,3
0,1
800,10
300,1
0,3
300,11
788,11
50,1
0,0
0,2
909,11
500,4
125,0
0,11
500,5
1680,8
0,0
0,0
50,9
0,4
400,7
1000,0
400,5
1200,11
0,14
800,8
1300,11
1000,2
1500,15
395,8
788,4
788,4
788,4
100,11
788,11
788,0
600,1
400,8
600,0
788,6
810,11
800,11
1200,4
788,2
788,11
200,6
600,1
850,11
1200,7
1500,11
788,7
400,0
70,6
2000,11
500,7
400,2
100,3
3000,2
1840,4
1000,11
800,0
800,3
500,3
400,4
800,11
300,4
200,0
1500,11
788,2
788,7
350,1
2300,11
300,0
1600,11
700,2
788,4
1200,0
788,6
788,0
788,3
4000,5
120,0
1000,14
1400,3
200,1
1000,8
1200,12
600,11
600,11
728,11
788,8
400,6
780,3
1500,13
200,4
450,3
788,8
650,11
700,8
100,0
0,8
788,0
120,9
789,10
1500,11
200,8
400,11
300,11
800,2
0,8
150,0
100,2
400,0
400,2
3650,15
0,0
300,0
1000,12
788,11
250,3
788,2
0,1
0,4
500,2
100,0
160,7
300,6
1200,15
788,0
300,2
2000,4
0,11
600,6
350,8
500,4
1500,10
0,0
788,0
500,4
200,7
300,15
400,8
350,11
0,11
786,11
0,8
150,4
200,4
1852,13
400,0
788,11
140,0
350,4
550,0
788,10
788,8
1080,11
788,11
8000,10
1300,8
500,14
200,9
400,5
150,11
0,1
788,3
50,0
150,6
500,4
3500,9
1500,1
1500,15
1500,13
350,8
0,4
600,11
2000,11
500,11
400,8
0,4
788,11
788,11
0,4
788,7
1200,8
0,0
200,0
788,0
0,3
0,0
160,4
0,1
140,0
0,3
150,3
0,0
0,0
0,2
0,0
210,0
0,5
0,0
1500,11
300,0
330,4
0,0
1800,11
1800,11
600,11
1000,15
400,8
788,8
1800,8
1500,6
1000,11
4000,15
978,11
2000,8
1100,4
1600,11
900,8
1600,9
788,11
1000,10
1550,11
1850,11
3000,12
3700,14
600,6
788,4
800,11
788,4
788,11
788,7
3000,11
930,7
100,0
300,0
800,5
600,7
850,11
750,11
2400,11
200,0
400,11
100,0
0,1
200,9
500,0
600,0
450,11
400,9
800,11
400,4
950,11
300,11
788,2
500,8
600,0
900,11
600,3
250,4
788,6
2000,6
1400,11
972,11
1300,3
350,5
900,10
1000,0
200,11
788,11
788,11
1200,7
1800,9
1500,5
950,10
1200,11
2300,10
1500,11
1000,3
400,11
788,11
788,8
990,4
700,11
1500,11
788,11
3000,2
900,14
788,15
1500,11
700,7
2000,8
500,11
600,11
1060,11
1200,5
1056,11
400,6
788,11
788,11
900,8
200,11
930,10
9000,15
1200,11
788,8
1500,5
868,11
800,8
700,0
0,3
788,8
1300,11
1800,11
900,8
1442,11
800,3
788,8
400,5
390,4
2150,11
3000,0
2200,11
2000,11
1500,8
1050,8
700,2
3000,8
1200,6
1000,4
1200,10
600,8
900,11
450,0
700,11
1200,11
100,2
1000,4
3500,11
1250,11
1200,11
1200,4
2000,0
800,11
1200,4
1000,9
2800,11
2500,11
3000,11
1800,15
200,5
300,7
400,0
2000,8
1600,11
2000,0
500,9
900,10
1200,8
1200,8
1000,11
1100,11
400,3
300,0
1300,11
880,3
3000,10
350,3
788,8
920,5
2500,15
300,10
2800,15
1200,0
788,8
2400,13
1500,8
1200,11
788,8
1250,11
1500,11
1200,0
1200,3
1200,5
788,11
1800,11
930,11
788,4
788,11
1100,8
1300,12
3000,11
900,11
2200,11
1500,13
350,11
400,11
1200,11
800,11
1300,11
5000,11
800,7
3000,8
1500,11
2000,0
800,11
850,11
3600,15
9000,15
600,5
800,5
400,8
788,3
1200,11
2500,15
1500,8
1000,11
1000,3
900,11
4000,15
1000,11
790,8
788,8
1800,7
1300,8
1000,15
3000,6
788,11
788,0
2400,4
788,4
788,8
2000,2
1000,11
550,8
400,0
800,4
2000,5
800,0
956,8
13000,15
4200,11
1800,11
2000,11
2000,7
2500,14
3000,8
788,8
1300,15
1000,11
3000,11
1200,11
1500,11
2500,11
2000,11
1450,11
0,0
0,3
0,0
788,8
0,0
200,0
600,6
130,2
0,11
394,11
1500,11
150,8
1000,3
800,11
788,11
700,5
300,8
500,8
1576,11
200,4
1500,15
5000,11
1000,1
240,11
0,5
20,4
788,11
600,8
150,0
1014,11
300,11
210,0
600,5
0,3
0,11
150,3
150,4
160,5
120,11
800,7
160,0
80,0
0,4
100,1
200,3
200,5
1000,4
0,8
75,8
500,1
0,0
80,3
220,13
0,2
500,11
1000,11
788,10
0,1
1400,11
780,4
788,1
1200,0
240,3
0,1
400,0
0,0
160,10
400,11
200,3
70,0
130,11
400,6
0,2
0,0
350,1
0,0
0,0
50,0
300,3
105,7
300,0
0,0
0,3
0,0
80,0
360,0
100,11
350,11
120,1
175,5
0,1
200,11
130,0
988,2
80,4
0,0
240,4
0,5
0,0
50,0
600,0
500,0
140,0
1400,15
100,2
1200,11
150,1
788,11
800,0
600,0
400,0
300,5
0,8
1000,6
210,8
0,0
200,0
300,0
1200,0
788,11
1580,11
300,11
1850,11
300,4
700,4
300,2
788,11
800,13
1400,11
420,9
1250,6
1300,15
1000,11
1955,7
1250,11
2600,10
3000,15
788,5
1000,0
788,0
1800,0
788,5
1300,5
1110,10
1800,14
0,0
0,2
600,9
788,6
480,0
0,3
600,6
500,9
788,11
600,4
800,6
940,13
800,8
700,6
788,10
3900,15
3000,15
4500,15
6000,15
4500,11
3900,15
6000,15
7500,15
5000,0
3500,15
4000,15
3700,15
3000,15
900,11
1200,8
788,12
800,0
700,0
900,12
900,11
600,5
800,5
600,10
350,0
400,8
800,5
500,8
0,0
400,3
3000,15
300,4
2000,15
788,13
400,4
250,4
200,0
0,5
0,4
400,8
0,0
0,0
0,0
350,8
400,4
100,0
0,0
100,2
320,8
150,0
0,9
450,6
200,1
788,10
1700,11
788,3
1495,11
800,0
200,11
6000,15
7500,11
400,11
7000,15
1700,11
240,9
788,5
788,3
416,11
1300,8
500,0
1000,11
300,8
3000,9
820,0
2600,15
4000,8
400,11
788,3
1500,5
600,7
1200,3
824,0
788,7
0,11
1300,11
4600,15
4000,10
3000,15
3000,15
3000,12
2079,13
788,4
600,4
900,8
788,0
950,4
788,11
3000,11
1000,8
788,8
1100,11
1000,15
788,11
500,5
788,8
1000,11
600,15
788,6
800,11
1000,10
788,3
788,11
788,11
1160,11
1000,12
1800,8
800,9
1150,2
1000,11
788,11
2500,0
900,3
12000,15
0,11
300,6
2000,11
800,11
1576,15
10000,15
11000,15
4500,15
16000,15
1000,11
9500,11
5500,12
2000,15
1400,15
1070,11
815,11
0,3
600,8
1500,6
300,1
1200,8
900,11
1000,8
850,11
788,1
4500,11
400,11
1200,8
2000,8
600,12
780,11
600,2
7000,15
2034,11
4000,15
15000,15
300,5
1500,8
1800,11
600,11
3500,11
1200,8
800,11
600,11
788,5
798,11
828,11
350,6
788,5
900,12
900,8
788,11
788,11
1100,11
1400,11
788,5
400,3
910,11
1800,6
840,11
500,7
788,8
4000,1
788,11
700,2
2000,11
1200,8
300,9
788,11
788,11
788,8
788,14
788,5
788,5
800,8
788,15
788,11
788,3
2000,11
500,4
1200,11
3000,15
2000,11
850,3
500,4
1000,11
3000,15
1600,11
2000,10
1500,14
1200,13
1000,11
2000,11
3000,15
1200,13
1800,15
788,5
788,9
1800,8
788,8
900,8
788,8
820,13
1800,11
850,11
1400,5
600,8
1017,11
350,5
350,5
750,5
1000,11
788,9
900,10
788,11
788,5
1400,8
1576,7
1000,11
788,8
788,8
500,8
2500,4
788,3
1500,11
788,11
200,11
1000,11
700,11
4000,11
650,11
1590,12
788,10
600,4
3100,15
16000,15
4700,15
1200,5
6000,15
830,11
400,6
1750,15
2300,15
6000,15
1000,11
788,11
788,11
1500,15
6000,15
12000,15
2000,15
400,6
300,5
3500,11
2000,11
2000,11
600,6
1577,11
788,11
500,11
2500,11
5000,15
900,12
1200,15
5000,15
1100,11
5000,15
12000,11
1500,15
700,11
400,4
788,4
1000,8
1000,12
80,10
400,11
3000,11
2200,8
200,8
788,8
1000,3
1200,11
1000,11
4000,15
6000,15
900,11
788,8
2000,11
1900,15
4000,2
2000,8
1500,12
24000,15
5000,15
5800,14
6000,14
4500,15
8000,15
5000,15
900,4
3000,11
2500,15
1000,11
750,3
788,7
1200,5
750,0
900,11
3000,15
600,8
788,11
1200,11
788,11
1000,12
788,8
1000,13
880,3
2000,10
3500,13
5000,15
2600,15
1200,11
4500,11
5000,14
600,11
1000,7
5000,11
4000,15
8000,15
24000,11
1500,8
3000,0
2000,11
788,15
2800,15
500,8
1000,15
800,8
850,7
2000,11
13340,11
5000,15
5000,15
9000,15
10600,15
20000,15
8000,15
1200,8
1600,15
1500,11
1200,11
1500,8
1200,8
5000,15
1000,12
900,11
100,10
400,1
200,0
1383,12
250,4
1580,14
1570,11
4000,15
2500,15
4000,15
1900,15
3200,15
800,8
1500,11
1800,11
500,7
1300,11
3100,15
1800,11
1700,4
2100,11
5000,11
1400,9
870,11
1720,11
2200,11
1500,11
788,11
600,9
600,3
600,2
600,0
788,11
2000,11
800,11
2400,11
1200,11
1200,4
3000,15
788,12
788,12
3000,15
2000,15
1200,12
3000,15
5500,15
5000,15
800,10
5000,15
871,4
800,0
2800,11
8000,11
1000,11
800,12
1200,11
788,0
400,14
4000,15
500,12
1000,12
1700,11
1200,11
1500,11
1200,0
788,11
788,0
300,8
2000,11
1500,4
788,11
2500,12
1000,6
1000,10
500,5
700,4
1500,11
1000,8
1200,14
100,11
1100,8
1100,11
1200,11
800,8
100,3
1500,3
300,11
1500,0
880,5
788,11
880,4
880,0
880,3
788,7
900,15
3500,8
1300,11
2500,8
1500,11
1300,11
830,11
900,2
720,7
10000,15
200,5
788,8
1100,11
788,8
800,11
2000,11
788,11
788,6
1200,11
1200,11
1200,8
2000,15
4000,11
900,11
788,8
2000,11
1400,11
1200,11
788,7
789,11
980,11
1800,11
2500,11
788,11
4000,7
1000,11
830,6
4000,11
1000,8
860,5
1200,11
788,11
1100,11
10000,4
4200,15
1500,8
250,11
1500,4
1500,11
4500,8
5000,15
1100,11
1000,8
788,0
700,11
1200,7
788,5
800,3
788,11
788,11
380,4
788,0
2000,8
4000,7
1200,11
1500,13
788,11
1200,14
2000,8
1500,15
930,11
788,2
788,8
800,15
700,8
788,11
200,6
2000,0
600,0
0,11
1500,11
7200,15
5000,15
3000,15
4000,14
1300,11
11000,14
5000,11
7000,15
12000,15
5000,15
5000,13
3000,15
788,11
2200,8
4000,14
4000,15
900,11
1500,8
900,7
1200,11
800,9
3500,15
788,11
900,4
3000,11
1200,5
1100,0
700,11
800,0
1200,0
880,11
788,8
800,10
1000,13
1600,11
1200,11
872,8
700,7
1100,9
1800,11
700,8
1200,8
788,8
900,10
788,7
15000,15
20000,15
1576,15
400,11
1000,7
1500,4
900,8
850,11
800,10
800,9
1500,5
2500,11
788,8
900,8
788,3
800,5
788,8
1200,10
1000,11
3500,11
4000,11
1100,11
788,11
1040,9
700,5
788,0
3000,11
1200,10
788,11
994,11
1300,11
2000,7
1700,5
500,9
850,9
4000,15
8000,15
5000,15
1000,11
1230,11
1240,11
3000,0
788,11
3000,15
4000,8
500,5
2300,6
1200,8
400,1
1500,15
500,8
4000,11
3000,5
1200,0
1577,15
300,11
3000,15
1500,15
1000,15
3000,15
3000,15
15000,15
2000,15
2000,13
3500,15
350,9
1577,15
1080,9
840,0
788,0
1000,0
2000,11
800,5
1100,8
1086,8
800,5
900,8
2000,15
1200,11
1000,12
788,11
1000,0
788,10
80,1
100,0
1500,3
788,8
2000,11
3000,11
500,10
1020,11
1800,11
1123,14
1000,15
1500,15
788,15
300,1
788,8
789,11
788,4
1000,4
600,10
1800,8
600,9
1500,6
1249,8
1200,11
1000,7
600,11
1200,11
1200,8
500,6
1550,15
395,11
1500,11
600,8
300,6
1000,14
800,1
1025,10
788,7
900,4
1200,9
500,5
600,5
1200,11
950,11
788,11
900,11
880,11
1000,8
2900,12
788,8
600,7
4200,15
900,7
5380,15
400,1
180,10
200,1
788,2
600,1
3000,14
2500,14
788,7
788,0
3500,14
1000,7
22000,15
25000,15
600,14
10000,15
3000,14
10000,13
1000,4
700,5
400,3
788,11
788,8
1000,8
788,5
2000,8
700,8
788,11
4500,14
1182,8
2000,11
788,11
700,6
800,8
950,5
5000,8
788,11
1200,11
883,8
2000,7
500,13
788,10
788,11
800,8
250,11
788,4
950,2
400,5
1700,10
900,5
1300,5
875,8
1117,8
900,0
600,0
600,1
700,4
1000,4
200,0
893,8
3500,15
200,6
300,6
800,8
750,8
800,8
800,8
4000,7
450,11
80,11
100,11
1800,11
600,3
948,9
820,11
90,3
1000,5
0,4
828,10
4000,8
100,4
1200,4
300,4
788,11
0,5
720,11
600,10
1500,11
2000,6
1000,8
900,4
1400,2
788,3
900,1
1000,3
800,5
788,0
300,8
788,4
20000,14
800,10
2600,8
841,7
450,11
1080,13
860,11
970,11
4500,11
140,4
788,11
300,4
1000,11
1000,5
788,11
788,7
1100,9
800,4
788,6
1800,8
600,4
788,3
500,11
4000,11
220,8
1000,11
200,0
2000,11
800,8
180,0
1000,8
2500,13
788,11
200,14
815,11
300,9
788,9
800,4
1000,11
1300,15
788,11
3000,8
150,4
1500,13
1500,3
7000,11
700,5
788,3
300,0
800,11
788,8
1000,11
1200,6
800,15
1200,9
500,4
1800,12
400,8
1600,4
3600,11
700,11
600,11
800,11
1200,11
1200,11
788,4
400,0
850,5
1290,11
1500,11
600,9
700,0
1800,11
1500,6
1300,0
520,0
1200,10
788,2
1500,7
900,3
1000,1
3100,14
1200,11
2500,9
788,9
788,4
820,15
788,11
908,9
1000,11
788,0
850,6
1500,5
788,8
1000,11
788,11
800,0
4500,11
2000,11
1576,8
1400,11
2500,11
3000,4
788,8
240,0
1200,5
800,11
1000,7
928,5
788,6
850,11
3000,11
1200,11
1300,10
1000,11
788,0
1000,9
480,2
800,3
788,7
340,11
788,11
800,11
900,11
80,0
788,8
2000,1
200,4
350,3
900,4
1300,15
2000,1
1100,8
200,11
2000,3
150,8
2000,11
788,0
788,8
789,7
1200,9
1300,6
1600,5
789,8
1500,11
788,11
800,5
789,11
2000,8
1200,11
788,2
2000,9
600,8
1200,2
1200,8
2000,9
600,11
1000,11
1100,7
800,11
400,11
788,8
350,7
140,2
2500,11
80,8
500,6
900,11
700,2
200,5
800,11
1000,7
550,8
1200,7
1000,11
600,8
800,11
500,11
860,11
788,11
150,8
870,14
900,8
2300,15
788,8
3100,15
800,8
3550,11
1600,15
1500,15
1000,15
788,11
8000,11
1200,15
1000,11
450,1
700,10
788,4
850,12
788,3
788,11
1700,8
10000,8
3500,11
885,11
2000,5
1000,15
828,0
788,5
200,11
50,0
1500,10
900,3
950,8
400,4
760,4
500,7
1300,11
788,8
980,11
500,11
840,8
500,0
350,11
800,2
6000,15
1500,11
2500,11
1340,11
800,11
2365,11
1030,5
1100,11
1200,11
1000,11
390,5
788,5
924,11
800,7
1500,5
1000,8
1200,8
2500,15
700,4
1314,11
700,5
788,2
788,11
846,11
788,5
788,11
1200,8
788,0
788,0
788,11
788,8
788,1
788,5
788,9
1000,1
900,11
1800,2
1000,11
1500,7
2000,11
800,8
800,4
850,4
800,5
788,5
825,12
1200,8
800,11
887,11
1000,11
900,11
1000,8
900,11
900,11
900,11
3500,15
1200,11
788,11
5000,13
500,11
400,8
1550,13
1000,11
1400,11
4200,14
2300,8
1700,13
900,14
1400,15
1400,15
1600,11
788,11
1200,14
1400,14
800,11
2100,15
1700,11
830,14
2200,11
400,11
1000,11
3000,11
2000,15
3000,14
620,5
4800,15
340,6
8000,15
1500,5
788,11
800,8
1000,3
788,4
980,8
900,8
788,8
788,11
980,10
2200,8
800,11
1100,4
1750,8
3000,11
877,8
700,11
788,8
2100,15
800,4
700,3
1400,11
1000,8
2000,11
2000,7
2850,15
3500,11
788,11
788,5
900,11
800,15
1200,11
788,11
1200,5
250,8
1500,11
2300,12
782,11
1400,11
1000,14
150,11
2600,15
950,11
1900,15
200,4
788,11
1500,11
650,8
788,5
788,7
900,11
788,8
788,11
6500,15
1500,7
3000,8
780,7
788,8
1500,4
7000,11
2000,8
0,7
3000,15
800,11
500,11
1400,8
1500,15
800,0
2000,8
1500,8
1200,15
1800,11
3200,11
2500,15
2500,15
2000,15
4000,11
3500,15
800,11
3000,15
3900,11
5500,15
8000,11
3200,15
8000,5
7100,15
6500,15
4000,11
3200,15
1300,5
4400,12
1500,8
900,11
970,11
1000,10
100,5
1600,10
890,8
2800,2
5000,11
1000,7
900,2
788,10
900,11
7500,15
1164,11
788,11
788,11
980,7
900,8
850,3
2000,10
200,6
7000,10
4500,11
4500,11
6000,15
1000,2
2000,14
2000,11
875,11
3100,11
1080,11
788,11
1200,11
1800,8
1500,11
880,1
1200,8
2400,11
400,9
500,1
788,9
788,14
1600,11
350,0
800,11
700,3
600,0
789,15
1800,11
788,11
800,0
1500,6
0,4
800,3
788,5
788,5
788,1
300,4
3200,9
3000,15
3000,11
1200,8
1000,8
788,15
1050,11
1200,8
3000,12
1500,11
1500,8
1500,11
2100,11
2000,13
3000,13
900,10
5000,7
7000,15
2500,15
1500,15
1800,14
2000,15
2500,15
1200,13
2300,15
815,11
788,8
1000,15
1300,12
800,10
6000,15
2000,11
788,11
730,14
789,8
788,8
1300,5
816,5
850,2
4000,13
875,11
3000,11
6000,8
1016,11
1000,4
476,8
600,11
1000,8
3000,5
788,15
0,3
0,10
0,4
160,8
0,0
70,4
600,0
360,0
600,2
0,8
1750,11
120,0
2364,14
788,11
12000,15
0,8
1500,11
788,9
720,0
788,11
4400,8
788,8
100,8
100,0
0,8
208,0
80,3
1700,11
0,0
1000,0
1000,0
0,6
0,8
1200,11
600,2
1100,11
0,0
788,8
800,15
1000,10
788,1
500,0
788,3
800,0
450,3
600,5
450,4
250,11
2000,7
2700,15
1200,15
800,9
850,8
500,11
788,9
2200,2
120,7
900,1
850,11
1300,8
3500,10
1350,12
3000,8
42,1
3000,11
788,11
100,0
500,8
800,1
1469,11
600,5
788,11
788,8
2000,7
6000,15
812,11
700,11
3000,14
500,1
950,8
0,3
788,8
788,11
1000,3
800,1
788,11
788,11
2300,5
1200,8
2000,11
600,7
240,0
200,0
900,4
600,5
1000,5
500,11
6000,15
394,4
800,1
600,5
50,0
2500,11
1400,11
800,15
700,5
500,1
750,11
0,3
200,0
3000,11
800,2
500,5
400,0
800,0
300,0
100,4
200,0
0,8
0,1
600,11
0,2
80,0
788,11
0,8
150,0
0,8
400,2
0,0
0,0
788,11
6000,11
3300,15
4800,10
5000,11
2000,12
1200,4
850,11
1020,11
2800,15
0,11
0,0
1200,11
788,11
788,8
30,5
2500,12
788,9
0,0
300,4
950,5
150,4
788,11
1500,11
900,11
100,8
900,12
788,10
788,13
9000,15
6500,11
350,8
600,10
1000,15
3000,11
400,6
300,4
788,8
120,11
0,0
400,1
250,4
1000,8
0,1
1000,8
788,11
394,1
320,4
1200,15
200,11
1500,5
0,10
300,11
0,0
395,3
70,8
800,6
0,2
0,0
500,6
0,1
0,1
0,0
0,2
0,8
250,11
0,5
0,0
812,11
788,11
200,8
240,0
300,3
1500,8
788,11
3000,3
1400,8
1200,0
1014,15
1100,14
0,0
788,8
100,1
1000,8
0,0
0,0
150,0
80,11
400,9
200,4
0,0
0,0
0,0
400,5
1560,15
0,0
200,6
300,0
0,5
200,11
400,1
0,0
0,0
0,7
0,0
1500,0
0,0
200,1
0,0
0,1
0,8
60,0
1680,9
950,0
1000,0
1300,10
788,0
1045,8
808,11
120,9
1435,11
4000,11
3500,15
788,15
0,2
1520,11
400,5
1000,10
1017,11
1100,8
500,0
350,7
1700,7
400,0
1000,3
1000,11
700,9
1000,11
250,7
480,11
0,3
660,3
200,0
0,6
788,3
2500,3
1000,10
1966,15
500,8
900,6
400,3
80,2
600,6
460,0
300,4
200,0
400,8
0,2
400,0
40,10
0,0
0,4
1000,0
0,3
300,7
400,0
0,8
80,5
300,8
3000,12
788,11
1000,6
1500,11
2000,3
200,11
800,0
200,11
500,3
1000,6
400,2
788,11
788,11
3400,11
0,4
788,11
7000,15
300,8
950,8
1500,2
2000,11
360,2
0,2
600,0
0,1
0,5
788,7
0,5
0,11
50,6
900,4
200,0
1000,3
0,2
250,1
788,9
800,10
0,4
0,0
400,8
300,2
200,0
300,8
1000,15
50,0
1100,15
800,11
500,0
1191,11
500,4
400,0
500,4
0,0
10000,1
436,8
1100,11
300,11
200,0
150,4
100,0
1079,11
788,11
788,15
788,11
788,9
100,6
1500,11
0,0
300,3
788,8
100,6
150,0
200,5
700,8
800,15
5000,15
2500,11
2000,11
1500,11
1200,12
788,11
800,10
788,7
2300,8
1000,11
788,11
788,11
2100,5
788,4
788,8
270,14
800,8
1000,0
100,0
788,11
788,11
1500,9
600,11
500,5
400,8
788,11
2000,14
500,2
1300,11
970,13
300,0
788,11
788,0
900,3
500,8
788,2
1000,4
100,11
800,8
788,7
500,5
500,8
3000,8
788,11
1400,11
788,7
788,1
4000,11
788,4
1300,11
850,15
788,11
3000,11
1300,12
1400,11
300,2
3463,11
3540,11
788,8
400,11
788,6
600,6
1200,11
1200,11
800,11
788,11
1000,11
788,7
1000,11
2000,11
860,11
500,0
900,13
550,11
900,11
788,11
1400,8
1200,11
1200,7
1600,15
700,4
1300,10
2100,13
2000,10
300,4
1200,11
1500,11
788,11
2000,11
1576,8
1200,11
800,3
788,11
788,9
800,4
2000,11
900,8
2000,8
600,6
800,2
2000,8
850,0
1000,10
1200,6
800,11
2000,13
400,4
2364,11
1000,3
788,8
1077,11
788,11
450,0
788,0
3400,13
1000,11
340,1
1200,6
600,2
788,9
1200,4
200,5
400,11
788,2
1576,14
1000,11
600,11
1500,15
850,11
2000,11
788,2
2600,11
1200,11
788,7
804,11
788,3
788,11
1100,11
450,11
100,5
788,11
150,11
1500,12
300,8
788,11
1500,3
100,1
788,13
1450,11
1000,11
788,5
800,11
900,8
788,11
788,10
800,5
600,4
788,0
1500,11
2300,5
800,5
300,11
880,11
3500,5
1100,13
788,0
1200,5
788,11
560,9
1200,11
1200,11
1800,11
950,11
800,11
400,3
3500,11
1500,10
2029,11
803,7
788,14
4000,14
800,8
788,11
400,3
380,11
1000,0
788,6
788,8
600,0
1300,8
2000,9
90,1
850,11
1300,11
650,5
800,8
200,15
2000,4
800,11
350,4
1100,11
788,2
788,11
1500,8
1250,1
1300,11
1100,13
4000,11
1014,11
3000,11
1000,9
600,7
788,11
100,0
788,11
920,11
0,0
854,11
1200,4
400,5
400,0
200,8
1260,3
788,11
500,3
2000,6
1200,11
1300,11
1200,11
200,11
2300,7
150,0
788,9
788,8
788,11
2000,11
1100,5
350,8
788,3
1000,11
1100,4
1100,8
700,8
1400,8
700,5
800,15
150,3
840,1
230,4
1500,4
788,9
788,8
1600,14
1300,11
930,11
700,4
1017,11
600,2
788,7
800,11
1400,5
300,11
200,4
300,0
500,4
700,0
500,8
500,1
810,8
350,0
1300,3
150,0
2100,15
1007,9
100,15
350,3
450,4
0,6
150,0
0,11
1200,11
788,11
0,8
360,11
150,0
0,0
1100,0
0,1
650,0
600,0
600,0
1200,15
150,11
250,7
1500,8
1082,11
300,9
0,0
1070,11
0,0
30,0
0,7
0,11
0,11
80,0
120,0
400,5
400,11
0,2
0,11
0,4
0,5
0,2
0,0
200,3
0,4
120,9
1100,0
788,7
788,11
530,6
1000,8
0,5
788,5
1200,0
900,0
600,5
500,5
1600,0
788,8
0,0
200,4
750,3
700,3
788,1
88,1
0,15
0,1
0,0
0,5
400,1
0,11
480,0
250,0
800,0
400,4
1500,6
50,0
600,2
500,8
200,11
788,2
2300,15
400,11
1970,11
788,8
2300,11
300,5
7000,15
1250,11
1300,13
280,5
8000,11
3000,15
788,2
200,2
1500,11
1200,11
1500,8
600,11
2000,3
900,7
3000,15
800,1
900,11
1600,13
788,15
100,0
80,1
1800,11
1500,11
400,1
788,11
500,8
900,7
300,4
1000,15
788,7
788,8
800,10
800,9
400,3
400,0
200,0
1000,10
788,9
788,11
1045,15
5000,15
800,11
900,2
740,3
788,11
1000,10
2750,15
3200,15
4000,11
3940,8
830,8
788,8
800,7
788,0
0,0
350,0
1200,8
1500,8
1576,8
788,3
600,4
700,11
800,8
1000,9
824,8
3000,11
600,4
800,13
100,2
720,0
400,2
1280,11
1200,11
1200,15
320,14
2800,11
2300,11
700,7
350,0
0,1
1500,4
800,5
788,9
788,11
1200,11
800,11
1200,11
1200,1
788,4
1200,11
60,5
200,1
788,11
940,11
400,11
1100,11
800,11
788,5
100,11
788,11
900,12
1312,11
788,11
1800,11
1500,8
900,11
1200,11
700,4
800,11
2500,11
1200,8
3900,15
1200,11
1400,11
1500,1
1000,11
480,11
2000,11
3000,11
2400,15
1200,11
3900,15
1200,1
1400,15
1100,11
1200,10
1250,15
1576,12
2500,15
2800,15
1050,8
1000,5
1200,11
200,5
1200,10
788,11
900,11
1000,11
0,4
350,4
0,1
400,11
0,1
600,7
0,0
1576,11
900,15
788,11
600,4
600,8
1200,4
900,4
600,5
240,4
5200,15
788,5
380,11
900,10
700,0
788,11
700,0
700,11
788,11
1200,11
788,11
720,8
830,7
500,11
400,0
0,0
300,0
500,5
280,8
0,0
0,0
200,5
500,0
400,7
4000,8
1400,11
800,9
7000,11
1200,11
1017,11
788,5
788,4
250,0
788,11
2200,15
200,2
200,4
400,0
400,5
500,4
700,5
0,0
200,11
800,10
1500,2
788,8
788,11
507,11
800,3
100,1
788,11
1300,2
500,8
800,11
0,2
450,0
700,2
400,0
0,11
0,3
788,15
790,11
2100,14
850,14
150,1
150,11
0,3
1300,13
300,1
550,1
0,3
1800,3
480,2
1400,3
788,11
788,4
788,11
788,8
788,5
788,7
788,11
4000,2
788,11
788,11
600,0
788,8
788,10
6000,15
788,11
0,0
70,5
0,2
100,8
800,0
150,0
0,0
420,0
240,0
0,2
700,4
200,3
500,0
0,0
450,11
0,0
600,4
200,0
0,0
380,2
788,2
788,4
420,0
600,2
788,15
1500,9
1800,7
1045,15
3000,11
788,11
150,11
1300,15
1000,11
600,3
300,6
0,3
1500,14
700,8
788,8
1000,9
150,0
788,0
100,2
1500,11
1500,15
788,11
800,0
900,11
788,6
4700,15
788,11
500,11
500,4
788,8
1000,8
1200,8
500,0
900,8
788,5
788,11
500,8
788,8
400,8
3900,13
700,8
1090,11
788,6
400,8
300,3
500,5
500,8
800,3
500,0
400,4
700,10
300,0
400,3
800,0
600,6
2000,8
1100,11
650,2
395,0
1200,11
70,7
788,6
170,8
788,5
788,12
600,3
850,5
2000,5
0,0
450,0
788,11
788,8
1200,0
800,8
0,11
0,1
200,6
0,5
0,0
0,8
50,0
0,0
0,8
0,10
0,9
0,1
0,0
0,11
0,0
600,0
360,11
320,8
700,4
800,11
190,4
400,0
1000,0
360,6
200,0
240,1
2000,11
6500,15
1000,11
500,0
1300,11
1700,11
2300,6
500,4
850,2
788,4
1200,11
900,3
300,5
1000,11
1000,11
250,11
788,11
450,2
3500,11
3500,10
2000,11
3500,8
788,11
3000,15
150,10
350,11
2200,11
2300,15
2500,11
788,7
1800,4
1017,11
788,11
150,8
788,0
850,11
300,0
100,8
910,11
1100,11
840,11
1100,11
120,0
100,5
150,0
800,11
50,0
1800,11
300,15
1207,11
788,7
0,7
250,0
200,3
0,0
50,11
0,0
180,8
900,11
2800,15
600,4
788,5
0,3
3000,15
390,2
1300,8
1000,4
3000,15
0,3
300,8
0,3
900,11
0,2
160,1
300,7
260,3
200,0
788,6
788,11
750,6
2300,15
15000,5
918,9
788,9
0,0
788,11
788,0
700,6
800,0
1120,11
788,0
800,1
786,8
480,4
820,11
100,8
2000,11
788,11
1400,15
864,15
788,11
788,11
8000,15
1500,8
788,11
2000,11
2300,15
3900,15
11000,15
8930,15
2000,11
788,14
600,3
700,10
788,4
788,0
700,6
795,0
1125,11
400,11
250,7
250,6
820,8
1000,1
390,0
40,8
1100,6
788,0
100,0
2000,0
788,11
2500,8
5500,11
1200,7
150,6
650,11
200,9
500,3
1200,11
1000,4
700,11
450,2
2000,12
480,8
0,0
600,2
250,0
788,11
700,4
0,5
400,0
250,0
500,0
1500,7
3500,15
788,15
480,0
1650,15
420,0
788,7
788,4
300,0
350,2
0,2
0,0
300,0
0,2
150,5
780,0
0,1
390,0
360,6
0,11
0,0
160,0
1100,0
80,5
900,8
0,0
0,0
4000,3
600,4
788,11
803,14
500,0
2000,5
2200,12
788,3
1000,4
788,11
160,2
60,0
2500,11
320,1
300,0
4000,12
800,0
0,0
100,0
0,0
800,4
50,5
0,0
50,11
20,7
150,6
400,10
2500,15
400,0
788,5
100,4
800,7
400,8
780,15
788,13
0,10
2000,6
788,11
300,1
0,6
0,3
600,11
0,3
0,1
0,0
0,0
0,4
700,8
300,0
0,0
0,3
800,0
0,0
0,5
788,11
200,0
600,0
1400,1
0,0
1182,8
400,2
1000,11
1000,11
788,11
200,0
1000,15
800,10
1200,11
788,9
4000,10
4500,15
3500,15
3500,11
788,11
1000,6
6000,15
500,0
200,8
3000,0
500,0
400,5
800,0
788,5
900,8
250,10
300,10
700,2
788,4
40,11
100,1
788,9
0,4
1500,0
150,4
0,5
900,11
788,4
788,11
788,0
1200,11
500,11
3500,6
2400,11
7500,11
3500,11
1600,11
1597,9
920,11
1800,3
0,8
600,2
500,4
600,5
788,0
2500,9
800,8
1400,7
180,7
2500,7
3000,11
789,1
788,11
1500,15
2700,15
1500,8
788,0
800,2
790,1
700,11
2246,15
1300,7
3000,11
1070,15
788,11
150,3
600,3
5873,15
480,11
2800,1
3000,11
788,12
800,7
200,2
0,0
800,2
300,6
1200,8
1000,1
2500,3
850,11
700,5
800,10
788,9
2500,11
788,3
3200,11
1500,0
2500,11
2500,11
1500,8
3000,15
800,15
1200,2
1014,11
788,7
2200,15
1000,12
1576,10
400,4
400,4
0,4
500,2
2300,7
450,11
360,1
788,11
400,11
80,7
788,13
300,5
788,2
788,6
5000,15
4000,12
5000,12
4200,15
788,10
5000,11
200,5
5000,15
846,12
1200,10
3000,11
2200,11
800,5
1300,11
400,0
1800,15
654,15
700,7
2000,5
9000,13
2400,15
1000,11
2956,11
3600,14
4000,11
788,8
700,15
3500,15
2000,11
4000,15
5200,15
10000,15
1000,11
830,11
788,11
100,0
3100,15
1300,13
1200,3
1000,11
788,5
788,4
500,3
1600,11
6000,11
788,11
1200,11
1200,15
870,12
600,6
2500,12
1500,5
1020,15
2115,9
3000,15
5500,0
788,10
788,11
1800,3
800,11
2100,15
1024,10
2000,11
5200,15
1800,11
15000,15
1000,11
2800,11
2900,15
1500,11
500,12
1200,11
6000,11
2900,11
400,4
1200,8
1500,11
0,2
788,5
2500,15
2000,11
200,8
788,5
2200,10
3500,11
0,4
400,11
400,8
788,0
1600,0
788,12
788,9
200,11
3000,0
1300,5
3500,11
150,5
1200,3
900,0
600,4
788,0
1800,0
1400,0
394,9
800,11
1030,0
700,7
250,4
600,0
788,4
1500,11
1500,1
0,4
0,4
0,4
600,4
600,8
788,5
788,4
400,2
0,0
800,0
0,5
950,5
0,3
0,0
0,11
150,0
789,5
1000,5
1000,7
1200,5
788,10
0,6
300,3
788,3
500,9
700,4
0,3
788,6
0,1
1300,6
600,11
500,0
500,3
700,4
4000,11
300,4
800,15
500,11
600,11
500,4
500,1
300,6
0,1
788,10
3000,11
895,8
500,5
700,14
1200,8
788,11
788,11
788,0
300,6
400,1
100,0
0,4
150,1
200,0
0,4
0,8
2500,15
400,7
5000,11
1200,10
788,5
788,9
300,11
500,3
788,10
350,4
788,3
5000,15
1000,1
300,11
500,3
800,1
450,0
788,5
1300,5
600,0
1500,11
820,1
788,0
300,4
1500,0
500,10
788,11
400,0
788,0
0,0
700,0
0,3
600,10
1500,4
0,8
800,0
1500,8
800,4
100,0
945,11
1500,15
788,8
0,7
2000,15
1300,7
500,12
1200,5
0,8
1000,8
1200,7
1180,11
45,11
788,0
600,4
800,0
1025,3
950,11
200,9
200,6
830,0
1200,3
788,8
600,8
788,6
1200,11
860,11
788,3
1970,15
500,12
788,4
2800,9
0,0
1500,15
400,0
0,2
480,1
600,3
500,5
0,3
5000,9
788,11
400,9
788,6
2500,15
788,11
1000,11
120,5
1000,0
50,8
360,1
2500,11
788,8
100,0
300,1
2500,0
0,2
800,11
1600,0
788,7
788,5
788,11
80,0
240,3
788,8
0,4
250,4
788,15
1500,13
800,4
800,11
700,8
2000,11
1500,15
800,0
788,6
2000,5
788,10
430,4
1000,11
2000,14
0,0
0,3
1000,4
500,7
788,8
1000,1
1000,0
1200,5
788,0
1000,6
788,5
900,11
1250,11
1200,8
900,4
1200,1
300,11
950,10
788,11
788,11
300,0
900,11
788,11
1000,11
1000,8
100,4
300,1
700,10
450,1
1200,4
900,8
0,15
788,11
1000,11
1800,11
1000,11
70,1
2500,11
10000,15
3400,10
788,8
2300,15
2000,0
8000,15
1500,11
7000,8
400,11
788,15
200,10
7000,4
4000,11
1000,11
5000,11
788,7
1500,1
0,0
1000,0
850,10
3600,8
788,11
788,5
7880,11
7000,15
3000,9
2600,15
5000,15
3000,15
1400,15
788,4
1200,2
350,0
788,1
788,11
300,15
788,6
1400,11
830,9
1150,8
1800,11
2600,15
3800,11
1110,10
2800,11
2500,15
3000,11
850,11
1200,11
1500,15
5000,11
796,11
400,2
880,14
900,13
850,11
1000,11
2000,4
400,3
908,8
800,1
1000,6
800,2
1200,11
2000,8
788,11
1200,1
800,11
1800,4
900,11
788,5
900,4
1200,11
800,9
1200,5
818,11
800,13
788,10
1500,13
1600,8
1300,11
2500,7
830,11
788,11
850,11
788,4
2500,11
900,11
800,4
900,3
850,11
1000,11
1600,15
1600,15
788,11
900,8
788,6
830,4
1400,8
1000,12
1400,5
2000,6
1500,11
800,11
1000,4
2100,8
160,8
788,11
1300,15
788,8
788,11
0,11
2500,11
2300,15
3000,11
788,10
500,3
850,9
820,9
788,11
1200,11
788,8
1500,11
1200,10
1200,4
788,8
1200,13
600,8
500,5
940,8
788,4
1500,8
788,7
500,8
800,11
1700,11
200,7
1000,10
4000,15
1000,11
3000,8
5000,11
1200,14
7000,15
10000,15
2100,15
12000,15
3000,15
15500,15
10000,15
2000,6
400,9
3000,13
1000,9
789,4
830,5
220,0
2000,8
1500,15
6000,11
3940,11
2500,11
13000,15
7000,15
4340,15
2800,11
1500,11
0,11
2000,15
9000,15
1576,14
10000,11
5000,15
4000,15
4500,15
9000,15
2000,15
810,11
1224,11
420,4
2000,15
3500,11
788,11
2000,15
3000,11
5000,15
3300,15
3600,15
3800,15
1000,11
788,8
788,11
788,15
0,11
1500,11
1200,11
1000,4
1190,11
1200,11
1500,4
1560,7
3000,15
5000,15
1000,15
1000,14
2000,12
1100,11
900,11
1000,15
3500,15
788,11
980,10
1500,7
2000,3
20,4
788,3
1000,6
2000,9
400,3
856,0
1000,11
788,11
788,11
3940,11
788,8
4000,11
1059,11
788,6
1800,15
5000,15
600,15
800,5
788,3
845,5
788,6
1000,11
830,11
0,11
845,11
1500,8
800,8
1200,11
950,15
788,5
1500,10
2000,14
800,14
2400,5
400,0
1350,15
1500,8
788,5
800,8
788,1
400,0
500,2
1000,11
1500,15
788,15
800,2
788,8
788,11
2000,15
2500,14
900,11
2000,12
1200,11
1000,0
1150,11
300,11
250,5
788,2
788,8
788,0
788,8
788,0
788,11
788,13
788,11
788,11
788,11
1570,15
788,3
1000,11
1200,3
900,0
1300,15
788,11
810,11
788,4
0,0
788,0
0,3
788,0
1500,1
788,11
400,8
1000,11
250,7
1000,0
120,0
200,2
788,11
788,8
400,0
0,0
1200,11
200,5
800,11
788,0
100,8
0,0
150,5
788,4
0,15
700,11
0,0
375,1
350,7
1160,7
400,2
800,7
1500,7
400,0
900,11
788,11
0,3
2500,15
300,0
950,4
1200,9
1100,11
2500,11
394,4
788,0
1600,9
1790,15
40,1
0,2
400,7
960,11
788,8
1100,8
720,5
300,1
150,1
200,0
0,1
0,11
788,14
788,4
800,10
250,11
90,6
788,8
788,11
60,0
3000,12
0,5
2000,11
600,9
1500,11
3100,15
400,10
4500,11
788,11
1350,11
1040,7
3000,8
788,0
400,8
650,7
400,10
788,11
788,11
75,1
2300,11
1800,9
5000,11
788,6
800,11
2800,11
400,4
788,8
800,9
3500,11
500,11
400,0
500,5
1500,11
550,1
788,11
450,2
720,0
1000,11
1576,9
1000,0
830,10
788,11
150,11
3000,15
550,10
200,7
788,4
700,7
350,0
0,0
0,3
0,0
800,9
0,0
0,4
0,5
120,0
1600,0
600,0
0,5
1900,15
788,11
788,10
788,0
1500,4
500,0
700,4
700,7
180,10
200,11
1576,4
2600,11
793,11
788,8
0,0
750,2
1245,11
1576,15
788,4
788,11
1200,7
800,4
500,4
1576,6
300,1
788,0
788,8
1300,11
140,5
788,9
1200,11
1200,8
788,0
788,15
800,11
788,11
788,8
1100,11
1500,11
788,14
1700,8
1240,9
1200,12
1200,11
788,0
1800,9
788,14
788,14
788,8
3000,11
1000,15
800,11
788,11
750,9
788,3
1100,14
2364,11
350,2
200,6
500,4
250,5
1500,10
1500,11
1500,6
1576,15
1576,11
70,7
250,2
100,5
1300,11
350,3
280,5
394,6
400,0
789,2
100,0
900,6
788,11
3000,2
7000,11
250,7
0,8
450,7
980,8
300,2
788,11
800,6
800,11
600,0
2000,15
450,10
500,2
0,1
300,0
1010,8
300,6
300,3
788,0
100,0
200,3
396,11
788,8
1500,8
5000,14
400,11
900,1
1000,15
1000,11
600,11
200,3
0,4
788,11
2500,15
1000,0
360,4
300,2
600,0
400,10
400,11
100,8
788,1
788,3
600,0
0,0
0,1
0,3
150,0
1000,1
600,7
350,0
788,1
300,3
0,3
0,0
300,0
1500,13
500,9
170,3
300,11
788,3
700,11
200,0
25,4
600,3
1000,11
788,6
788,4
788,11
920,15
500,0
1200,11
300,10
150,4
788,4
900,11
788,3
0,0
2500,14
500,0
0,0
200,10
1200,11
400,0
788,2
788,0
60,0
0,0
0,0
0,0
10000,15
1500,8
0,4
2000,11
1900,15
100,9
788,15
1000,11
570,3
800,4
170,8
300,0
400,4
160,4
80,3
50,0
1500,11
200,0
400,4
700,9
1000,11
400,11
788,8
788,3
0,12
394,4
10,4
1014,11
1014,11
1182,1
700,0
788,0
0,0
1000,4
800,0
200,11
1040,4
400,11
300,8
560,7
1000,5
420,1
900,11
788,1
800,4
500,15
6000,15
200,1
1014,15
1200,9
789,6
1350,5
67,4
400,1
890,13
1200,8
0,0
4000,15
800,11
3000,15
110,4
2500,7
1800,13
320,15
986,4
2000,15
2500,12
1200,11
1600,7
3000,11
1500,0
3400,11
300,9
948,11
100,0
1000,11
3500,15
10800,13
12000,15
4000,15
8000,15
4000,15
20000,14
5000,15
6000,15
1400,11
2000,15
1900,13
10000,15
1200,4
1500,2
2700,15
788,6
788,14
1576,8
4100,15
3500,11
900,8
1000,10
788,8
180,0
1200,11
1200,6
400,11
500,6
0,0
788,0
200,0
0,0
450,8
500,9
1100,14
0,0
800,7
0,0
1100,6
400,4
2000,0
1000,3
0,0
1140,8
0,2
1800,0
2500,11
0,0
1370,14
0,1
0,0
0,0
800,4
788,8
1182,15
1000,11
2600,11
1000,11
800,5
1380,8
200,11
800,5
1000,13
1200,15
2000,11
788,1
700,2
1700,11
1200,4
820,4
1000,8
2500,9
0,0
400,3
1100,11
700,11
400,8
788,6
1000,12
5000,15
1097,11
200,11
788,6
900,0
5000,11
788,0
800,11
700,5
8000,15
1100,13
2000,11
120,1
600,1
100,5
900,10
720,9
200,11
788,12
788,4
60,3
900,11
250,8
750,0
940,11
788,6
1576,4
1100,11
1600,11
395,8
900,11
1500,11
7000,15
0,11
1100,5
0,5
10000,15
150,4
788,10
788,9
1300,15
1576,11
1200,7
2000,11
915,11
1100,13
500,0
942,12
2200,15
789,11
1660,11
788,11
800,15
1400,15
788,11
2000,11
1500,14
3000,11
400,11
1200,13
788,11
600,4
1000,11
2000,15
2000,11
788,11
507,11
1200,11
2000,4
1150,11
400,4
788,3
788,5
788,12
800,11
1300,11
1500,7
2300,8
930,11
788,12
900,11
788,11
788,15
788,11
5000,11
1200,8
788,0
788,10
788,11
1000,8
788,15
27,11
4200,11
2744,15
1400,11
700,11
2500,15
1100,15
1000,12
12200,15
100,9
2500,12
1500,7
1000,8
788,0
995,0
2365,12
8950,15
7000,15
1500,11
1200,11
6240,11
800,3
320,9
820,8
788,11
280,0
1280,8
350,0
1000,11
1200,8
600,8
250,1
0,0
600,0
0,1
300,9
750,8
0,2
800,12
788,0
2200,15
788,7
1000,2
0,3
150,2
0,2
788,11
788,1
0,0
300,4
600,4
2100,2
480,0
800,4
700,0
850,4
250,1
300,4
800,8
160,4
1000,0
1050,0
0,0
350,0
1200,0
150,2
0,1
2300,11
788,11
1200,11
2000,5
1500,7
788,2
700,11
2300,11
950,11
788,11
200,4
80,8
480,4
300,0
600,5
3000,0
160,8
800,11
0,0
0,0
800,4
788,4
800,11
788,11
500,14
0,1
100,0
100,0
250,0
1200,12
100,4
0,0
100,0
200,8
200,0
800,3
100,5
788,5
2000,15
788,8
1500,15
1000,11
1500,11
3000,11
5516,15
1576,6
2000,11
788,3
0,0
2554,11
700,11
4728,15
1500,6
788,2
2500,15
1500,11
700,0
1400,15
788,8
788,4
930,8
0,8
500,5
0,4
0,0
600,0
1000,4
0,1
700,4
0,2
800,0
600,6
788,6
2000,0
3000,11
1700,15
200,1
800,7
300,4
200,4
788,15
1200,9
950,11
1200,8
400,8
788,6
1000,4
300,0
788,0
1000,5
788,15
800,11
0,5
80,1
900,11
500,2
500,0
1600,0
100,3
200,6
600,3
1200,0
0,1
788,8
788,11
788,4
1300,9
788,0
788,10
400,5
900,7
600,0
480,0
250,4
900,11
788,11
0,0
788,2
250,13
12,0
300,1
0,0
120,4
60,0
0,0
788,9
2000,11
500,0
40,0
90,0
0,0
350,9
0,4
1800,4
804,8
800,3
900,3
800,11
850,4
800,4
960,5
900,11
788,13
2000,8
3053,15
2000,15
2000,15
6000,15
5000,11
1400,15
2000,13
4000,15
1900,15
1800,15
3600,15
7000,15
4500,15
911,11
4000,9
1200,2
900,1
1000,3
400,11
60,3
788,3
1500,11
1060,11
788,5
1000,4
1000,0
788,5
1200,11
6000,15
2000,11
2000,8
1000,13
1900,15
950,4
1800,11
3000,13
5000,11
3000,11
788,15
1500,15
800,9
788,0
900,15
3000,14
3500,15
670,15
724,15
946,11
1500,14
3000,11
1000,14
788,11
400,7
1000,11
10000,15
2300,15
3500,15
788,11
2000,13
800,11
1700,14
788,15
788,6
1100,11
990,11
788,15
1500,11
1400,11
2200,15
750,5
2000,9
5000,15
450,11
1800,15
2500,15
6500,15
788,2
5000,15
5000,15
4000,15
8000,15
5000,15
788,15
8000,15
12000,15
3500,15
1200,15
2400,15
818,7
1000,11
1200,15
2500,11
788,15
1500,11
2200,11
788,11
789,11
1000,11
2000,5
850,11
1800,12
1300,8
700,10
788,8
2800,15
1300,12
1500,15
788,7
788,0
100,4
0,0
1500,0
400,1
3000,6
788,0
1000,0
600,11
788,5
750,5
788,10
6500,15
5000,13
4000,15
18000,15
6000,15
4000,15
5000,15
7000,15
600,0
788,13
788,0
1100,6
1500,15
2500,11
400,11
900,11
2000,5
3000,12
300,5
1250,0
1800,8
788,0
1630,0
3800,15
1000,13
4250,15
3200,15
2500,5
3500,15
940,11
400,2
200,8
800,13
1500,8
200,0
800,8
5000,15
1800,15
8000,15
7000,15
4800,15
4500,15
10000,15
10000,11
320,2
480,1
1200,8
200,3
2000,6
788,9
788,5
788,8
1200,4
788,0
1000,0
788,0
300,8
600,2
788,0
80,0
600,5
950,12
788,3
1200,4
2000,7
1000,8
1400,6
3000,15
4500,15
1400,15
2800,15
2000,13
2000,11
0,12
1200,15
3450,15
3000,15
2500,15
10000,15
1500,2
788,8
788,10
788,1
100,11
1300,0
730,6
630,11
900,3
3500,15
5000,15
4000,15
6000,15
5000,15
3000,15
3800,15
2500,14
3800,15
2500,10
3000,11
788,5
788,3
600,10
3000,11
10000,11
3500,11
2000,11
3000,10
3000,12
3100,13
7000,5
10000,15
1000,11
1200,5
800,4
788,6
1800,8
1000,8
788,9
1000,11
2000,8
1500,15
3000,11
1100,9
1200,11
200,4
788,4
550,11
800,11
788,9
1700,1
900,4
1119,11
250,0
788,2
400,0
956,11
2000,2
1000,6
50,4
788,2
788,8
400,0
991,9
2000,12
500,11
1200,15
1800,15
300,5
0,1
800,2
0,0
120,4
30,8
1500,11
40,0
394,13
60,8
800,0
788,11
800,1
500,5
1200,11
600,1
900,11
788,1
788,0
788,4
0,2
600,3
3000,11
2400,15
980,15
788,14
788,11
400,2
200,4
650,5
100,4
788,4
200,2
915,8
350,3
9500,15
150,9
1800,8
788,0
70,11
700,5
788,1
0,1
0,4
0,0
0,3
0,0
60,4
0,0
5000,15
394,13
600,7
788,11
1500,15
788,11
1200,11
788,0
200,8
788,4
1700,11
788,4
2000,11
788,11
400,11
600,0
900,8
240,3
788,1
1000,1
1500,9
500,11
1600,7
380,0
2000,15
1220,11
400,11
30000,15
788,15
800,15
4000,15
1200,11
3500,11
2000,11
1250,11
2600,15
788,10
1200,11
2000,11
2700,15
1000,7
600,7
800,4
500,0
5000,11
788,11
788,11
50,10
788,8
2500,3
3000,11
400,11
788,0
500,9
3000,2
788,5
0,11
900,2
100,0
0,0
300,0
210,4
300,1
788,9
300,4
200,4
750,6
600,0
300,1
2300,7
500,4
3000,4
1100,11
540,0
600,4
100,0
400,3
100,0
110,0
350,3
0,0
200,0
0,8
30,2
1200,5
200,0
394,11
1600,11
240,0
300,0
200,2
300,2
100,0
788,11
788,11
3000,8
460,3
800,7
700,4
788,6
350,0
788,11
70,8
1200,11
788,0
788,9
270,11
788,4
60,0
200,4
120,0
0,3
1576,11
80,8
788,4
210,2
300,0
0,5
465,11
120,0
33,11
550,9
200,8
750,5
80,3
100,5
0,7
2000,5
1500,11
970,10
788,11
300,0
380,3
550,6
0,7
788,15
3000,15
11000,7
2500,13
200,5
300,11
850,2
800,11
800,0
2400,11
1200,10
800,0
300,5
200,2
1300,9
800,4
300,4
1250,0
1200,8
788,11
788,5
200,0
800,11
1100,0
0,0
40,3
788,6
420,0
788,10
750,2
1000,8
400,3
0,4
788,15
0,0
600,8
600,5
250,4
500,2
700,4
160,4
788,0
1000,8
500,3
300,0
300,0
250,4
400,1
300,2
300,11
900,0
48,0
0,2
450,0
600,7
700,3
350,0
700,9
0,2
140,1
200,3
450,4
300,2
0,0
0,0
0,0
100,2
960,3
200,0
600,5
100,5
1200,11
788,9
300,3
750,4
890,12
850,9
1000,7
90,0
1000,11
1080,15
150,7
0,7
500,0
800,11
3160,11
2000,8
400,8
1815,8
0,5
0,0
788,0
0,0
1200,5
0,3
788,8
1325,10
300,5
500,1
0,1
900,5
850,4
0,0
800,8
0,8
788,11
2200,15
788,11
3500,15
1200,11
788,11
788,4
350,8
2000,15
1400,13
400,4
788,6
877,0
1100,5
788,5
1500,4
250,11
2000,4
880,4
400,3
750,0
500,0
788,4
1500,11
788,6
899,4
1000,11
150,0
788,5
788,8
960,14
788,1
830,8
1500,11
788,8
788,5
850,0
788,7
2000,8
3000,8
880,7
320,7
1200,9
860,11
1200,0
300,15
788,9
788,8
948,8
788,7
500,11
300,1
1100,11
2200,15
1500,1
1570,4
1400,11
0,0
930,15
840,15
788,12
820,4
600,5
720,11
800,11
800,11
300,0
500,1
400,11
1100,2
300,5
1000,8
788,6
788,11
200,7
260,1
500,2
200,15
1200,12
1200,0
980,11
400,4
1014,11
788,1
0,1
0,4
1000,7
0,1
3500,4
1200,11
788,11
0,4
100,1
0,8
400,1
250,0
1500,13
1000,0
1200,11
400,4
1000,8
300,2
0,1
500,0
0,0
700,11
600,2
1700,11
788,11
1080,11
1500,2
980,1
600,11
350,2
788,3
600,5
788,13
500,14
100,0
600,4
788,3
1200,2
788,0
450,0
0,0
600,3
1100,10
940,2
2000,5
0,2
800,6
300,3
200,9
0,0
200,0
200,7
400,5
1200,11
1000,11
850,15
789,11
270,2
200,3
9000,15
869,11
3000,10
1500,15
8000,11
1800,11
1576,6
4000,0
788,6
500,11
750,0
2500,0
395,3
3000,9
2000,11
840,11
400,0
1000,11
788,3
800,8
1000,2
100,8
5000,0
150,0
960,6
788,11
300,5
200,8
300,3
800,0
800,8
788,8
200,0
1600,11
400,3
788,5
788,7
2000,4
600,5
250,4
788,11
300,1
1300,11
300,8
788,12
480,11
700,0
788,6
1500,6
788,11
1576,0
788,12
788,7
788,8
900,9
2600,0
1000,9
1500,12
1576,11
500,15
788,11
788,11
1125,11
100,8
150,8
1500,11
788,8
2000,8
1500,0
800,0
1400,11
2300,11
1576,11
900,11
788,11
200,2
1556,8
788,11
5000,8
1300,14
1500,6
600,4
788,8
5000,11
800,10
845,5
500,4
1000,11
2500,11
1200,11
1200,8
3940,15
800,9
1700,8
788,11
1300,6
788,8
1500,11
788,5
788,8
11000,15
1300,9
500,5
200,6
394,1
200,5
600,8
2000,11
900,0
788,11
0,13
1000,0
788,6
788,2
2300,15
788,8
788,0
788,3
400,8
788,11
788,2
500,4
9000,9
850,11
788,3
1000,15
3500,12
780,0
800,5
788,0
360,5
1100,1
788,2
788,13
2000,11
6500,11
240,13
700,0
400,5
0,3
1500,6
0,4
1500,6
170,7
1280,15
260,5
500,6
788,8
480,4
0,5
300,4
380,8
800,2
200,3
800,7
2000,0
0,1
6300,15
2000,13
6600,14
4000,11
5500,15
800,3
200,8
3800,8
400,11
1500,11
2000,11
400,0
2500,15
600,11
2800,11
150,3
500,11
390,7
4500,11
2000,15
700,6
788,5
1750,7
1000,11
1200,0
2000,5
1500,5
788,11
400,2
788,5
1200,10
800,8
788,4
1200,5
788,0
788,11
788,11
1200,11
1580,11
788,11
800,4
3000,11
788,0
0,0
600,1
1100,4
600,0
700,2
700,1
1100,3
788,11
788,2
800,12
3000,15
1500,15
788,11
4000,11
600,3
956,7
450,13
1580,8
1200,0
1050,11
788,5
900,11
300,2
600,2
840,4
788,11
200,2
1000,5
230,2
1200,15
700,2
410,2
410,1
788,9
0,9
300,1
600,2
788,0
500,2
0,1
6000,15
800,11
788,9
600,0
2000,15
1200,4
2110,15
1500,7
7000,15
3500,11
10000,11
6000,15
788,11
700,7
788,7
350,8
780,11
3500,15
0,1
788,11
600,11
788,8
800,11
788,11
1000,0
400,4
1000,11
280,10
788,8
350,3
788,0
300,2
1500,3
500,4
800,0
0,0
500,0
720,5
60,0
788,11
100,4
700,0
15,1
0,4
150,0
0,0
0,3
200,4
40,4
500,8
50,7
400,5
800,8
788,1
788,3
1300,15
1300,15
1500,14
300,0
250,0
1500,3
830,0
800,0
350,0
480,7
500,6
500,0
0,2
300,0
400,1
500,2
500,2
300,0
0,0
1000,2
800,9
500,0
400,0
0,0
200,0
788,4
600,0
788,4
450,2
0,0
200,11
7000,4
120,11
300,0
300,4
400,6
1200,2
250,2
1800,11
400,0
150,2
200,4
200,0
280,0
160,0
200,0
80,3
360,0
250,6
80,4
400,2
400,3
400,11
250,4
320,0
720,0
1000,4
1890,11
788,7
200,5
1180,8
788,7
500,4
800,11
900,11
1000,4
350,8
800,4
800,11
1000,4
1000,3
800,3
500,6
280,5
1000,0
800,11
850,8
700,4
0,0
500,6
240,0
400,4
200,0
788,10
1200,3
100,2
300,4
788,2
1500,15
0,4
400,8
0,0
70,0
40,0
80,0
1300,12
2200,8
1900,12
800,11
3000,8
1000,5
3600,11
1800,11
4000,0
1200,11
10000,12
1200,12
1600,12
10000,12
2000,12
1200,12
3900,12
0,8
3000,1
400,3
788,2
600,0
1200,0
788,4
788,5
300,8
1000,11
1200,2
800,0
1200,2
0,12
0,0
1200,12
300,6
1500,12
3500,12
350,5
1400,11
800,3
1200,10
870,10
1200,10
1200,7
2100,15
800,15
1800,8
1190,11
0,5
0,0
1280,1
500,0
500,0
0,10
864,11
1500,11
180,11
2000,13
1000,7
788,8
1200,4
3000,15
1200,8
2000,12
1000,4
800,2
1580,15
1552,11
800,4
3200,11
1500,11
3000,11
890,8
788,11
2200,11
5000,15
400,10
1203,11
1300,11
190,5
300,2
920,1
800,4
720,0
892,0
1200,4
788,0
788,11
788,11
0,0
300,8
600,11
200,1
750,5
500,0
2800,9
788,11
70,4
2000,12
800,11
950,8
1500,12
850,12
750,11
1300,15
3000,8
6000,15
800,8
800,12
1500,14
788,3
1800,5
500,8
700,0
50,11
788,1
850,11
788,1
300,4
800,4
400,7
1200,11
1800,11
788,11
860,4
788,4
788,14
2300,11
200,9
788,3
788,9
900,11
2400,12
600,11
600,5
788,12
150,4
788,11
788,3
0,2
1765,15
3000,11
2000,8
400,0
100,11
500,0
400,0
902,11
500,0
600,4
0,4
900,11
900,5
50,0
60,0
400,11
800,0
60,4
550,0
40,4
60,4
0,2
0,0
48,4
200,5
1100,2
1000,3
1000,10
788,3
700,2
850,11
788,5
75,4
400,8
3000,11
0,4
50,2
100,2
0,1
200,3
50,2
788,5
0,5
200,5
0,3
4000,11
90,11
1600,11
1636,11
788,10
1500,11
1200,1
1550,12
1200,11
600,11
890,10
700,11
1100,11
3000,11
2300,15
1300,11
800,11
100,8
400,0
1000,12
5000,10
788,11
4500,11
788,10
1200,2
500,4
3000,11
2500,11
200,15
900,15
1200,11
0,10
1600,8
100,0
2000,4
1500,11
500,2
950,11
1000,8
2000,10
960,12
788,8
3000,4
1200,9
1200,11
500,4
500,3
921,11
600,5
2000,5
788,8
1500,7
788,4
1000,8
788,11
1000,5
900,6
1280,11
1500,11
788,11
789,9
800,11
1500,11
600,12
1000,6
1200,11
400,11
2100,8
788,5
500,14
500,7
1500,11
1000,0
2000,11
788,3
788,5
1200,9
955,11
1300,11
900,15
500,15
1300,12
1000,11
800,11
600,13
1000,11
1400,11
3000,2
22000,14
800,0
1000,11
2000,11
2300,0
788,10
900,4
790,8
788,12
0,12
1500,11
788,8
6000,15
8000,13
2364,11
1576,0
2700,11
1500,8
788,0
750,6
400,0
160,11
0,0
1500,11
788,5
900,5
788,3
3500,15
1700,4
1000,15
1450,7
415,7
900,8
788,4
2500,15
3500,11
6500,15
1200,11
800,11
1000,11
900,0
3000,11
1700,5
3000,0
1600,15
300,8
924,11
780,8
400,8
1200,11
1200,11
788,5
788,8
1400,11
2000,11
600,8
1000,4
800,2
850,10
200,5
1000,11
300,2
300,8
800,9
3940,5
2100,13
2800,8
2000,15
1200,5
400,2
800,15
1000,0
788,0
600,11
2000,8
788,0
1100,5
160,3
300,0
1250,6
1200,15
300,2
140,8
1000,5
800,11
2000,0
1100,1
1480,15
788,8
1000,11
788,0
1100,5
900,4
788,8
788,2
3000,15
1000,9
1000,11
5000,11
1100,10
950,11
1000,11
450,2
800,11
400,5
788,0
2000,7
1000,4
0,3
800,7
500,6
0,1
200,1
150,0
0,0
1230,4
788,3
800,3
700,5
480,4
1100,5
480,9
800,6
600,6
788,9
100,0
800,8
1080,3
400,8
350,8
1100,8
1080,5
880,9
500,4
800,3
830,11
1200,1
1200,11
925,11
1390,11
800,6
788,8
5000,11
1082,11
1000,7
1200,11
1200,15
788,1
788,4
788,0
1679,7
788,0
788,0
788,0
788,8
788,3
1200,4
400,5
600,7
788,0
788,3
788,6
4500,5
788,8
1100,11
1000,0
2000,11
3800,15
800,11
1800,12
950,11
788,11
788,11
1000,11
0,0
900,5
1000,10
350,3
250,1
300,2
300,3
400,4
0,3
400,4
400,8
450,0
788,6
500,0
0,0
0,0
600,8
788,5
2000,3
788,11
200,0
1000,11
0,2
300,0
400,6
1200,8
1200,11
50000,11
4000,14
1500,11
320,3
500,1
788,6
67,11
400,4
1121,10
788,8
788,5
1576,11
788,0
200,4
788,7
1200,4
789,8
2500,12
2500,15
3000,8
500,3
2200,12
5000,3
10000,11
2500,14
900,12
2000,11
5500,15
2000,11
3000,11
1500,15
10000,3
7000,4
1300,7
788,11
5000,4
788,9
1200,2
500,5
788,0
250,4
780,0
1000,2
500,0
3500,7
100,12
400,4
1200,0
300,0
350,0
788,11
700,4
700,3
100,8
2500,15
1500,11
300,2
2000,3
1200,3
900,5
800,11
2400,11
0,0
500,4
1500,11
500,8
300,4
200,5
0,0
500,8
788,0
200,3
150,4
600,3
400,5
100,2
240,0
0,5
100,7
788,0
0,3
0,1
2000,9
1500,0
880,0
200,0
788,4
600,0
60,9
800,0
0,0
240,3
200,0
1200,9
150,11
1000,5
40,2
550,11
788,11
2000,11
600,8
2000,11
2300,12
1570,4
900,11
788,8
1000,11
500,11
815,11
1500,11
1000,11
800,15
780,11
300,4
500,6
900,8
2000,11
788,11
1700,11
1040,11
788,4
1080,8
900,6
3000,11
788,1
900,11
10000,15
1000,4
1200,11
150,5
788,11
1100,11
788,11
1900,11
1300,6
300,0
788,11
1000,11
500,0
250,11
1000,2
500,4
450,11
1500,11
2300,7
2000,15
1400,7
788,11
1200,15
0,3
0,0
350,4
200,3
240,0
2000,11
480,3
500,11
600,0
120,7
500,11
400,8
500,11
200,7
0,0
0,3
0,0
600,2
700,6
0,2
900,0
320,5
2000,11
1500,11
1050,8
840,11
1500,11
800,3
800,8
800,2
1100,5
600,3
400,9
0,0
1000,7
400,4
1100,11
1500,11
900,11
788,11
800,11
788,13
3400,11
1500,8
3000,14
1800,11
910,11
788,8
850,0
400,11
1100,11
1200,15
1200,15
788,7
0,4
1200,6
788,6
1500,12
600,5
900,15
800,0
500,8
788,5
5000,15
2080,13
700,7
500,4
800,1
750,5
788,3
200,11
1700,15
788,7
1400,0
0,11
80,11
700,3
3000,0
0,3
300,5
1900,1
800,1
420,11
1108,7
3500,8
400,11
788,11
900,5
0,3
800,0
366,2
800,2
0,5
0,0
900,0
300,0
980,3
1200,15
1800,8
788,3
700,5
450,0
0,8
900,3
1200,5
1000,8
1000,15
788,8
700,2
0,4
700,11
900,2
1080,12
3000,0
1500,4
400,7
400,8
5000,15
2400,11
250,0
788,0
2000,15
1000,11
788,3
400,7
788,11
700,7
788,2
1200,11
200,3
850,4
1000,11
400,3
0,0
500,4
800,10
1000,10
2000,11
0,4
1300,10
350,11
788,8
788,11
0,0
250,1
200,2
20,4
400,0
250,5
950,11
400,8
1400,15
1260,11
1300,11
800,6
788,3
900,11
1200,7
3000,11
1500,11
788,7
788,11
120,8
800,5
788,8
1576,4
4000,15
1576,11
834,15
1600,8
600,5
700,4
1500,11
300,3
700,0
70,2
788,8
1400,11
5000,15
1500,0
900,11
1000,11
2000,0
1000,6
400,3
830,8
600,4
1000,11
600,4
600,0
800,4
150,5
800,12
1500,12
1500,12
2000,12
1200,11
1000,11
200,4
788,11
900,8
700,8
1000,4
600,4
788,4
1000,11
1000,7
788,4
872,13
1200,5
3400,14
600,1
1100,11
1000,13
200,0
1000,15
1200,11
800,11
1600,11
800,5
0,0
1000,4
900,0
2000,5
1700,6
1300,9
1200,8
1600,15
800,9
1400,11
800,8
1000,0
2500,15
9800,12
1500,13
6000,8
900,8
10900,15
40000,15
3500,15
1500,8
1500,12
1500,5
788,11
1400,11
788,8
2512,9
788,0
1200,4
1200,15
872,11
1350,8
1800,15
1200,8
2000,3
300,8
788,9
2000,13
3500,11
7000,8
2500,9
1500,11
500,0
1000,7
906,6
788,6
8000,11
910,11
788,8
1500,11
1800,11
200,11
1200,4
788,11
1600,11
1000,11
788,8
1500,8
80,5
800,5
1700,11
5000,11
1500,13
1400,11
800,15
2300,11
1200,11
788,11
1576,0
1200,14
1100,11
1800,8
6000,15
1200,10
1094,5
788,11
2600,12
1300,11
300,11
3500,11
1500,3
1118,11
2000,11
1600,10
788,11
2400,13
2000,11
600,11
800,11
920,6
788,3
1000,5
200,3
850,10
850,7
200,9
800,4
900,6
2300,15
12000,11
4000,11
700,15
1200,11
788,7
788,4
1927,11
1500,13
1600,10
1000,7
500,5
1400,11
500,4
500,5
350,11
1000,11
200,11
710,7
800,7
788,5
788,4
900,5
788,8
360,0
1000,15
813,11
1940,11
1100,5
1100,8
2000,11
16000,11
1200,11
200,1
870,3
500,5
1200,11
1500,1
788,1
800,4
788,0
3500,8
2300,11
2100,11
788,11
400,0
300,4
820,11
800,11
1400,6
300,4
100,3
1098,11
600,11
600,4
100,1
788,4
788,6
1000,1
3500,12
3000,13
100,11
200,4
1500,2
788,0
1200,0
800,0
1576,11
1500,11
1500,6
1000,10
2000,0
2000,11
788,11
600,8
800,11
2000,5
1000,8
800,5
1500,15
1500,7
888,11
1800,8
1180,11
1200,12
3000,11
2000,15
788,5
1100,11
1000,11
1300,8
915,8
788,6
788,11
200,11
1546,11
6000,12
788,11
200,1
1100,11
1600,4
1100,11
920,11
0,4
788,11
4000,11
788,11
788,5
788,11
788,5
1200,11
300,3
1200,11
500,9
1700,11
1080,8
1400,4
788,12
788,11
200,5
788,11
1000,9
800,4
1500,11
1500,11
400,4
400,8
788,11
1580,5
1500,4
1500,11
788,11
2000,11
3000,11
788,7
2000,0
900,8
810,0
1200,15
800,11
100,0
788,12
3000,15
1500,11
788,3
2500,11
1000,11
1200,15
350,11
1300,10
3500,15
915,11
788,8
2500,8
860,15
1300,11
1600,11
2000,11
1000,9
3000,8
750,1
1000,11
800,11
1200,5
871,7
800,10
1000,8
1000,15
1000,5
1500,4
800,7
1500,11
6000,11
1400,11
800,6
800,8
700,4
600,11
1500,11
1800,11
789,11
800,4
800,11
1000,11
300,11
1400,4
900,11
1000,7
1600,11
2000,11
1400,10
2000,6
1000,11
800,8
1756,9
1400,11
1000,10
800,0
788,5
1000,8
1000,5
600,2
1000,11
600,8
1000,10
600,12
788,6
800,7
788,11
600,12
1000,4
1600,11
1000,8
1500,10
1300,9
4000,11
500,11
320,11
300,3
800,15
500,8
600,7
890,11
1100,4
788,11
850,4
1200,11
1000,11
500,11
700,11
788,10
1330,11
2000,15
1000,11
1000,11
400,11
2000,15
850,11
500,11
788,7
160,0
300,15
1900,11
1500,11
3000,15
1500,11
2500,12
1200,0
850,11
788,5
1800,12
600,4
1200,11
1200,4
788,4
1000,11
1200,7
788,4
788,4
1452,11
3000,11
1500,11
200,15
1200,7
300,8
3900,11
2500,9
700,8
70,5
4000,11
2800,11
788,2
2000,11
890,10
788,5
1985,6
788,11
950,2
800,9
1200,3
1500,11
788,2
1000,7
800,11
3200,10
200,1
0,0
500,0
640,0
1700,1
200,11
0,0
1200,15
200,3
400,0
300,5
2000,7
788,5
900,11
788,2
788,4
0,4
2000,14
2000,4
900,11
100,2
700,8
800,4
0,0
0,2
0,0
0,0
788,6
788,11
900,5
500,5
788,0
2000,11
788,7
600,0
788,11
788,11
0,11
250,2
788,0
1576,0
400,6
0,2
395,4
320,5
0,1
788,4
0,1
0,4
0,4
900,5
788,6
0,12
700,2
907,8
100,11
4000,11
1000,0
788,4
300,0
850,11
788,2
1000,11
788,8
788,6
1000,11
500,0
0,0
788,2
10000,5
788,11
0,11
0,0
250,0
788,11
788,4
788,5
1200,8
1004,11
2400,13
2000,14
1080,8
788,8
788,11
788,6
0,4
200,2
100,8
0,11
650,8
1300,15
2500,11
400,10
2000,7
200,9
1500,1
1000,11
1400,11
900,0
1500,8
788,8
1100,5
1500,12
50,11
1200,11
788,9
45,11
250,8
300,4
1300,8
900,10
788,11
150,0
788,8
350,1
900,2
788,9
400,0
3000,11
788,12
1300,11
1500,11
1200,9
1500,11
1500,7
788,5
788,11
788,15
788,8
900,0
1200,11
900,11
3200,11
1500,11
2000,15
1500,8
1500,11
2500,15
1577,11
2200,9
4500,15
4000,15
1400,9
1100,11
1576,11
550,5
1500,12
1000,11
1400,13
850,11
350,9
788,4
853,13
788,11
788,4
968,15
700,6
650,10
50,4
971,11
400,13
600,0
1000,11
1700,12
5000,15
1577,15
560,2
5500,15
830,11
1000,4
878,11
700,11
788,7
2000,15
1576,11
350,15
1577,11
788,14
950,13
22000,15
4000,4
788,6
788,11
600,7
850,11
890,10
1560,12
500,0
1200,11
200,4
1200,3
1150,11
1200,11
250,15
3750,14
2000,11
965,15
600,5
788,6
800,8
788,11
1400,11
500,5
350,11
1400,15
788,11
3500,9
4800,12
2000,15
788,11
200,11
1800,11
300,7
600,11
1000,15
300,4
500,11
1300,11
1500,6
1200,11
1300,11
1500,11
788,11
3000,14
4200,12
1924,11
900,11
2200,4
7000,10
3900,15
1200,11
10000,11
1000,11
950,10
700,15
950,11
788,11
954,11
1200,11
2700,11
2500,11
3600,11
10000,15
2000,11
4000,14
10000,15
6000,15
3000,15
900,12
5800,15
3000,11
788,11
788,13
500,11
900,15
1200,8
4000,15
200,3
850,1
850,7
880,11
200,11
788,8
788,11
1500,11
850,5
150,4
1000,12
150,3
1750,1
788,9
250,11
2500,11
2500,11
788,13
6000,15
1400,11
700,6
788,8
2364,15
600,8
1200,11
1500,15
1000,11
2300,15
1250,11
2000,15
788,11
360,6
720,0
1000,8
2300,11
6000,6
3500,11
160,11
1200,15
1200,15
1800,12
500,15
3800,12
1500,11
500,11
1200,4
788,2
788,11
1600,9
600,11
1100,8
820,11
788,8
500,4
3100,15
6000,15
1400,11
350,5
1300,15
1200,15
1200,11
1500,13
1200,15
6500,15
788,4
1250,10
1450,11
300,8
1200,11
800,11
1000,7
788,5
950,12
1200,15
950,15
788,11
800,7
880,11
100,2
350,4
300,8
480,8
200,0
788,11
350,0
880,11
1100,5
788,11
788,9
300,2
828,5
1375,13
800,11
700,1
2000,11
300,11
2170,11
1800,11
4000,11
900,10
600,5
1000,4
950,7
788,5
2000,5
1300,7
1000,11
4000,15
1700,15
100,11
450,8
550,8
2500,15
1800,11
3500,15
280,9
0,0
600,5
800,3
500,0
850,0
0,0
500,6
900,12
1200,14
788,11
850,11
960,15
788,11
800,8
300,4
1000,3
1500,8
1600,8
0,0
780,0
788,0
788,4
1120,15
400,3
0,0
788,4
1000,11
500,0
788,4
1100,6
788,11
1000,3
420,7
700,11
700,5
700,6
788,5
800,10
788,0
900,12
788,4
788,1
0,0
0,0
900,11
400,0
0,0
1600,0
0,0
0,0
400,8
1800,11
3270,15
2000,11
1300,11
2910,15
915,11
3000,8
788,8
2000,9
400,11
2900,8
788,4
788,11
2400,11
968,7
1100,7
788,11
788,11
1600,11
2500,15
500,12
1383,12
3500,13
788,0
300,5
1576,11
600,6
788,6
788,9
788,1
1500,11
2000,11
900,10
2000,11
1200,8
1200,7
2500,11
1900,15
788,7
980,8
700,11
800,5
500,5
1300,4
2000,15
1500,11
500,11
2000,11
1000,15
1000,11
2200,11
400,11
25000,15
1000,4
788,11
960,11
1400,11
1800,6
1000,10
788,8
788,8
1500,7
788,5
120,8
300,0
1100,10
2000,14
900,11
2300,11
1200,8
8000,11
2100,11
1300,5
1500,15
1200,15
1000,11
1300,11
2500,15
1576,15
5500,15
788,15
1200,8
2100,15
2500,11
1200,11
900,8
1100,15
300,11
2500,11
850,11
3539,11
1250,8
2000,11
2000,11
2900,11
1500,15
1200,9
1900,11
1500,11
700,2
600,0
2000,15
1200,11
1400,10
3600,11
3000,11
3000,11
1293,11
2300,11
8720,15
1500,11
360,8
788,11
2000,11
1400,11
1600,11
829,10
1500,8
3000,14
1700,11
3500,15
788,0
800,6
600,5
900,7
950,5
1300,7
1200,11
1400,11
300,5
200,11
1600,11
650,8
400,9
900,11
500,5
700,5
850,8
960,15
1200,8
350,8
900,11
500,2
1500,11
3000,11
1500,11
1191,11
870,11
3700,11
1200,11
788,9
3000,15
200,11
600,6
1200,6
1400,11
788,11
500,11
0,1
800,4
1000,11
3800,6
1500,15
2060,11
1160,4
500,11
80,2
400,6
600,2
1000,5
900,8
788,11
900,12
820,11
788,9
3000,8
0,4
938,4
788,3
788,0
35,0
400,0
400,0
200,3
500,0
788,5
720,6
400,4
1600,11
500,0
788,6
788,0
1200,8
3000,4
788,11
1300,11
930,13
1200,15
2800,15
788,4
6000,11
3800,11
3000,15
5000,11
2500,15
5000,11
2000,11
1000,11
2000,11
2500,15
788,11
7000,15
2000,12
3900,15
5000,11
1300,11
900,11
800,15
1200,12
788,1
500,11
788,0
1800,11
4500,15
1028,11
500,1
1500,0
1500,5
788,0
1200,0
1500,11
1576,14
150,11
788,0
1500,4
1500,5
788,0
788,5
1000,3
820,11
800,9
1200,11
788,10
788,11
300,9
1000,6
360,0
1000,11
788,0
788,0
788,5
1500,8
1000,4
1000,7
1200,11
200,0
1600,4
1000,9
400,4
788,8
1200,11
800,7
1040,11
2000,8
2000,11
3300,15
3100,15
3400,15
100,4
5500,15
800,6
1800,5
3000,15
2900,13
1105,11
6000,15
500,11
1200,15
3500,14
6000,15
3940,15
3500,15
5000,15
1612,13
2500,15
3200,15
2000,11
200,0
1500,11
8000,15
2000,15
1400,15
427,13
800,13
900,11
850,7
788,11
300,7
1500,0
580,0
980,11
500,5
1200,8
1200,13
180,0
805,11
800,7
1000,5
1100,11
1300,7
300,10
788,6
900,11
788,11
1400,4
1100,11
1000,0
1200,11
860,11
800,4
788,11
500,3
600,3
400,4
1200,12
1200,12
800,11
1000,8
1600,12
829,9
1500,4
1200,11
788,8
1200,11
1500,11
500,8
1200,11
200,8
788,8
800,2
700,8
3000,11
788,8
394,11
2500,11
1500,8
2000,10
1680,7
800,11
1300,11
2000,15
3900,13
3500,11
500,5
2500,15
2500,15
1500,12
788,12
800,11
800,0
3000,12
788,11
1000,15
600,4
1600,11
980,11
750,2
1200,13
1200,15
788,8
300,5
788,8
1200,11
788,3
300,1
1800,8
788,11
1200,15
2500,11
3000,15
3900,14
10000,15
800,15
1600,11
8000,15
8000,15
7000,15
60,0
900,11
1200,8
1500,11
788,0
150,4
500,11
1200,12
2500,11
960,0
280,5
788,0
870,8
788,11
788,11
860,5
850,15
2000,11
2500,15
1200,11
2000,11
1500,11
3000,4
110,3
788,11
788,0
989,8
788,2
2100,11
850,2
788,15
788,3
1200,8
2400,15
350,12
500,11
2000,11
1400,10
1800,11
1900,15
1200,11
200,8
360,0
850,11
1900,11
788,5
700,11
788,5
1200,11
150,8
1300,5
1700,11
906,6
788,0
1000,11
788,0
788,11
1200,11
788,9
600,11
1200,11
1500,5
850,4
3000,15
1800,11
1200,1
600,4
980,5
788,11
1000,11
6000,8
950,15
1500,11
500,12
1400,15
1980,8
1576,11
250,11
788,8
2000,15
14000,15
7300,15
8500,15
15000,15
5500,15
3000,15
1200,8
250,0
300,11
1200,11
1200,11
4000,11
0,15
500,11
788,0
300,0
1000,11
1000,8
1000,11
900,11
788,11
788,0
788,0
900,0
800,8
900,8
1600,0
788,6
880,12
1200,2
800,12
1000,4
800,4
788,6
900,5
2000,11
500,11
1000,15
2000,11
740,5
788,8
5000,11
1000,11
788,8
3000,12
1000,11
400,6
200,7
850,11
2000,4
900,11
600,11
600,8
850,4
3200,11
800,12
200,0
100,5
788,8
1200,0
1400,11
800,6
2600,15
5500,11
800,8
1000,9
1500,8
800,12
800,8
1500,12
2400,14
300,0
788,7
870,11
788,10
788,11
300,11
900,8
200,0
300,5
950,11
788,7
2000,11
2000,11
1200,13
600,0
1100,11
400,11
788,7
788,13
2000,11
1680,13
788,11
1249,11
1100,0
920,11
3000,15
6300,15
5000,15
2300,8
788,8
1000,10
1576,11
1000,14
600,8
788,8
788,5
300,10
788,15
1250,0
788,8
800,8
1576,11
3000,4
1500,15
3000,15
3000,15
7000,15
4000,8
7000,15
4000,15
7000,15
3500,15
5000,15
2200,12
7000,15
30000,15
3000,15
23000,15
15800,15
5000,15
9000,15
5000,15
8000,15
5000,15
2700,12
2500,12
420,3
8000,15
1000,15
15000,15
10000,15
1800,15
3500,15
3900,11
1500,11
1200,12
700,0
1500,11
3000,15
260,8
1600,4
1200,8
1000,11
1000,8
1200,15
560,11
300,4
805,0
2800,11
2000,5
788,0
788,0
1000,8
788,11
1200,11
788,0
890,12
788,7
700,6
400,10
788,8
3500,5
788,11
2000,5
788,11
788,7
788,8
788,15
480,3
1150,11
1100,8
600,5
880,8
1200,11
250,0
788,8
788,0
1200,11
1500,0
1000,1
1000,10
788,9
788,11
1100,11
788,3
805,5
850,3
1800,11
1200,11
1600,11
788,13
1000,8
1100,8
1232,11
788,11
788,11
15000,15
25000,15
3000,14
20000,15
4100,15
4500,15
3000,15
5000,15
12000,15
12000,15
4000,15
4600,15
8000,15
3500,15
1800,15
3000,12
6000,15
5100,15
30000,15
6000,15
2500,15
2000,15
3000,15
1000,13
900,8
1200,3
800,4
788,8
2035,15
1000,11
1460,8
0,15
100,5
370,4
1500,11
140,11
620,3
880,12
788,4
1800,7
1000,4
800,5
2200,8
0,7
1000,11
1350,12
1100,11
1500,11
1200,6
788,8
1200,8
800,9
4000,15
4300,15
4400,13
4500,15
3500,13
3500,15
8500,15
2000,11
925,11
1890,15
2000,15
788,4
9000,15
2500,11
5000,15
8000,15
7000,15
3200,15
4800,15
1500,11
9000,15
13000,15
10000,15
3000,15
10000,14
2700,15
4000,15
3200,15
824,11
2364,15
2300,15
500,8
2500,15
7880,15
90,5
394,3
3900,15
1600,15
15000,15
3000,15
7000,15
9000,11
6800,15
1400,8
788,3
800,11
400,2
788,11
1000,5
788,5
788,8
95,11
788,4
1500,7
7000,15
890,11
1000,13
1500,15
800,11
1000,11
788,8
788,11
5000,11
788,9
1200,11
1062,11
1200,11
1400,8
560,0
1200,8
788,11
1200,14
1950,15
1040,11
200,0
500,5
800,8
400,9
950,11
788,11
1050,5
3500,15
788,5
2364,4
788,0
1000,8
788,15
788,9
1200,9
200,1
3000,15
1800,15
1000,14
900,11
1900,15
1200,15
3000,15
1200,15
2100,11
2000,11
4000,15
300,15
1500,11
400,0
720,15
350,0
120,4
788,4
800,10
10000,11
4000,15
300,15
900,8
90,0
1800,11
500,5
3500,11
1200,8
788,11
788,12
10000,15
3100,8
4000,15
3500,11
600,5
600,6
2500,15
1350,13
300,0
15000,15
1000,11
1200,0
1000,11
300,8
788,8
788,9
1576,6
2300,8
788,6
900,11
1200,15
1576,0
4000,15
1500,14
4500,12
8000,11
3000,15
500,11
8000,15
1500,11
1000,8
788,13
900,11
4500,15
6000,15
1200,11
4000,11
6800,15
10000,11
5500,15
7500,15
4500,15
7500,15
30000,15
6000,15
3800,15
4000,15
2000,15
15000,11
10000,15
2000,11
950,11
4000,11
788,7
500,11
600,5
788,11
788,0
700,0
788,11
350,11
300,11
900,11
788,0
1000,11
2364,13
4000,11
1576,11
1300,5
912,8
1200,14
1320,5
2000,8
788,11
600,12
4000,5
1200,11
600,2
900,4
765,0
1200,13
3182,15
1200,11
1500,15
1580,11
2500,15
1500,15
2100,12
1000,5
800,4
300,0
788,4
788,9
1300,11
829,9
1576,5
2000,6
910,11
5000,15
200,5
300,5
1100,13
788,7
6500,11
1300,11
4800,15
220,4
200,12
450,0
1200,12
1600,11
800,14
1000,0
1576,6
2500,11
12000,15
788,11
4000,8
1600,11
788,7
788,9
1300,11
1050,11
1000,6
788,5
880,11
1500,9
3900,11
788,8
1000,8
788,8
1000,11
1500,8
950,11
600,8
480,0
900,11
560,8
4000,11
1400,8
1500,7
1400,11
2000,11
788,8
1500,11
788,11
788,11
1500,8
300,2
240,5
1300,11
200,4
788,8
3000,6
4000,8
1500,11
1500,8
1200,11
400,15
1400,11
1500,11
200,0
2360,11
300,0
1500,11
788,11
900,11
300,11
1500,11
1700,13
2000,0
2300,8
240,6
3000,15
788,5
1300,11
400,11
1300,11
1600,11
1600,15
600,8
1500,10
1500,8
1500,4
1500,6
1300,5
1200,15
2000,11
1000,11
788,11
150,11
1576,15
1000,12
788,9
900,11
1000,5
90,2
800,11
2200,11
1000,11
3000,0
850,11
800,11
1000,15
1600,7
1400,11
1000,5
920,0
788,7
900,5
900,12
788,0
400,11
788,1
2000,3
788,0
788,11
1200,2
800,11
1300,8
788,11
1800,4
1600,11
788,11
1100,11
1500,11
4600,15
800,11
900,5
788,11
1200,13
3500,15
1720,15
250,5
1160,11
900,4
1990,12
6000,15
1100,0
700,11
2000,9
2000,12
1200,15
1400,12
3000,12
5000,15
500,0
1576,15
400,11
788,8
200,4
250,9
788,3
788,0
960,8
400,11
1000,13
960,4
2700,12
1200,6
1200,6
788,3
900,5
530,7
500,3
600,11
80,0
350,10
2100,15
800,0
2000,11
788,2
788,4
400,1
788,8
1500,15
1000,15
5000,15
1000,13
1128,11
3000,15
900,2
2000,4
50,3
2000,11
1100,7
200,8
1200,11
1200,11
8000,13
2000,8
1200,13
6000,11
2000,5
788,11
1600,11
700,8
2500,3
788,11
3000,11
1099,11
1300,11
788,5
500,5
788,1
788,11
2500,10
400,4
1300,11
1400,11
2500,11
2000,11
788,8
1200,11
500,8
3000,15
2300,12
5000,15
2000,12
1560,12
2000,11
2500,12
4000,15
788,11
8000,14
881,11
1000,9
200,0
100,9
810,11
8000,15
1500,15
788,11
7000,15
10000,13
5500,15
4000,15
600,5
4000,11
2000,11
788,15
500,8
788,11
950,4
120,8
0,4
284,11
788,8
160,4
788,4
788,11
160,11
1000,12
0,8
788,4
788,1
800,8
788,6
5000,15
5000,15
15000,15
7000,13
5000,15
10000,15
9000,15
6000,15
7000,15
5000,15
8000,15
2000,12
2400,15
5000,15
2000,14
18000,15
2951,15
2000,10
5500,15
3600,15
3000,15
1430,15
1800,14
1500,15
600,15
10000,15
6000,15
15000,15
1000,15
15000,15
660,7
320,4
320,7
960,10
500,0
2000,8
788,8
788,8
200,0
2000,4
1500,11
1100,4
1500,12
2500,12
800,12
10000,8
2400,12
800,12
2500,15
800,0
1500,12
788,11
1100,11
1800,15
800,4
788,4
900,1
400,8
600,5
788,11
800,12
1600,11
800,12
800,0
800,11
1500,8
2400,12
800,5
800,12
1500,11
500,11
1400,6
1500,15
944,11
1000,7
1200,15
800,15
900,11
2000,10
2300,14
2000,11
3300,15
0,2
7000,15
5500,15
3200,12
1600,11
4200,12
500,4
2000,10
1300,9
1300,13
600,9
1000,11
7880,15
0,15
967,11
1800,0
788,8
788,11
920,5
1200,4
1100,9
900,11
1260,4
8000,12
800,12
800,5
900,12
800,12
1500,7
1500,12
1000,3
500,10
380,7
800,6
1000,11
1000,8
788,3
800,5
600,3
300,0
1180,11
450,5
1000,11
700,5
1500,11
2000,12
900,11
400,5
900,11
800,8
4000,0
1000,7
788,11
10000,15
6000,15
12000,15
6000,15
2300,15
5000,15
1350,11
900,10
1900,15
800,13
7000,15
3000,15
11000,15
7000,11
6000,15
12000,15
788,8
800,12
1200,12
900,12
1000,4
800,11
600,7
2000,11
1800,11
800,9
800,11
1400,15
1300,11
2000,15
1000,11
900,7
3000,15
300,15
3500,15
8000,15
400,11
800,11
1200,4
800,10
1500,11
480,7
600,11
2000,15
1100,11
250,5
4000,15
900,11
3000,15
2800,10
1400,0
788,15
400,5
450,11
600,4
1200,11
1300,10
1500,0
1200,3
1900,11
1600,15
1200,11
1000,3
400,11
800,11
788,11
700,8
0,3
260,6
200,12
788,2
1000,15
2000,11
300,11
400,6
100,5
1000,12
300,2
350,3
0,0
1800,15
300,4
300,5
2000,1
788,11
788,4
1000,1
0,0
400,4
788,0
180,0
400,4
0,0
350,11
40,6
420,0
2500,6
1500,15
788,4
1000,1
788,4
810,5
3000,7
1000,11
1500,11
1000,4
788,0
0,0
1160,10
920,1
788,4
200,5
720,4
1000,5
784,6
900,7
900,4
1700,0
1500,0
700,0
2000,0
3000,11
1000,3
900,0
900,0
5000,0
1000,0
800,7
1200,1
1000,2
788,4
788,8
800,11
788,5
788,4
900,11
800,7
788,13
500,0
400,10
300,5
200,0
0,11
200,6
250,0
0,0
1200,5
250,4
800,8
400,0
1500,3
800,8
850,7
750,8
60,8
200,0
360,0
1500,11
250,11
1100,11
360,0
200,3
0,5
0,9
240,6
0,0
300,1
2400,0
800,15
200,0
300,6
400,2
340,0
400,5
600,0
3000,0
400,3
380,0
0,0
0,0
0,8
1000,3
100,3
0,0
100,1
280,8
800,4
350,3
200,2
1300,11
800,11
788,11
788,5
788,11
500,10
240,0
1100,11
2000,11
788,0
1000,14
2000,15
1500,10
1000,11
850,11
788,12
300,5
1000,11
1000,9
800,11
1700,15
150,11
1800,15
2000,6
2000,11
1200,15
1000,11
800,6
2000,8
600,4
400,11
1576,11
788,8
2300,14
1200,4
1000,8
2000,2
280,11
1200,11
788,11
2000,11
1700,11
2000,3
950,7
1300,11
1800,7
350,15
2000,13
4000,15
300,3
1600,9
900,4
600,3
788,3
1000,11
1000,4
1500,9
788,5
250,11
1000,11
900,7
806,11
1322,11
1200,5
400,7
1000,6
800,11
788,0
800,4
1000,2
0,0
0,0
0,0
1000,5
788,0
788,4
788,3
150,9
789,11
1000,8
300,7
200,3
600,11
788,10
0,4
0,2
200,1
788,1
0,3
1300,7
1100,11
788,8
150,8
788,8
788,11
1200,10
500,11
3500,11
1500,11
4500,15
20000,11
2500,15
4000,15
1500,5
784,7
5000,11
5000,8
9400,15
1918,15
1100,11
1900,12
14000,15
5000,15
4000,12
3000,7
1100,11
12000,15
5000,15
6500,15
500,15
6000,7
3000,15
4000,11
3000,11
200,11
1000,13
1000,11
300,0
2600,11
788,11
600,3
788,4
583,4
0,8
500,0
0,3
0,0
0,6
300,2
150,0
1400,0
788,15
1400,10
1200,1
788,4
200,4
1000,5
788,11
1200,5
300,1
1200,11
1200,11
788,8
1500,5
1500,11
1300,11
1500,11
400,0
6000,15
2000,11
1500,15
200,0
1200,5
280,3
910,8
100,4
200,3
1200,9
80,0
80,5
1200,0
350,0
1014,12
5000,11
600,5
788,6
3000,10
7881,11
800,6
250,3
300,0
600,5
240,0
1000,11
550,5
600,1
1200,11
320,5
800,0
440,4
788,11
1900,7
788,7
0,4
1000,11
788,10
400,5
788,7
550,0
0,11
120,5
0,0
500,8
0,0
0,9
788,11
788,4
0,8
100,4
788,1
180,4
700,5
1200,11
580,8
788,11
600,8
788,5
0,11
1200,0
20,7
750,15
1200,11
150,10
788,0
400,9
788,11
788,3
3000,14
788,0
1577,15
0,4
0,0
788,15
788,10
0,4
480,1
0,15
300,3
1000,8
788,3
200,2
50,0
0,0
200,5
0,4
1000,8
450,11
0,0
0,4
0,0
0,0
700,2
788,0
600,2
200,0
350,8
1700,9
500,12
2000,8
1000,4
2000,15
1200,13
800,12
300,0
1100,7
3400,15
1500,12
1500,12
3000,12
2500,12
4000,4
650,2
300,12
0,0
400,15
788,0
280,2
1200,3
200,8
250,4
780,8
300,11
600,4
1500,12
788,1
1030,4
800,5
1500,12
600,15
700,7
900,5
1380,11
788,8
820,4
788,5
60,4
840,11
3000,7
990,11
300,0
400,11
788,4
2500,15
2000,15
350,5
788,7
700,4
300,4
788,9
550,8
380,1
0,1
0,4
0,11
0,1
2500,15
1500,15
500,5
1200,4
788,1
0,1
800,4
1800,15
0,3
100,2
917,1
788,15
800,0
1000,5
250,1
1400,12
300,4
1300,8
1014,12
200,2
1120,4
0,2
800,9
2500,15
1000,15
1980,15
6000,0
1030,8
5000,15
788,8
1200,0
3000,15
950,4
2400,15
1200,11
2000,15
550,8
1200,15
520,3
5000,15
4000,15
3800,15
1200,8
5000,15
1100,11
788,3
500,5
900,4
788,2
900,11
2300,15
1200,11
1200,8
10000,11
1600,11
1200,14
600,4
788,5
1400,11
1300,11
500,0
200,5
788,10
600,1
788,2
150,3
5000,15
300,0
775,13
830,4
800,3
1200,6
700,1
788,4
788,0
400,0
150,0
4100,11
1500,2
1230,2
400,7
800,0
800,0
788,10
788,7
280,4
1200,7
100,7
600,0
788,7
200,4
100,5
250,5
1100,11
850,10
788,9
788,8
1200,8
1200,8
788,11
1300,11
300,11
788,3
788,0
300,11
788,11
600,0
80,0
300,4
788,5
788,2
1000,11
1500,13
788,0
3000,13
3000,11
1128,11
788,5
780,7
710,0
0,6
788,8
2000,0
740,6
1500,0
400,0
5000,15
788,11
200,5
788,4
760,0
150,8
1000,14
788,11
788,4
160,4
100,1
1200,11
788,5
700,9
1500,5
800,5
150,0
240,5
800,5
788,2
980,6
560,5
400,5
2100,11
700,4
1500,7
1000,3
900,8
788,2
900,0
400,5
900,8
788,4
788,0
1800,15
900,7
2000,5
1200,11
1200,11
788,8
350,8
1500,7
900,12
788,5
450,3
1200,3
788,0
900,0
788,11
1100,5
2200,4
700,1
2300,11
1200,0
2800,7
600,8
1100,7
1000,3
1300,3
1300,8
1500,8
1500,9
8000,15
788,6
788,0
1200,8
788,11
788,5
600,8
1200,9
1000,3
788,4
150,4
3500,15
1100,4
500,7
2500,8
1000,6
900,11
900,8
200,0
788,4
400,1
1200,2
788,11
788,0
800,9
1000,9
788,0
788,11
500,0
788,1
0,2
450,0
400,3
788,0
916,7
788,0
1400,0
1000,4
800,0
430,2
200,5
200,5
950,8
0,0
0,2
0,0
0,3
700,9
0,7
0,0
350,3
150,2
0,4
4500,15
100,0
500,1
100,4
300,11
0,0
0,0
200,0
600,2
1078,11
500,4
200,5
200,3
0,3
0,0
0,1
0,5
0,3
700,10
0,8
0,8
400,1
0,2
400,5
1400,15
3400,15
788,13
4000,15
9000,15
788,9
800,11
788,11
1200,11
1500,14
3000,14
824,1
1300,6
788,7
788,11
2200,11
1100,11
1600,15
788,15
1000,11
1500,15
2500,15
2100,15
6000,15
3000,11
4000,15
11000,15
3000,15
3000,15
8000,15
1000,11
788,5
788,0
1000,14
788,9
800,5
900,4
350,6
788,11
788,4
900,3
800,5
788,4
788,3
788,11
800,6
1200,11
900,5
4800,11
788,8
1000,9
1000,11
788,8
1000,13
120,4
200,0
788,4
800,11
600,8
788,0
250,2
1150,0
5000,15
2500,15
900,4
400,2
788,1
900,11
820,10
788,4
900,8
0,9
1800,15
980,11
2200,15
788,11
1100,11
1000,3
3000,11
1300,6
788,11
1100,5
600,1
800,6
788,0
800,8
2800,11
900,5
1250,0
1200,6
900,0
900,0
1850,4
800,15
50,11
800,4
788,0
3000,11
788,10
200,4
788,0
200,4
788,11
1000,11
450,2
788,2
900,10
850,11
4090,15
800,6
3000,15
1500,6
100,9
600,5
1200,11
3000,8
300,5
1240,13
250,8
200,7
788,2
210,2
900,8
800,11
1500,7
450,8
200,0
788,2
800,11
7000,11
1000,0
4728,15
2500,11
7500,15
788,11
5000,11
1500,11
900,6
2000,11
788,11
1300,11
1200,7
1500,7
400,0
788,11
500,4
788,9
1000,1
3900,12
788,2
788,2
788,0
788,5
1500,5
1410,11
788,2
2000,5
788,11
788,0
788,7
900,11
1500,11
788,11
788,11
2500,15
7092,15
788,11
2500,15
2500,10
788,15
1576,15
3000,15
10000,15
2364,15
3500,15
3000,15
2000,7
850,2
1500,8
950,3
300,7
788,3
150,0
900,11
930,11
788,3
2000,5
300,4
3000,15
788,0
800,12
3000,11
800,15
788,11
900,8
788,8
1000,10
1350,11
800,5
900,4
3000,7
788,7
1200,11
350,4
300,0
800,7
800,11
1200,1
165,8
1500,8
3085,8
1200,6
1600,11
788,4
1900,7
1200,5
2000,2
800,2
788,2
788,8
1200,9
788,4
300,4
788,5
3000,13
1000,8
788,3
788,6
1000,11
1000,2
788,11
788,4
788,8
0,0
600,7
2400,15
600,6
788,11
1170,2
2800,11
1500,15
3500,11
1600,13
2000,12
1200,15
800,11
2200,4
300,11
809,11
1520,4
2400,11
60,0
788,11
788,11
3000,15
2500,11
150,4
3600,15
1900,15
1500,12
3000,15
5000,11
3000,11
1300,7
900,11
788,9
1800,4
200,3
840,5
100,2
3500,15
4000,11
2500,15
1576,12
4300,14
1200,7
80,0
788,5
150,8
2000,7
2000,8
788,11
1100,12
850,5
1604,7
2000,3
820,3
1000,6
788,8
600,0
1200,8
500,2
700,8
500,2
996,11
850,5
4000,11
700,11
788,11
788,6
788,7
788,8
788,11
1117,7
788,5
3500,15
1200,3
1200,11
1500,11
1200,11
1200,7
4000,15
788,15
788,7
1200,10
600,5
788,11
5000,15
3000,15
1500,15
3000,15
1500,15
2500,15
1200,12
5000,15
300,7
2800,15
4500,14
788,11
808,11
1200,8
788,9
788,0
850,6
900,0
2000,11
1100,0
788,4
788,3
788,4
400,3
788,11
2300,15
2400,15
1500,11
2000,15
788,11
800,11
400,11
788,14
1000,7
320,0
700,11
2000,15
360,3
930,11
500,11
1000,9
300,4
4000,11
200,4
250,3
400,2
788,5
360,0
200,4
1200,6
500,5
788,11
1014,11
100,1
900,5
220,6
300,9
700,0
900,11
3000,15
1900,8
1100,7
788,10
1200,4
788,0
788,0
160,0
788,7
1000,4
788,5
800,2
300,0
2000,11
788,6
900,2
788,0
788,11
1000,11
1200,7
1300,8
0,0
50,0
600,8
600,9
300,0
788,14
1600,1
788,0
788,11
788,3
400,4
500,0
400,0
788,11
788,0
800,11
400,0
1200,4
400,0
300,5
300,0
300,4
150,4
200,2
250,0
200,2
200,0
600,4
788,3
180,0
400,7
2105,15
200,7
600,4
250,2
100,2
100,5
200,0
100,3
150,0
200,0
300,0
250,2
200,0
100,0
100,0
50,4
100,0
1700,11
1800,5
1200,15
750,2
280,11
350,5
400,0
788,6
300,4
788,8
1000,11
850,8
2500,11
1000,8
850,11
1200,11
1800,11
1500,5
2860,15
788,11
900,4
788,3
1140,11
1200,11
600,0
300,2
200,9
2500,11
1500,5
400,2
788,9
400,8
600,4
350,7
0,3
0,2
400,2
3500,6
788,10
1000,0
4000,11
120,11
500,8
200,3
0,0
120,0
0,4
300,2
788,2
200,0
300,4
1600,8
0,2
788,7
788,11
1200,5
200,2
700,0
788,8
200,0
150,8
788,11
0,0
788,1
788,5
500,9
1300,11
800,3
700,0
788,11
788,0
1576,4
350,3
400,3
1000,9
1200,11
1200,0
250,0
900,8
788,0
900,7
1576,11
750,9
300,0
1050,0
700,7
1200,5
400,3
1200,7
300,0
600,8
788,4
788,7
250,11
788,7
788,2
1000,11
788,0
500,2
788,11
1800,0
788,0
788,7
500,10
500,8
788,11
788,11
788,8
788,4
918,11
1400,7
788,6
3000,11
1600,7
200,0
7000,11
788,0
788,0
400,4
1000,5
788,0
788,3
1200,9
788,7
380,4
788,4
1200,7
788,11
400,0
820,4
788,7
1100,4
1300,5
3000,8
788,6
1200,11
930,14
1500,0
1014,15
4700,15
788,11
788,8
900,0
1500,8
1700,11
800,0
240,6
1000,11
150,1
0,0
400,1
788,4
1000,9
600,11
50,0
1476,5
600,0
1200,0
1200,7
300,11
788,0
2000,15
1570,8
396,8
788,3
500,3
788,4
788,8
788,11
50,11
300,0
580,4
788,14
1550,13
1200,15
0,0
0,2
0,7
400,4
300,0
2500,15
2500,15
10000,15
3500,15
6500,11
11300,15
4200,15
710,14
2300,15
4650,15
2990,14
2000,11
5100,15
1800,15
1250,10
0,5
280,10
1150,11
350,0
0,11
800,15
788,11
850,10
788,11
3000,14
1780,15
1200,11
1500,7
640,7
2450,15
800,11
950,11
700,11
2366,4
320,8
3500,11
650,8
8000,15
1400,6
900,10
800,4
1300,11
1500,8
1350,11
3200,11
380,1
800,4
80,4
788,6
788,5
900,4
900,6
950,5
1280,10
4800,15
1200,6
930,4
1080,9
3500,11
5000,15
10000,15
1200,11
1200,11
2200,15
3000,15
1800,15
1500,3
2300,15
800,7
800,11
1650,12
5000,15
6000,15
4600,15
2000,11
10000,15
2900,15
788,7
3850,15
2100,11
3700,15
5574,11
1680,11
1200,5
900,11
2000,8
1400,11
1200,2
400,11
800,5
1300,11
900,15
1900,9
3500,15
788,11
788,2
788,0
800,0
1058,12
394,9
1650,11
1500,8
8000,0
800,10
788,11
880,8
1320,11
3550,15
1230,11
1250,15
788,11
1000,11
3649,15
650,11
1400,11
788,6
1200,11
800,11
788,11
1600,7
800,8
1600,11
900,7
900,11
1000,11
800,11
1700,11
1500,11
120,6
0,15
3800,11
3300,15
1500,2
1200,11
800,3
930,6
788,1
4850,11
1500,5
880,11
2150,10
1200,8
1250,9
1250,8
1350,7
3250,9
430,11
2250,11
160,11
400,9
788,2
1250,11
2150,11
1600,11
2050,11
4800,11
300,3
788,4
1100,10
1000,8
200,7
1000,4
950,11
1300,8
1000,11
800,11
900,2
985,7
800,11
500,5
100,1
788,11
1500,8
788,4
1500,10
1400,11
900,0
1200,5
400,0
1500,3
800,11
600,9
1150,8
2000,10
788,11
1000,4
788,11
4800,11
220,1
350,5
1100,4
2000,12
10000,8
2100,11
1500,15
2000,11
2154,8
3850,15
2560,11
788,4
850,14
850,8
4650,3
5380,15
10850,15
1680,11
1200,15
1100,8
1150,3
1200,4
3200,8
1200,8
1500,14
3150,6
4200,5
980,5
2350,15
788,8
788,11
788,11
1200,11
788,11
1250,8
788,6
0,4
2100,2
3350,11
1650,15
850,3
788,8
1350,4
2150,15
250,0
3650,6
850,7
1180,11
980,5
800,11
4000,6
800,8
1460,6
1180,9
10000,15
10000,15
16000,15
10000,14
4730,15
7350,15
4500,11
2900,15
4200,15
4100,15
880,15
5300,15
1500,11
4500,15
2300,15
780,11
4000,15
1500,11
1250,11
1200,8
600,9
930,2
1100,3
850,8
1130,4
1500,5
788,3
800,4
2100,11
500,7
1520,11
788,0
1600,11
1200,0
1500,11
1850,8
3000,15
788,5
900,11
788,11
750,5
550,15
788,8
788,11
788,11
2150,4
800,5
850,10
1100,5
0,2
1300,8
320,11
500,0
640,6
960,0
560,6
836,11
0,0
350,2
1200,3
350,3
720,11
400,11
175,0
788,11
1000,6
300,3
360,0
187,5
480,5
400,0
788,6
480,7
200,0
0,11
0,0
400,0
200,0
800,4
400,4
800,0
600,0
788,11
788,11
1200,10
3500,10
500,2
600,10
1400,11
5000,10
150,0
3000,15
788,12
6000,10
1500,11
400,15
1600,11
1000,14
150,6
15000,7
1500,4
1200,11
1400,11
200,0
600,2
300,4
200,2
100,3
150,0
120,1
1300,0
400,6
200,0
400,7
400,4
500,3
1200,7
1000,10
1700,6
900,12
0,0
900,11
5000,15
1400,10
700,11
150,7
788,4
788,11
2000,14
788,11
1000,0
300,1
350,1
160,11
1000,2
1300,14
0,11
2000,11
880,6
788,2
1200,3
900,5
0,0
1200,2
800,4
200,0
0,4
0,3
788,3
480,3
788,0
300,3
500,2
1600,0
120,0
0,0
2000,4
788,11
788,0
1000,11
826,11
2000,3
1200,0
788,4
0,2
500,0
800,0
300,10
500,2
780,6
600,1
0,0
600,0
60,4
1500,8
400,3
700,8
360,0
1500,3
700,2
350,3
800,0
300,0
500,2
120,2
250,3
0,0
400,0
640,0
1500,3
2180,11
400,12
788,5
1500,11
788,6
2000,11
1500,9
1000,5
1200,6
600,4
788,4
600,12
1936,11
1250,11
1500,11
788,11
1300,8
920,1
788,11
930,0
1500,10
1500,11
70,10
300,4
600,9
400,2
0,4
320,7
0,0
788,2
200,7
100,0
0,0
150,4
680,11
0,2
0,11
200,3
1000,4
1200,4
300,2
300,5
1000,6
788,8
700,6
788,10
4000,11
1576,4
1000,2
1200,9
100,8
1000,3
480,5
788,15
2800,15
11000,15
3000,11
10000,15
800,11
250,6
3500,11
1000,11
788,7
800,6
788,11
900,0
600,0
200,6
800,3
788,2
1400,11
80,0
788,8
200,9
480,8
1000,11
2000,7
0,0
400,4
300,7
400,0
200,0
480,4
100,4
1200,6
100,8
180,1
1200,8
950,3
788,9
788,4
600,2
120,0
800,5
1000,4
800,3
500,0
1200,4
1015,6
1200,15
900,9
1600,1
900,0
880,7
400,5
788,3
1100,11
200,3
5168,11
1000,13
700,11
1200,11
3500,1
3000,15
1580,8
2600,11
4500,15
617,6
400,12
788,8
450,1
50,3
1650,11
200,6
100,4
540,7
130,0
0,0
1200,2
600,0
940,0
200,1
200,2
700,0
0,1
0,4
480,0
600,2
1140,0
300,10
700,7
560,7
700,11
400,2
6000,15
600,11
1000,11
4000,7
500,2
600,11
800,1
700,8
320,2
250,3
0,0
950,5
640,0
866,12
788,11
850,8
150,8
700,0
400,11
1000,4
788,11
50,11
788,4
788,11
400,6
788,8
0,4
1200,11
950,1
160,1
0,1
800,11
500,3
0,0
788,0
200,2
0,0
160,0
0,0
0,2
1500,9
788,9
0,0
800,0
50,0
0,7
160,0
1300,11
300,7
13,0
280,3
788,0
788,1
788,4
0,0
400,0
2091,15
60,0
1200,6
900,5
400,3
1000,7
1100,4
300,4
1300,4
1200,11
220,3
788,0
240,0
1355,11
200,2
3152,15
500,2
400,5
788,8
400,8
788,5
2000,11
800,1
1700,11
840,0
800,8
480,3
600,0
0,0
666,6
788,0
240,0
500,4
200,6
480,0
808,11
3000,11
0,0
1200,2
250,0
0,3
788,4
180,0
450,11
600,0
1200,3
320,3
788,7
220,0
200,5
0,1
400,2
100,0
0,2
60,0
300,4
300,0
180,4
480,0
560,3
0,0
400,2
150,0
360,5
0,2
788,1
0,2
172,3
0,0
1200,4
550,0
450,9
300,6
788,6
788,2
500,11
1500,8
500,4
800,11
850,7
700,8
758,11
1200,8
400,7
900,4
800,6
788,0
2200,8
788,8
788,11
1500,11
1800,8
4030,10
200,7
2540,4
623,11
2100,4
1590,15
300,3
1080,0
1000,5
4000,6
3000,7
600,7
400,11
400,4
788,8
1400,8
800,4
700,8
2200,15
3000,7
1000,10
100,6
3400,15
300,6
700,4
2000,6
1500,6
400,0
300,8
1200,3
120,4
400,4
800,0
200,1
300,6
400,11
1000,7
300,4
600,5
1570,15
0,4
200,0
3000,5
3400,12
250,2
0,3
300,2
3000,0
1300,9
300,2
960,11
170,1
700,0
1500,4
3000,11
2000,11
4000,15
200,11
788,3
788,11
700,3
0,1
788,11
0,0
788,12
450,12
900,8
900,5
1800,1
80,0
2000,11
400,11
50,8
100,0
100,1
600,4
788,1
120,1
300,5
480,4
400,1
788,6
250,2
400,3
200,2
420,2
788,11
400,8
600,1
450,4
900,4
850,5
1200,11
600,8
500,4
900,11
500,7
3000,4
2000,15
1000,11
500,2
200,5
200,8
320,8
788,8
350,9
5000,11
788,11
880,1
788,8
830,11
788,5
730,8
1200,11
1150,11
788,8
300,0
500,11
720,5
1250,7
1400,11
1400,0
1000,11
2300,15
800,11
900,7
1500,9
788,11
1200,11
1480,11
1100,11
788,10
800,11
900,11
400,5
300,4
1530,11
1150,4
1150,15
750,11
1130,8
788,11
0,3
980,11
730,2
1100,8
788,11
1280,11
788,4
3270,4
1180,10
930,11
918,0
500,0
788,0
980,8
420,8
900,11
1200,6
1500,5
1000,8
788,5
1200,8
0,5
3000,8
930,9
800,5
0,1
1113,4
1250,6
1100,5
788,3
1300,11
1080,9
1580,11
788,3
3180,15
2180,11
788,12
788,5
914,6
0,0
3180,11
2450,11
3500,5
700,8
1200,11
300,2
1000,2
800,11
2500,11
950,4
60,2
400,11
788,11
400,11
800,6
120,1
350,0
600,2
250,11
600,0
300,3
400,1
250,0
450,8
80,8
30,8
200,2
100,4
80,5
800,4
500,3
2866,15
75,0
500,1
100,4
320,6
480,3
100,11
900,5
300,8
0,4
100,11
0,4
500,3
788,4
500,11
500,11
1600,8
788,12
788,12
788,4
1300,11
200,9
750,5
0,8
790,8
788,11
788,7
5424,8
700,0
300,0
300,0
300,3
1400,11
500,11
1500,3
2500,10
400,0
0,0
788,7
0,4
100,5
700,1
400,7
1300,0
600,0
1576,11
1014,11
20,11
800,7
150,2
200,4
720,0
788,9
3500,11
788,0
400,11
400,9
800,0
788,2
250,0
300,9
1700,13
2400,14
1200,11
400,9
300,14
2500,15
280,4
560,4
788,11
1200,2
400,0
600,9
200,0
180,0
400,0
480,3
0,0
1025,0
400,10
0,3
0,0
190,0
200,2
40,8
250,1
900,11
900,11
500,0
60,0
0,0
80,0
800,11
788,8
850,0
1000,2
788,11
280,7
560,1
800,0
400,0
120,5
415,2
640,0
788,0
800,0
300,0
600,0
50,0
200,2
350,1
300,3
400,3
150,5
1200,13
500,1
350,15
600,1
1000,7
150,9
500,0
300,0
400,0
350,0
0,0
600,0
200,2
700,5
0,0
200,0
1000,0
200,2
100,11
0,0
0,1
300,6
200,0
480,0
0,3
140,0
450,0
200,9
1600,0
0,2
100,1
600,1
200,1
200,0
300,1
500,1
300,10
50,5
825,0
788,7
500,0
300,15
400,11
788,0
1500,7
3000,15
788,3
1000,11
3000,13
900,7
1200,4
800,4
3840,15
1000,11
788,9
1500,5
788,6
3400,11
3200,4
900,9
788,1
1200,3
798,11
1300,6
788,11
500,0
320,4
1000,13
1150,1
400,4
750,6
450,5
990,11
2200,11
2150,11
6200,15
788,11
1500,4
4205,15
980,11
1200,11
2630,11
2000,11
1700,11
1200,8
1800,15
788,11
1000,11
1200,10
800,10
1000,8
1200,4
788,11
788,11
10,11
260,0
1250,8
40,4
0,3
300,0
800,5
900,5
788,5
1200,8
788,1
850,6
788,2
0,0
1176,11
1600,14
850,3
1725,14
800,8
500,0
788,11
90,1
0,10
840,5
788,5
100,1
350,6
788,11
30,3
150,0
130,1
788,8
0,2
100,0
0,11
250,3
400,10
900,11
400,11
2700,15
0,5
0,0
788,5
788,2
788,0
400,2
80,0
788,4
900,11
0,0
788,3
0,0
0,0
0,0
230,4
788,8
788,5
3600,15
0,0
50,0
788,11
3000,4
785,0
788,1
300,2
1000,4
370,0
140,1
600,7
160,3
300,1
4166,4
0,1
700,0
0,3
788,4
1000,0
0,0
0,0
2200,11
600,1
1200,3
1100,15
120,4
0,0
0,3
0,4
860,4
0,4
788,5
600,4
4000,0
600,3
1006,11
320,4
480,0
700,0
120,6
1100,11
950,11
500,0
960,3
700,4
1046,3
400,8
850,4
788,2
1500,11
2500,13
600,2
90,0
788,4
1100,11
200,5
2000,3
0,0
350,0
600,7
788,4
700,11
200,8
1500,2
360,11
300,15
150,0
0,0
600,6
50,4
0,0
150,3
500,3
1000,3
788,3
0,0
360,0
900,2
0,0
220,3
0,3
800,0
1400,0
290,0
0,0
2750,5
400,0
3750,5
2300,11
1500,3
1600,15
390,0
160,0
320,3
200,10
1000,7
400,2
1300,1
1000,0
300,0
250,0
300,8
400,2
500,11
300,0
3000,0
788,4
2000,1
250,0
200,0
350,6
40,4
100,4
200,5
800,9
0,0
500,11
2200,15
0,3
350,3
150,8
1200,11
444,12
1400,11
400,11
3000,10
788,5
800,11
1500,2
840,4
1800,11
920,11
850,11
782,11
800,11
2000,8
4728,11
1300,8
788,2
520,0
1700,11
600,8
1500,8
788,0
1000,8
1800,11
1700,11
1200,11
3500,11
600,4
1000,10
2800,11
3500,11
600,1
1630,15
150,5
788,4
2500,5
150,0
500,4
1100,13
800,0
7500,15
500,0
788,11
1180,11
1800,7
80,2
2000,4
100,0
250,4
700,0
200,0
280,10
200,0
600,0
0,0
80,0
300,4
1000,0
120,0
100,0
0,6
1100,8
90,8
0,0
12000,15
600,0
800,0
35,0
1000,11
788,3
280,8
0,0
788,11
200,11
100,3
800,5
250,3
0,0
100,0
788,11
150,0
240,4
200,0
250,8
90,0
1000,6
4100,11
788,4
1000,3
300,0
320,0
0,0
150,4
650,4
0,0
200,0
100,5
0,2
540,0
1400,4
1014,8
788,2
300,0
450,11
100,10
400,6
2000,7
800,2
300,2
350,2
300,0
700,0
250,0
360,0
0,0
600,0
150,0
0,0
380,0
850,3
800,6
788,11
788,11
788,15
200,3
900,12
788,11
50,8
788,11
150,2
50,1
150,7
800,1
500,0
250,4
350,0
800,3
200,0
300,3
660,11
400,0
700,7
400,3
788,8
50,3
788,11
500,2
800,5
300,8
500,3
350,2
800,11
788,5
788,11
800,11
0,7
788,4
1000,11
900,11
3000,4
900,9
2380,15
2000,7
1200,11
5000,14
2200,11
6000,12
1500,8
1500,4
1500,3
700,8
1200,8
800,4
788,8
500,12
1800,11
950,10
1500,11
15000,11
800,11
500,14
1200,11
2500,11
900,15
1000,11
150,11
1150,10
850,11
0,0
350,0
400,11
600,6
200,0
0,0
0,0
0,0
200,5
400,8
1400,11
1350,15
788,7
200,8
150,9
500,2
300,3
100,11
200,11
0,4
150,6
500,11
0,9
200,8
200,7
788,6
250,8
0,0
750,0
1000,7
300,5
0,5
300,9
300,6
320,5
300,12
200,7
200,9
250,7
300,11
300,0
250,6
500,1
788,11
1600,6
250,8
0,0
5000,8
0,1
2100,15
1000,11
1200,4
150,0
400,3
650,2
788,11
1200,10
1000,8
900,15
1500,11
50,0
150,9
300,5
100,0
788,0
200,4
850,11
1000,0
500,0
450,4
0,3
300,0
0,0
150,4
260,1
0,0
700,4
400,2
600,4
788,11
200,0
788,2
700,3
788,2
0,2
300,10
300,3
2900,15
230,12
788,11
200,6
1300,15
360,0
300,3
500,4
600,7
80,8
120,9
0,0
320,3
600,0
440,5
480,8
200,0
380,3
700,7
770,4
1145,4
0,8
700,0
220,0
840,1
300,0
1146,2
0,0
80,8
300,4
340,4
220,4
150,0
150,4
450,0
788,5
788,12
350,11
300,0
100,4
800,2
150,4
80,8
800,1
788,5
400,8
400,11
0,2
250,3
2000,8
500,5
400,0
788,11
350,5
800,10
1600,0
1000,11
700,3
0,4
350,0
600,4
700,0
700,11
200,0
1350,0
2113,11
1500,5
1225,11
3000,11
600,10
2300,11
3000,5
788,4
2100,11
1500,15
3800,12
2100,8
1800,11
985,0
1405,10
1525,15
2015,9
400,6
1250,11
788,3
300,0
150,3
150,4
200,2
1250,11
10000,11
8123,11
50000,11
4000,4
1000,11
300,8
1736,11
500,0
300,3
790,7
400,11
150,11
600,3
3000,5
0,1
800,0
600,6
0,6
0,11
400,2
300,11
250,11
0,2
80,0
400,2
300,3
400,4
400,5
0,4
0,0
0,3
400,11
400,5
0,5
998,11
1014,11
788,11
2700,11
400,3
900,5
0,0
300,9
200,3
0,11
1800,11
4000,11
1600,11
1500,11
1800,15
1800,5
1000,3
4000,15
3549,15
788,3
200,0
788,9
500,5
788,3
100,3
500,8
150,2
788,7
600,3
400,9
788,8
600,11
1200,9
788,14
500,0
300,4
300,1
360,2
100,11
200,0
400,8
200,7
100,4
200,0
1500,11
841,11
1122,15
600,11
680,11
789,11
2000,11
400,8
3000,11
1576,11
1600,6
1640,12
4000,7
2500,11
965,14
4000,11
6000,11
2000,14
1600,11
2000,15
500,1
788,11
5060,11
1100,11
300,6
3000,5
1200,5
800,3
1200,3
927,11
1400,11
1800,7
788,9
1500,14
1800,8
1800,14
3500,11
1800,11
1000,1
788,11
1576,5
2700,0
2000,8
1000,6
3400,11
4000,11
360,11
3500,11
800,9
3000,4
450,11
2000,11
1100,15
2800,11
6000,15
1500,11
4000,14
2250,12
1500,7
1400,11
3990,15
2800,15
4000,11
350,11
788,4
1200,8
700,4
150,8
1800,0
700,11
30,10
2000,1
1200,0
788,11
130,3
700,5
800,7
1200,10
300,8
800,3
2300,11
0,11
788,12
788,11
1576,15
5000,11
788,5
3000,11
788,11
1000,13
2779,11
2400,11
6000,11
800,4
2800,11
830,15
2900,12
1200,15
4400,11
900,11
200,8
800,0
1200,8
2000,8
800,11
1300,0
1300,11
1100,11
1250,0
850,7
2600,15
600,4
2700,11
500,8
150,11
200,0
70,6
2500,7
700,2
700,11
200,11
1200,11
788,0
600,12
4000,11
2000,11
2000,11
1680,11
1600,11
1500,5
819,5
788,6
500,0
800,10
750,8
3100,11
3800,11
1000,3
550,8
200,15
800,6
788,11
788,0
1200,5
750,7
1400,4
788,4
788,3
900,11
800,15
788,11
788,5
1200,11
1400,6
200,11
2000,15
788,12
4500,11
788,6
2000,0
920,10
788,5
560,8
200,4
800,7
1100,11
900,4
788,5
3000,13
824,4
400,1
700,7
800,11
1300,8
300,11
788,0
900,10
800,10
1200,11
1650,4
700,10
987,11
300,0
2000,0
840,6
788,3
1200,11
788,7
300,0
1200,5
700,1
788,6
1400,8
1800,6
1600,8
788,5
788,11
788,1
755,2
1500,11
1200,11
5000,11
300,11
788,1
400,8
1200,4
500,1
280,4
1400,4
800,8
600,6
60,0
85,4
200,0
250,0
1500,0
500,0
35,0
600,6
500,4
15,0
0,4
900,11
788,4
340,0
140,2
0,0
250,8
1400,4
50,6
200,0
150,7
270,4
400,3
200,0
0,5
1000,2
1200,5
1400,11
920,8
1200,5
2000,8
0,5
788,8
800,11
1200,11
577,5
900,5
100,4
788,0
1500,4
1700,5
970,11
400,9
788,1
788,11
2500,1
50,6
815,6
1000,8
600,0
350,2
750,6
800,5
350,0
788,0
100,0
1500,8
500,11
1900,11
1200,7
790,11
500,11
300,11
788,4
1000,11
600,11
1100,11
900,5
300,11
800,11
600,9
1100,11
250,8
788,10
350,11
1500,11
788,6
1800,7
1300,11
788,11
0,0
788,0
788,11
788,11
950,11
1350,11
300,0
1200,5
1014,11
900,6
1100,4
2000,0
1300,15
1300,15
500,8
0,0
400,0
788,11
1500,0
788,6
1200,7
788,5
788,6
788,9
500,0
150,9
1171,11
2000,8
788,7
250,0
788,0
350,2
150,4
0,0
900,11
1800,7
900,5
930,8
1300,0
2500,3
1413,7
1800,11
150,1
1500,11
1500,15
788,11
1200,9
788,11
1200,6
1600,11
1200,8
650,0
1200,11
788,6
3000,9
2000,4
1600,14
788,9
788,4
788,15
600,11
800,4
650,0
350,10
1000,11
1500,6
400,0
400,0
400,0
350,11
500,8
350,3
800,2
450,1
480,2
420,0
400,1
350,0
650,3
450,2
360,1
350,0
540,4
400,2
400,4
600,4
788,5
300,11
788,11
120,2
150,5
3025,15
1150,0
788,2
200,0
750,5
0,0
1110,3
0,8
0,0
400,5
780,12
200,4
788,2
3000,11
300,4
0,4
0,3
750,11
450,0
1000,11
788,3
700,11
1000,7
788,8
788,5
788,0
788,3
5000,11
20,0
500,11
1700,11
788,11
500,3
1182,8
788,1
788,7
400,10
600,11
960,11
900,15
460,5
814,11
800,11
2500,11
788,0
788,0
788,11
800,5
1000,5
788,2
3000,3
185,0
400,5
400,0
250,11
600,11
300,2
972,11
800,2
500,0
0,4
300,0
1000,11
460,4
300,0
580,0
1200,11
1200,4
1000,10
5000,11
500,0
788,0
1200,7
788,6
300,0
180,0
0,11
860,0
788,11
800,2
2000,15
150,2
788,8
100,0
250,2
1500,7
1900,11
1300,11
1100,8
1400,9
1000,0
200,8
788,7
800,3
1200,8
1000,4
1000,0
2500,9
1100,11
1576,15
788,11
150,7
788,4
1200,11
2300,11
1300,11
1200,6
2000,11
5000,11
1500,15
6000,0
1800,11
1200,6
1200,2
1200,0
1200,3
600,0
580,5
1500,0
125,2
480,0
360,2
800,3
100,3
1200,0
788,3
888,11
460,3
788,4
0,1
640,2
400,0
800,0
1400,11
788,11
788,4
1576,8
210,11
1000,8
1300,7
80,0
0,0
1000,11
800,0
2000,7
2300,11
0,11
300,0
1700,11
1500,11
788,11
500,0
0,0
788,8
350,5
800,10
500,2
0,0
0,0
30,0
200,0
170,1
1340,0
500,4
600,4
450,0
788,11
1400,0
600,0
950,8
700,3
0,0
0,0
650,4
450,4
400,4
200,4
0,1
0,0
550,11
788,8
1200,0
0,0
500,11
0,0
1500,3
0,0
0,7
0,0
500,11
788,11
788,10
700,11
1200,11
1500,7
600,6
1500,11
788,7
788,11
788,7
500,11
1500,11
900,11
10300,15
5500,15
1500,15
2300,11
1800,11
150,7
200,4
788,6
800,11
200,5
900,11
788,5
790,1
600,5
500,11
400,0
850,10
700,11
1200,2
400,5
2200,11
2200,11
3020,10
1700,11
1600,12
2500,11
2020,5
1500,11
2500,8
0,2
2200,11
2400,11
950,11
200,11
900,11
900,5
2000,11
788,0
1400,11
788,2
120,8
600,7
2200,11
1576,11
6000,15
600,5
3000,15
600,8
3800,11
8000,15
150,7
1800,11
0,8
1400,8
788,4
800,11
3400,11
1000,11
3000,4
250,0
400,8
250,4
300,0
1000,11
500,12
788,5
500,11
800,4
788,0
600,6
788,11
60,4
700,11
120,4
700,10
1400,11
200,4
788,1
200,4
700,7
0,0
788,0
0,0
788,0
700,2
788,0
0,3
1000,0
400,2
0,3
700,11
300,4
788,0
700,0
80,4
100,0
300,5
500,3
788,3
1600,11
300,6
60,3
500,5
788,0
400,4
1500,11
5500,5
1600,12
5000,11
1200,11
1300,11
2800,11
1800,7
600,10
1300,7
900,0
2000,4
2100,8
900,11
1618,9
3500,11
2300,11
1800,8
864,10
788,1
900,9
3000,8
788,6
400,8
1100,11
450,15
1300,12
900,11
1500,4
800,9
788,3
2500,3
150,3
788,0
950,11
788,1
200,4
2000,6
1000,0
1400,8
100,0
700,8
1500,11
3500,15
1100,5
1200,10
4000,13
1200,11
600,11
450,11
1000,11
1500,12
788,5
900,6
800,5
1357,11
837,9
1100,11
800,4
1400,0
700,11
1100,5
800,5
1280,11
1500,11
4500,8
788,5
750,3
2200,4
200,2
788,11
788,11
1000,11
1300,11
1000,11
788,5
2000,11
100,0
788,11
1500,11
3500,11
1200,11
2300,3
1000,11
2200,5
1300,8
1200,8
1000,3
3000,11
2000,13
500,11
900,5
788,8
450,2
1200,6
500,11
700,11
1400,11
1000,11
1500,6
1300,11
2500,13
1000,11
4000,11
670,13
3000,15
1500,6
400,3
5000,4
788,11
300,5
1000,5
3000,11
500,4
700,4
2000,7
788,8
700,5
3000,11
250,7
788,1
850,12
788,4
1200,8
860,11
1750,15
2000,11
1400,11
2000,11
1200,11
850,11
1300,11
1900,11
1000,11
400,5
2200,8
800,11
788,11
850,11
788,4
788,11
1800,8
788,11
788,11
1100,9
5000,11
1000,8
15000,15
5000,11
1000,11
10000,15
4000,11
6000,15
7880,15
3800,11
2660,11
200,0
900,3
1200,11
700,8
400,10
800,2
788,11
108,11
200,0
108,11
400,11
400,0
1200,11
1100,4
1576,8
1200,6
700,11
788,11
788,8
2000,11
400,2
900,11
700,11
1000,1
2000,15
1000,11
5000,15
2300,13
1200,11
1500,11
788,7
250,0
788,0
1000,6
600,8
30,2
150,0
300,15
200,9
788,4
1000,11
500,8
300,7
900,4
800,6
0,4
600,0
0,8
788,0
300,3
2800,15
788,11
400,11
3500,11
1000,11
788,12
1280,11
2000,3
2000,8
1200,15
788,11
200,11
5000,15
3000,9
1500,4
850,4
2500,6
700,0
450,2
788,11
788,11
788,5
788,11
2300,4
1014,14
500,3
450,2
788,11
1800,15
1200,15
610,0
600,0
2000,11
2000,15
4000,15
788,11
500,11
400,4
500,5
788,11
2000,14
900,5
1000,11
788,0
788,7
1000,0
400,0
200,0
600,4
580,0
200,5
200,5
1100,11
150,0
1000,3
200,11
600,3
950,0
1080,11
500,14
788,8
4000,11
450,4
800,4
100,5
800,11
2000,4
4000,8
788,8
788,13
900,11
788,11
788,6
788,11
1000,12
2000,4
2000,15
100,2
900,11
1200,5
850,4
720,5
1000,2
788,0
600,11
2000,2
400,0
788,4
200,0
260,9
600,4
788,11
95,0
300,3
150,5
400,0
2400,4
0,0
0,0
1000,10
788,8
200,1
788,11
1576,11
650,0
50,0
500,8
1576,12
600,7
1000,7
700,4
200,5
1400,1
700,4
600,0
788,2
400,0
788,0
300,6
0,3
300,3
0,5
400,0
420,5
500,5
300,0
300,0
500,4
800,11
100,0
1100,11
1500,11
900,11
800,9
2000,13
788,4
1100,11
100,0
1093,8
1085,11
2800,9
2600,8
1500,14
788,15
250,5
3500,11
1236,11
788,11
1200,11
788,0
1100,11
1500,0
950,7
1800,3
788,4
1090,14
1400,11
560,7
1200,15
1000,3
788,3
1300,5
788,3
1200,5
450,0
788,8
788,0
1350,11
1350,11
1200,8
788,11
1384,4
828,11
2400,15
890,11
1200,5
0,11
1200,4
788,0
788,11
0,0
1000,10
1500,4
900,11
1500,11
700,8
500,11
200,8
4000,15
700,10
1800,11
2300,11
788,11
400,11
800,11
1000,11
1000,11
1500,11
1400,15
6400,11
1000,7
1300,7
788,13
1250,8
700,7
788,11
600,5
1000,8
800,6
800,11
1300,8
400,0
1400,10
30000,0
8000,15
5500,15
1800,15
800,11
4000,11
4100,11
2000,6
850,15
3000,15
2000,11
350,11
150,4
1100,11
700,6
1500,11
5000,11
788,11
1400,8
788,7
100,8
1000,11
1480,13
1000,11
788,5
1200,14
788,5
350,5
150,5
500,6
2500,8
788,11
1300,3
600,4
500,0
1200,10
600,8
788,11
900,8
788,4
840,5
2000,15
1600,12
788,12
788,10
788,8
1100,4
788,0
788,11
560,5
1200,11
1200,11
2400,11
3200,11
1500,10
5000,11
700,11
1300,13
1600,13
900,11
788,1
900,11
150,4
2200,15
825,6
788,4
200,6
1100,8
788,0
600,2
788,4
788,0
2400,1
300,4
788,4
788,4
788,11
788,11
2000,13
0,11
80,4
788,11
600,2
250,0
600,6
350,4
20,3
2100,14
350,7
788,11
660,0
788,0
300,4
792,0
788,4
600,0
200,0
750,2
600,9
1600,7
880,0
600,3
600,4
1200,8
1970,15
1400,0
1500,5
300,2
2500,11
960,11
1300,8
1850,11
800,8
1000,11
1980,11
700,7
900,2
800,11
1000,3
800,5
788,4
500,4
700,5
1200,8
1500,9
900,11
788,4
900,4
395,11
1500,3
788,5
1000,0
300,0
794,10
2000,0
788,4
1200,2
1050,4
1634,8
788,9
600,0
5500,11
1000,0
1876,1
1100,11
630,3
1096,3
1500,9
600,4
1200,11
2000,8
800,8
788,12
788,11
1200,11
1800,1
400,11
1500,5
1000,12
788,15
300,5
2364,15
5000,7
0,4
2000,7
788,7
70,5
788,5
788,10
1000,6
788,5
788,15
800,4
500,4
100,15
1000,11
2000,6
1000,4
780,10
7000,11
788,5
850,15
788,5
788,7
788,8
2100,11
800,0
500,5
788,9
788,10
788,7
788,9
788,11
800,0
1500,4
788,15
500,2
500,7
788,9
50,9
800,11
1500,10
350,11
1184,11
8000,15
4000,11
788,11
10000,15
840,12
200,11
788,11
3700,15
788,5
200,0
400,4
788,11
1500,3
1500,0
700,7
3000,11
1400,0
1500,7
400,6
2000,15
1042,3
788,11
15000,15
25000,15
2000,15
500,0
2900,11
2020,11
1000,11
1900,2
788,11
1250,0
980,7
300,2
700,11
300,1
1281,8
0,2
940,4
300,4
170,0
788,6
400,0
500,4
360,6
120,11
788,11
30,11
950,1
200,4
600,2
788,11
788,11
4800,15
1000,11
3000,8
1576,11
0,0
788,5
788,4
550,5
675,2
2900,11
500,5
4000,15
400,11
50,7
500,3
788,2
0,0
0,4
700,7
560,0
500,0
788,6
325,11
700,3
800,5
500,0
788,4
550,0
600,1
600,2
600,2
600,5
600,0
2200,11
1000,11
200,3
788,11
788,3
1200,11
788,0
1600,11
6000,15
788,15
300,0
788,3
1100,9
1000,11
788,11
880,5
900,11
700,4
788,11
788,11
400,11
800,2
1000,8
1200,6
780,5
400,11
815,12
1100,5
790,12
750,2
780,0
800,10
450,4
800,9
1385,9
480,4
788,3
788,7
5000,7
1150,12
795,5
817,4
1300,0
849,12
950,12
860,11
1000,11
1500,7
788,3
788,11
8500,15
890,4
1500,0
3000,12
1500,12
1000,11
1239,3
1200,11
400,11
1500,8
200,4
500,8
788,4
1200,0
3000,11
1400,3
1200,11
1500,11
900,11
2000,11
2500,15
1900,13
2000,7
1250,12
420,12
1350,6
1300,7
1800,0
800,9
700,11
480,1
500,6
800,9
1500,4
1000,11
5000,3
800,7
6000,6
400,11
250,11
784,5
350,0
784,5
300,10
2100,14
700,11
1200,15
2600,10
1200,14
800,7
5000,11
900,11
700,11
4500,15
845,11
2000,10
850,3
788,5
1000,11
2000,11
800,11
1200,11
1387,12
1000,11
2500,11
1000,8
2000,11
1100,4
788,4
1300,11
1200,7
788,11
788,5
300,2
500,10
250,1
1200,14
1000,15
5500,12
200000,11
1691,15
30000,11
45000,15
1900,8
1100,0
700,0
6000,8
1000,11
2000,6
1600,7
1700,3
1300,8
1014,10
1900,10
788,11
2000,11
2000,15
1050,11
2300,13
1300,9
857,12
1500,11
1250,11
1500,11
700,0
150,3
788,3
300,4
788,8
1100,0
788,10
2300,15
850,4
2500,4
2000,11
15000,2
1220,6
2500,1
788,5
200,7
3000,11
1400,7
788,15
1800,8
2000,14
900,8
1200,11
788,0
1500,5
800,2
850,9
2500,8
280,0
788,9
800,3
3000,14
1200,6
788,6
1500,11
788,4
906,11
788,10
1500,11
840,11
2000,1
500,11
1300,10
840,5
600,5
1300,8
1216,10
350,0
1000,2
788,10
788,10
1200,11
2000,11
1050,5
3500,8
2500,15
1570,15
2500,4
2300,11
1000,9
1000,11
788,14
1500,11
815,5
1200,10
1200,11
900,11
300,11
2000,11
5000,8
1200,11
700,11
1000,11
300,0
350,6
400,4
1000,0
788,9
900,8
1000,7
500,4
500,3
788,11
788,9
2000,5
1500,3
300,5
400,11
900,0
788,8
700,7
1000,8
700,0
600,3
788,11
800,0
788,0
600,0
700,0
2000,11
300,4
100,15
120,10
800,0
788,7
600,0
150,0
500,5
1300,15
500,5
5000,11
0,4
980,8
500,11
788,6
800,5
788,3
1150,11
1800,8
640,5
2500,5
10000,8
5400,15
100,2
600,0
30,0
0,0
200,0
300,4
450,3
788,0
240,3
450,4
60,0
788,0
90,0
300,0
525,1
1300,0
1148,2
600,4
50,11
90,6
300,11
915,11
1200,11
912,11
1400,4
270,11
2500,11
900,4
500,8
788,11
1300,11
788,11
1600,0
300,0
6500,15
800,11
800,5
400,11
300,0
788,10
788,4
1400,0
100,1
800,3
1800,11
3500,10
788,11
1000,9
788,9
1050,9
800,4
500,2
7000,11
2000,7
1250,15
778,15
0,5
1014,11
800,4
2000,4
700,4
3000,15
600,0
200,11
1800,5
0,0
0,0
100,8
0,3
0,3
0,0
0,5
450,9
100,2
0,0
1150,8
250,2
0,7
500,0
7000,4
2300,3
400,0
0,0
700,0
120,8
788,11
788,11
200,3
700,8
300,0
800,8
200,1
150,3
450,0
280,5
800,5
600,2
200,4
788,0
320,2
500,0
680,1
300,4
480,0
100,0
400,4
300,4
1400,8
800,0
100,2
200,3
300,1
200,10
0,0
780,0
500,2
100,12
500,0
1200,10
788,8
1000,4
780,4
1000,1
800,11
30,4
2000,11
3009,11
1700,15
650,6
1000,3
500,11
0,0
30,5
800,1
300,0
700,2
0,5
2700,11
788,0
788,11
820,11
788,11
200,4
100,4
100,6
2364,7
800,2
900,0
300,3
250,5
400,0
1000,9
960,11
788,11
1200,4
1014,8
150,2
788,4
786,11
500,11
1500,10
400,3
724,11
700,1
360,0
300,1
520,3
0,0
1200,1
240,8
400,11
30,3
300,0
420,1
600,4
300,3
350,0
786,11
1500,11
500,0
800,3
900,4
788,14
1200,1
2300,11
560,0
690,0
600,0
380,1
300,11
460,0
800,8
500,11
390,5
400,5
788,0
1820,15
600,0
400,2
600,0
600,2
390,11
650,4
500,4
0,4
700,3
600,2
720,2
788,9
250,11
1000,0
100,4
700,2
180,3
350,1
250,4
0,1
150,0
150,0
1700,0
0,1
0,0
700,0
200,0
0,3
0,4
200,2
800,8
200,4
250,0
0,2
788,6
788,0
500,0
200,7
500,0
788,11
788,4
400,4
150,11
120,0
350,0
788,7
800,11
200,4
200,11
1500,15
140,0
850,8
1200,8
4500,11
150,0
400,0
200,2
788,11
220,12
500,0
788,4
788,5
1800,11
1000,4
600,11
700,9
500,8
600,3
500,4
4000,15
400,2
1800,11
400,4
788,3
300,0
400,9
300,8
250,5
500,11
800,5
500,4
480,0
800,2
640,3
400,3
0,0
450,4
700,4
400,0
430,0
180,2
0,4
900,11
5000,3
800,2
190,0
700,11
500,6
100,3
2500,7
800,3
6200,11
788,11
380,11
1000,11
788,11
1200,12
4860,10
800,11
788,5
788,11
3800,15
2000,12
3500,7
150,5
1800,11
3000,13
788,11
300,1
788,8
820,7
400,3
788,1
788,11
788,11
788,5
50,9
1900,11
300,3
1100,5
300,1
40,8
1100,9
788,9
100,0
250,7
200,0
800,11
400,2
800,1
0,0
500,0
250,3
208,0
300,0
640,5
350,3
500,0
200,0
80,0
700,0
800,5
200,3
400,0
0,0
100,0
0,0
350,0
200,0
240,2
2190,13
400,0
788,0
600,0
250,3
350,2
380,0
500,0
100,0
300,4
788,0
100,0
788,11
788,11
3000,11
100,0
1000,0
650,0
400,6
3132,15
240,5
280,0
1100,11
360,0
0,15
350,3
788,11
400,6
200,0
0,0
0,0
0,0
0,0
0,0
0,3
350,0
800,6
0,2
788,11
788,0
0,5
3500,15
1000,13
1200,11
1000,15
75,4
788,11
60,0
100,3
250,5
3000,10
788,8
1000,4
3000,6
7880,15
788,11
788,6
4800,11
200,1
1400,11
500,0
200,7
2200,1
1000,9
300,5
900,11
550,4
1000,11
2000,11
600,5
2700,10
788,11
100,0
300,3
3500,15
2000,1
789,11
800,0
700,7
1400,12
1400,11
2500,15
2000,11
0,7
1500,7
2400,0
1600,10
788,5
800,8
1000,12
1800,6
2000,11
1100,11
788,11
2000,11
800,7
1200,11
300,9
1500,5
789,6
818,11
2000,6
788,9
250,0
1300,1
850,8
1800,10
788,0
80,11
788,0
1000,9
5000,7
1000,3
1500,8
2000,4
950,0
800,1
788,11
1600,11
788,1
800,3
1700,4
120,0
250,11
788,3
1000,0
360,0
180,11
460,7
1250,1
1000,1
280,0
2000,1
1100,3
150,6
180,0
1240,6
1250,11
0,5
500,4
120,0
180,4
400,3
1000,3
1000,3
0,0
1000,11
300,11
240,0
600,0
250,0
640,2
250,5
200,0
788,12
600,0
300,0
500,10
600,2
190,11
1000,11
0,9
788,7
788,11
1500,11
0,4
788,11
1090,11
0,3
0,5
788,6
1100,0
0,4
0,0
0,5
300,0
788,4
800,5
788,4
500,4
788,3
0,2
900,1
900,3
0,3
0,0
0,2
0,5
400,0
2200,11
0,0
788,11
500,7
788,6
0,4
788,4
788,13
788,11
3940,15
2000,11
1623,15
500,1
824,11
1464,11
0,0
500,0
0,0
200,0
150,0
0,0
400,12
3160,14
300,4
0,6
0,0
1200,7
500,11
800,0
0,3
900,6
120,5
200,6
0,0
50,8
750,11
300,0
0,0
500,0
30,5
0,0
0,0
800,11
788,11
400,0
788,5
1576,11
900,8
2400,11
2200,11
2000,0
788,10
1000,0
400,0
900,15
250,1
1000,6
420,4
100,2
600,6
788,4
0,3
700,0
0,0
0,0
0,10
0,0
0,3
450,2
60,2
0,0
0,0
320,8
200,11
950,7
0,5
500,3
400,8
280,4
788,11
950,10
500,8
788,11
500,8
500,6
400,8
1100,11
0,0
0,0
0,0
0,0
0,0
0,0
0,4
640,1
600,4
0,0
0,11
0,2
0,1
0,0
0,5
0,3
500,10
0,2
400,0
788,11
788,15
788,2
200,8
400,10
65,7
854,3
0,0
0,0
0,0
0,0
0,0
0,0
1200,0
0,10
0,2
0,2
900,5
788,11
200,8
900,11
400,0
800,12
400,11
788,11
1500,4
788,11
1600,11
800,11
800,11
788,5
2500,4
600,5
600,0
400,0
350,7
788,8
600,0
1000,1
400,6
0,4
350,4
0,1
500,0
300,0
400,2
70,4
1300,0
420,0
0,0
350,3
400,7
400,7
1000,5
1000,0
1000,0
100,10
950,9
350,2
200,2
400,5
600,2
600,0
788,1
788,4
0,0
788,0
166,3
788,0
0,0
788,1
788,10
788,1
1720,15
400,2
2000,5
788,4
1014,11
1000,15
500,6
788,5
788,0
660,12
450,0
800,11
1000,0
788,1
550,0
920,8
480,3
600,2
800,0
788,0
200,0
0,0
20,0
700,0
788,2
200,0
0,3
2224,15
788,8
160,0
75,2
788,0
6000,10
150,3
490,11
240,4
0,0
940,11
240,0
700,2
310,0
133,1
150,5
788,8
50,0
0,0
500,8
788,4
420,0
600,6
500,4
240,4
400,3
80,2
480,3
1014,11
1920,4
416,0
0,5
480,4
900,11
60,0
80,3
800,0
83,0
788,11
33,0
180,11
3000,12
788,11
900,15
6000,15
1560,3
800,9
788,2
100,2
500,0
800,0
4000,8
30,0
280,3
394,11
20,0
788,8
788,13
788,11
40,3
788,11
1300,11
30,8
788,4
200,0
788,2
50,0
800,7
10,2
150,9
500,5
2688,15
400,0
200,4
5200,15
450,0
3000,8
30,0
800,0
400,2
150,1
600,1
800,0
500,1
600,1
788,12
240,9
1200,4
600,0
200,3
1500,0
600,0
980,5
750,14
3500,15
3500,15
3800,11
1500,15
1500,11
5000,15
1500,15
788,11
6000,15
2800,11
1200,11
4200,12
1000,11
250,8
1300,15
1060,4
7000,15
1000,8
1200,11
1200,5
3900,14
1200,11
788,11
900,11
1200,5
1500,15
980,6
788,5
12000,15
33000,15
3900,15
4000,15
1000,11
2500,15
6000,11
790,14
7300,15
1300,12
3000,11
4500,12
1600,12
2000,15
23000,15
2000,15
10000,15
3000,15
8000,15
10000,15
1000,14
2000,11
1000,12
5000,15
4000,15
20000,15
9200,15
4500,15
6000,15
6000,15
1200,11
4500,11
2900,11
4102,15
6000,13
15000,15
10000,15
1200,8
10289,15
2600,15
2900,15
1500,15
2000,15
4000,13
8000,15
2000,0
7900,15
4000,15
10000,12
3500,8
3900,15
880,11
5000,15
1500,11
650,15
2000,14
2500,11
2000,12
800,6
1600,11
800,5
1500,11
900,15
4600,15
3626,15
400,10
2000,11
900,11
3000,11
800,10
788,10
1153,5
1500,4
1100,11
1200,4
5000,15
2900,15
2000,6
970,10
1500,15
788,8
1500,8
2000,11
600,11
1500,11
800,8
380,0
600,11
420,7
350,4
7000,15
16000,15
4100,11
5000,15
7000,11
7000,15
1200,10
788,15
700,11
1050,11
900,11
280,3
788,11
788,4
992,4
13000,15
3000,15
5000,15
15000,15
8000,15
1500,15
8000,15
4200,15
5000,15
1000,12
2100,11
8000,15
7000,12
10000,15
22000,15
7000,15
5000,15
3500,15
5000,15
5000,13
300,15
4000,11
3954,15
7000,15
1200,9
1830,15
2000,15
2000,11
3800,15
800,11
4000,15
6500,15
16000,15
10000,15
5000,15
5000,15
6000,15
4000,15
5000,11
3500,15
3890,15
2900,11
5180,15
920,11
2000,11
1500,15
1300,12
2000,15
1700,11
5000,15
2300,11
2700,12
3500,13
2000,11
6000,15
1000,11
3000,15
1700,13
7000,15
5000,15
1000,11
6000,15
4000,15
6000,15
850,11
3000,13
4250,15
2400,10
788,6
788,3
788,7
370,11
650,8
600,11
2000,15
2000,13
850,8
2000,11
6300,15
788,11
1500,4
1500,11
1500,11
500,8
1300,11
400,5
4200,11
917,8
800,11
1600,11
788,11
220,11
2200,11
788,4
788,5
1000,11
788,1
788,8
1500,11
1000,12
788,3
600,6
916,9
1500,12
1500,11
1000,11
788,1
800,10
2100,15
1000,11
1200,13
350,11
3000,11
2200,15
4000,13
10000,15
2000,15
788,11
1200,11
1300,11
2280,14
4000,15
3500,11
1700,11
500,11
5000,12
3000,11
788,8
1200,11
320,11
3000,6
819,6
600,5
300,1
900,7
800,7
700,5
788,11
900,13
1400,3
900,15
200,4
800,13
788,4
750,14
788,11
400,0
1000,8
800,4
1062,11
788,11
1500,15
2200,11
6500,11
5000,11
3200,11
5000,11
1800,9
3000,0
800,6
788,11
5000,7
788,10
900,11
788,11
1200,8
788,2
900,4
2000,11
360,9
376,11
1000,10
2500,5
350,11
1200,11
2300,8
900,11
900,0
800,11
1350,8
880,6
789,0
1800,13
853,11
500,11
500,0
788,15
15000,15
5000,15
10000,15
30000,15
20000,15
30000,15
3800,11
2800,11
2500,15
5000,11
2000,11
3400,11
4000,14
30000,15
4000,15
2000,11
2684,12
2100,15
3500,15
3000,11
1100,3
2500,11
3400,15
3500,15
2800,15
700,2
2000,11
1200,11
2000,11
1700,5
788,11
1400,5
3500,10
1500,13
845,11
600,5
500,0
700,3
1800,1
977,0
820,15
3100,15
420,9
400,4
950,3
788,11
800,12
3500,3
1100,11
850,0
1000,9
2000,11
1500,11
1500,15
880,11
200,5
1000,11
922,0
1576,15
900,11
3000,15
7000,13
10000,15
7000,14
15125,15
5000,15
16000,15
6500,15
6000,11
2500,15
1400,7
700,11
788,3
2500,8
780,10
500,11
2000,4
850,12
1920,9
500,0
850,7
788,1
1389,11
870,11
300,8
0,10
788,11
500,15
788,5
1200,11
800,11
500,5
788,11
900,11
1500,6
900,2
1000,11
788,8
800,11
788,7
2000,11
10000,15
6000,15
16000,15
3000,15
1400,15
4000,15
10000,15
5000,15
2500,11
3000,11
780,4
788,11
972,11
1000,15
400,3
788,9
600,5
900,11
780,3
15000,15
1250,15
4500,15
2000,15
970,11
10000,15
27000,14
10000,15
10000,15
5000,15
150,8
500,11
900,3
100,4
50,2
788,8
150,3
9000,15
1000,15
2000,11
2500,15
1600,12
788,2
3000,12
1100,11
1400,9
900,9
700,10
300,4
300,2
788,4
788,11
600,4
800,5
800,11
800,11
860,11
600,3
1000,9
400,11
1050,8
350,7
788,0
300,7
788,8
100,5
400,10
670,4
1600,11
500,9
700,7
1800,11
550,11
1000,4
850,11
945,11
1200,11
600,6
1500,8
700,4
1000,15
560,11
935,3
1300,11
700,15
650,9
1100,9
800,11
1200,4
1400,15
950,11
1220,11
1000,8
1400,11
500,10
850,12
250,7
900,8
788,6
600,11
350,11
800,11
788,11
400,11
800,8
970,11
400,4
1100,15
1200,5
1570,4
750,1
500,11
1000,11
400,0
1100,9
2100,15
900,3
1600,11
1800,6
680,4
1500,11
788,4
1900,15
250,6
450,4
7500,9
1400,15
1700,11
640,4
300,7
788,11
788,7
780,11
788,12
1118,4
500,0
1500,3
1200,11
788,8
1200,8
900,11
788,4
788,5
788,5
3400,13
1300,5
1800,8
200,2
900,11
788,8
1500,4
2094,9
1300,14
788,12
1200,11
2000,14
850,12
1000,5
1500,7
1200,11
640,7
788,8
788,11
1200,11
400,5
788,11
1350,8
788,0
1200,11
1500,11
480,11
2100,15
860,11
788,11
1200,9
3000,15
700,11
1576,11
1576,11
10000,15
6200,15
4000,13
974,11
250,6
788,6
400,11
1000,3
1390,15
1020,11
1100,10
230,3
380,6
788,11
2500,8
788,5
550,5
1450,15
900,11
1200,11
788,7
950,11
2100,11
1100,11
1800,10
1100,10
918,9
1500,3
1100,11
800,3
1000,11
1000,11
1500,11
2100,11
1200,5
788,8
900,5
788,9
1600,11
788,11
3100,7
1728,11
788,14
1500,11
700,9
1200,5
100,12
788,11
1890,11
920,9
150,4
1200,2
300,1
150,5
1250,11
1460,5
788,11
1000,8
1400,11
1200,15
4000,11
1000,11
1000,11
2400,11
950,11
1000,5
2000,12
800,9
788,11
1400,13
1800,8
788,11
182,4
2000,11
788,10
1500,11
1000,10
800,11
788,11
0,7
847,0
788,2
320,11
1200,8
918,11
900,6
788,3
1300,8
950,0
900,11
1000,7
788,4
500,1
1000,11
2200,15
2100,12
1100,7
1150,9
1500,8
980,11
1500,8
800,5
1600,7
400,8
788,14
1000,4
4000,10
900,8
1500,11
2100,13
1100,11
1000,7
1500,11
900,11
3200,15
788,10
800,11
788,10
1200,11
650,11
200,0
1050,8
1500,11
1250,7
1025,5
1600,11
900,11
1250,11
900,11
3000,11
1000,10
800,11
900,8
1200,11
1000,5
788,6
800,11
200,4
788,11
788,9
1300,12
1600,11
788,11
1100,4
800,11
788,5
950,11
788,3
1000,12
2000,7
788,12
500,8
400,3
950,11
788,11
800,6
788,5
850,13
788,9
400,0
1100,11
1500,11
788,11
788,1
720,6
1500,11
950,9
917,11
1050,8
1300,3
600,9
3000,11
1000,11
3500,15
1300,11
1300,11
14000,15
7000,12
788,8
6200,11
1200,8
100,7
1300,11
700,11
1200,11
600,5
400,2
1200,11
1480,4
788,7
1200,11
1300,2
1200,11
1000,11
1000,4
1200,7
1500,11
200,0
1200,11
2364,11
5000,15
1576,8
3940,0
1200,15
1500,11
788,8
2000,0
200,6
600,8
1382,12
2400,8
724,8
788,7
800,4
657,14
500,10
1576,11
150,5
400,11
788,8
788,1
800,4
2000,11
788,11
3000,15
2100,11
2500,15
3000,14
4500,15
3000,14
2500,15
800,11
3000,15
2300,15
3800,11
3325,15
3000,15
3000,6
2300,11
1600,11
2000,4
3000,12
2000,11
788,14
6000,14
6000,15
5500,15
2500,15
3430,15
2500,11
1900,15
10000,11
1000,10
2800,15
800,11
1600,12
1000,5
800,8
1600,15
900,14
4000,12
2000,11
1600,15
2650,8
3000,15
3000,15
1000,14
600,0
1200,11
950,0
788,11
1400,0
788,9
280,8
900,11
788,11
845,8
974,12
900,7
1400,12
788,11
700,9
1200,8
788,8
1800,10
788,8
1800,11
1200,14
788,12
2100,4
1100,12
1000,11
1300,12
700,11
2000,10
800,8
1500,11
788,0
788,11
2364,7
788,11
2000,11
700,4
1140,3
788,0
1500,0
788,5
1250,11
500,5
700,6
857,6
1200,4
1400,5
819,8
788,8
819,11
400,8
788,7
500,1
850,4
1200,11
788,4
788,10
900,4
850,4
788,1
788,7
900,4
0,4
1500,11
788,3
788,11
788,5
1800,11
900,11
1500,11
600,11
800,5
3000,11
3500,11
788,11
1138,11
788,1
3000,11
400,11
1200,11
1000,5
1800,11
3000,13
1800,11
780,15
1000,8
1500,10
1900,11
788,15
390,5
300,3
2200,13
600,11
788,6
800,5
2500,14
600,5
788,3
800,7
788,8
1300,14
30,1
2500,15
788,10
1500,11
1300,11
380,11
700,7
900,7
788,7
1500,8
800,6
250,1
800,2
1500,7
788,11
1800,11
1500,1
1600,5
800,4
800,2
600,5
788,9
1700,11
550,15
1900,11
3000,11
879,5
900,11
948,11
2500,15
4000,11
788,11
980,13
1200,11
2000,11
788,1
788,3
788,9
900,6
788,11
1100,11
788,11
150,6
700,4
788,11
1100,10
1100,11
1136,10
2600,11
788,11
500,7
150,4
1300,11
1300,11
788,4
300,11
450,5
700,0
788,5
800,5
2000,8
1200,11
1300,11
1160,4
1500,9
1700,8
800,6
900,11
788,13
1300,8
1000,6
788,11
800,4
400,8
4500,12
3000,11
2500,11
1000,11
1200,4
3500,11
788,5
1000,0
800,11
1500,9
1765,11
1919,11
500,4
1500,11
2100,13
1200,11
0,9
1700,11
700,5
700,8
2200,10
1200,4
700,8
750,9
600,11
700,10
1800,11
1200,11
850,6
700,0
900,9
2000,11
1180,11
2800,15
1400,11
1500,8
850,11
1000,11
1500,11
1300,8
900,4
1200,8
980,11
788,8
600,8
2200,11
1000,10
1100,8
700,11
1450,11
1100,9
1900,11
650,11
300,2
400,8
2300,11
800,7
1100,8
750,8
2400,15
870,8
1600,8
1150,11
788,11
600,10
3500,15
1500,11
2000,12
2200,15
3800,11
1000,11
2700,12
1500,11
1050,6
600,15
2000,11
5000,15
3186,15
788,8
450,11
1700,11
1200,8
788,10
1300,11
788,11
788,11
788,11
1500,11
2000,11
3240,15
2100,13
1560,11
900,10
400,11
500,8
1000,5
788,11
2000,15
1050,7
1200,11
3000,11
788,9
1500,11
1800,11
400,5
250,4
1100,8
600,11
850,11
800,9
400,8
2000,0
1800,11
788,11
2800,15
800,8
2000,11
1500,11
788,11
900,7
1100,11
970,11
3333,12
700,3
900,3
788,4
300,8
1200,5
700,10
620,7
800,6
1000,11
840,5
788,11
788,11
788,9
700,14
1100,8
1200,11
850,11
2400,15
400,13
1200,11
1200,11
1800,11
7000,15
4000,13
400,14
650,6
788,11
800,11
800,6
3000,11
2130,13
900,15
1100,11
5000,13
2200,11
2000,11
3000,11
5000,15
800,11
120,15
1000,13
10000,12
2200,11
1500,11
4700,11
1400,11
2900,15
6000,11
1400,15
320,4
1400,11
300,4
788,11
3500,15
788,4
1200,4
788,11
788,7
650,11
1400,11
500,11
5000,11
2364,11
1100,11
1600,13
788,11
1050,11
1200,15
788,11
788,11
788,11
788,11
1350,11
1520,15
1300,11
2365,11
600,11
1600,15
788,11
2000,11
30,8
1600,11
788,6
2200,11
1500,15
550,4
80,3
920,6
80,0
845,5
788,11
800,11
3000,11
500,5
788,4
980,11
1300,10
788,11
1100,11
800,2
1000,6
1250,11
788,11
700,5
300,7
950,9
788,10
1000,9
1200,11
1100,11
4000,15
1700,11
1500,12
1000,11
2100,15
1000,11
1800,7
1385,8
900,11
400,4
150,11
1560,11
160,4
788,5
800,8
900,8
789,11
520,5
788,9
2400,9
250,7
815,11
800,4
800,10
350,4
1067,7
50,4
788,11
788,8
2600,11
800,11
4000,2
850,15
900,11
1700,13
3000,9
400,11
850,9
200,11
788,11
1000,8
1200,9
500,11
550,4
500,11
200,11
1200,15
2364,12
800,11
788,0
600,5
600,5
1700,11
1150,14
900,8
400,6
300,1
450,4
1400,11
1050,8
1500,11
1500,11
100,11
560,15
950,6
800,11
900,11
900,11
650,11
5000,11
1500,4
788,11
910,11
1900,11
700,5
1200,11
100,5
500,15
500,5
400,5
1900,11
788,7
1500,8
3000,11
600,11
2500,10
1200,2
1182,3
1576,5
788,4
1200,11
200,6
2000,11
800,11
5800,11
3400,13
600,5
920,11
788,11
860,5
788,11
788,11
1850,11
1000,11
788,11
500,15
3000,11
1536,11
150,8
900,11
788,8
1480,11
993,11
700,11
788,15
4100,4
788,13
800,6
250,6
788,15
788,4
1400,11
2100,15
960,11
4100,15
980,13
3800,15
2100,15
6200,15
788,11
1290,11
860,11
788,7
788,11
950,11
788,11
910,11
788,11
1320,13
400,7
1390,10
910,15
788,11
800,11
1065,11
1080,12
788,11
840,11
910,11
1700,11
788,15
1100,11
890,15
670,11
950,11
930,11
970,11
788,11
890,15
5000,11
4500,15
788,13
862,11
4200,12
2800,15
970,11
788,11
935,11
2600,11
460,11
788,7
950,11
6000,13
1500,15
180,5
1200,13
450,4
1300,11
890,11
1900,11
1000,15
250,8
788,8
1700,11
788,8
788,8
788,11
385,11
788,11
1500,11
788,11
1500,2
400,11
950,11
1500,2
850,11
1950,11
2500,11
3500,11
4500,15
2100,11
5000,15
4500,15
4200,11
1400,5
1600,11
900,11
2000,0
918,8
120,11
450,11
140,11
1100,11
850,4
788,4
788,0
788,5
1500,11
788,5
500,11
900,10
788,11
910,11
1800,10
40,0
800,5
788,11
788,0
1900,11
3000,11
1500,11
788,11
1500,11
1200,9
2000,2
400,8
788,8
788,11
1800,11
900,5
1200,11
2400,8
1000,11
1480,11
380,8
5516,11
788,11
960,4
788,11
800,8
3200,8
1650,12
2300,11
1200,11
850,11
6500,15
788,10
850,9
300,11
1000,11
1100,11
2500,14
4100,11
2510,11
1460,5
500,6
600,9
1500,11
960,6
788,11
1370,15
1290,8
1070,11
788,11
1600,11
1400,11
1615,15
1025,15
1180,6
580,11
788,11
3200,15
980,11
788,11
50,11
800,9
500,4
1050,11
788,3
400,11
560,8
3500,15
950,11
788,12
1200,11
788,5
3000,4
1500,4
2000,4
788,0
1100,11
900,5
991,11
250,5
350,5
1000,8
788,11
1000,11
40,0
4000,11
788,8
500,9
900,11
788,11
900,11
1000,7
1900,10
1000,11
1200,11
1500,11
900,11
1120,11
3000,15
600,8
16000,15
788,15
1800,11
915,11
650,8
900,11
600,11
788,6
1100,5
800,9
788,6
2600,11
300,5
950,6
700,3
850,8
900,8
850,5
1576,15
2300,12
5000,15
2000,15
7000,15
3000,11
7000,15
3900,15
10000,15
3000,15
1500,11
2200,11
900,11
3500,11
3000,15
3000,11
3100,15
2500,15
1500,11
1800,11
2800,11
3500,15
2300,15
3300,1
824,9
1500,11
1200,11
800,11
1200,5
1400,4
1100,8
2100,11
2300,11
2800,8
1800,11
700,11
950,5
800,7
1200,8
350,3
980,8
700,6
788,1
1500,11
600,11
968,8
900,4
845,11
400,12
700,4
975,15
1700,11
1200,11
1000,8
6500,15
1500,11
1100,11
1800,11
3800,15
2500,12
1300,0
2500,11
900,8
810,0
788,11
800,4
1100,5
788,9
1000,8
1000,11
1200,4
2500,8
280,5
2000,7
1500,5
500,7
1182,6
1600,12
788,9
1000,5
600,6
2000,11
1200,11
1500,0
1300,11
1100,11
1500,11
788,4
1400,5
788,11
950,13
1800,11
1000,9
1500,8
1500,11
300,0
5000,8
788,3
2700,4
1000,10
2000,15
3200,11
1200,11
834,11
1500,2
788,6
180,7
400,3
2200,13
1100,9
1120,5
2800,10
3000,15
2000,11
2200,15
2500,15
3000,13
3000,15
3000,14
2000,11
3000,15
2600,15
1000,11
1023,11
500,11
400,11
1000,5
480,9
6000,15
7880,15
4000,15
1300,11
1200,11
600,15
1500,11
1200,11
3500,15
2300,15
1200,9
788,8
400,5
300,3
800,6
3000,11
1700,2
788,11
788,9
1500,15
1600,14
2000,11
5240,11
1350,8
3800,15
2500,11
1100,11
788,7
788,11
1080,11
788,4
1380,0
1280,1
600,0
2180,11
1270,10
1080,10
1500,11
788,11
1000,11
1500,7
240,0
2250,11
2000,11
200,15
1300,11
500,7
1200,11
800,11
3200,11
3000,15
1500,11
788,4
2000,15
150,11
3500,11
1300,8
3500,15
1500,11
788,6
3200,6
788,11
2000,8
1016,9
3000,11
788,11
1000,11
50,4
788,11
1800,11
788,7
788,11
1600,11
788,11
788,11
320,8
1500,15
1280,11
788,5
788,8
1100,4
788,6
1300,11
900,5
788,4
900,7
1000,4
600,11
0,3
1200,11
1700,15
800,11
2000,6
750,5
1200,11
788,11
650,6
900,5
1400,11
400,11
788,5
788,5
2000,8
1500,5
788,11
1500,11
80,5
1300,11
1000,11
800,4
500,4
450,0
1800,11
840,4
700,11
1015,11
1075,11
3000,11
1100,12
1100,8
800,11
1200,14
2000,11
1100,8
1300,14
3000,15
2300,15
1000,6
1000,11
1035,15
3800,11
788,11
1500,11
1200,11
3000,11
788,7
1300,14
1100,9
788,1
600,13
788,11
1570,11
7000,12
1500,8
788,5
788,11
1700,11
1100,15
1500,5
788,11
1924,13
850,11
788,11
1000,11
700,1
680,5
3000,15
1600,11
720,5
320,11
300,11
788,11
200,0
15000,15
5500,15
2000,15
9000,15
30000,15
8000,15
1980,15
10000,15
1000,7
788,11
1200,11
750,11
788,11
5000,11
2500,13
300,11
800,8
8000,15
3800,15
3000,15
7500,13
10000,15
5000,15
10000,15
3500,15
15000,15
5000,15
3000,15
900,12
1000,8
3152,11
1200,11
788,4
788,8
200,4
1100,11
788,11
788,11
400,11
1000,7
1000,7
1000,15
1000,15
1200,11
788,4
788,12
1000,13
1000,11
1100,7
800,15
5500,11
3000,13
3200,15
10000,15
1040,11
788,11
5000,14
3800,15
5200,15
4000,15
2300,11
3000,11
11820,15
6000,15
34000,15
1040,11
1100,11
1500,15
3000,15
2000,10
4000,15
3000,15
2000,13
9000,15
34000,15
4000,15
22000,15
15000,15
1000,11
1166,6
580,0
1200,11
2500,11
788,10
788,11
788,11
1200,4
3180,11
788,8
1200,11
500,5
1221,11
500,5
4000,11
1576,11
2000,11
3000,15
8500,15
1300,14
5500,15
1500,15
3500,15
2500,11
950,10
788,10
1550,11
1000,4
1000,11
1200,11
900,11
1300,4
7500,15
1000,3
1020,11
2000,11
700,11
788,11
2300,11
1000,11
1000,11
700,6
788,4
788,11
800,9
1200,3
800,11
500,4
800,3
0,2
0,0
0,0
0,6
120,11
1000,3
1300,11
3000,11
500,8
500,11
1000,10
788,11
600,5
2300,11
1500,0
400,5
480,1
788,11
240,11
788,11
300,0
750,11
788,8
350,1
500,11
100,4
250,5
1200,11
700,11
500,10
1500,8
800,15
2370,11
1400,5
900,0
950,5
300,4
300,11
400,8
400,0
788,10
150,0
1500,6
788,0
788,8
300,0
800,4
880,6
850,8
788,10
1000,11
800,10
500,7
4000,11
394,8
3500,11
800,5
2500,5
5000,11
788,11
0,0
1200,11
788,4
200,0
150,0
210,4
800,4
788,1
350,0
550,5
3000,11
788,4
850,6
690,11
1300,15
788,8
1200,11
4386,15
500,3
800,6
250,8
120,11
1200,8
960,8
0,9
788,4
980,5
905,11
410,14
1200,2
788,3
1260,9
2400,11
120,4
940,11
520,11
785,2
788,0
1014,14
400,5
0,4
1520,11
788,2
1014,11
788,3
200,0
520,2
220,4
5000,11
1050,1
1000,7
480,7
1500,0
240,0
200,2
1200,1
2900,14
788,11
250,11
788,4
800,15
0,4
300,2
788,4
1700,15
788,10
1777,15
1200,15
0,4
1500,11
788,11
1100,11
1000,11
900,7
200,5
788,11
0,6
100,11
788,5
788,0
788,4
690,11
0,6
360,11
0,0
788,11
3500,11
300,8
3000,15
400,4
788,8
1200,11
788,6
0,0
300,2
0,4
250,2
0,5
0,1
210,9
0,0
0,0
0,0
1014,11
1500,7
400,11
2066,15
4000,11
1300,7
150,11
1300,11
500,8
200,6
200,0
2200,8
920,11
0,5
200,0
700,4
2500,7
600,6
160,11
788,4
1100,10
400,0
400,1
600,11
788,0
400,3
788,11
1200,8
788,1
1300,15
3800,11
300,11
1300,9
380,11
1576,11
2800,15
750,8
800,7
1780,15
1100,8
1550,13
3500,11
788,8
2500,14
0,0
0,0
0,0
0,0
1200,8
788,7
2800,15
4500,15
1750,14
3300,15
3000,11
1000,11
788,5
1200,11
1300,9
200,4
1000,3
2000,0
0,10
0,0
0,0
300,0
200,4
0,0
788,14
0,1
0,2
0,0
0,7
200,4
0,7
0,0
0,11
0,11
0,0
200,2
788,0
788,1
200,11
0,2
0,0
0,1
788,11
788,11
600,4
600,5
1000,11
788,5
0,0
788,0
0,11
0,11
0,0
600,5
200,2
1000,5
630,3
2100,15
430,8
750,15
150,6
200,0
300,0
1480,4
1100,11
100,6
60,4
3200,7
788,11
1000,15
788,7
788,4
200,1
0,6
788,11
0,4
2000,11
0,3
800,9
400,7
1000,6
600,0
300,8
1200,11
400,11
1500,11
500,3
350,4
940,5
788,5
1100,11
600,11
3000,12
788,8
1000,12
5900,15
1500,11
480,2
480,4
50,10
10,0
190,0
800,8
25,0
22,10
100,3
130,0
0,4
1200,4
500,0
788,11
2400,13
1200,11
3000,11
3000,11
350,10
300,14
788,11
40,4
200,0
340,0
1190,0
300,8
860,9
800,7
788,2
200,0
2500,15
788,9
788,11
1385,11
1500,11
788,11
2000,15
600,4
1191,12
740,3
1200,8
2000,11
2000,11
400,11
6000,14
788,8
2000,10
788,11
801,11
1500,7
1302,7
999,11
2500,7
1200,8
864,13
900,11
900,6
788,11
320,4
2000,4
1500,11
1200,10
1500,11
788,3
788,10
788,11
788,15
788,8
788,11
350,7
3000,15
1900,11
2000,15
788,6
600,11
200,6
2800,11
900,11
1118,11
1500,11
1800,8
900,11
1960,11
788,11
1400,11
788,4
2000,11
788,11
1000,11
2500,11
840,4
788,11
800,11
5000,13
300,9
1200,11
1100,0
788,5
1000,9
800,7
1300,7
1500,11
300,11
300,4
300,11
1500,1
500,8
2300,11
1800,1
1100,4
788,2
800,2
2200,11
1965,11
2800,11
2100,12
2800,15
2800,11
1000,5
2500,11
990,15
1800,10
890,11
0,8
1576,11
2500,11
1000,11
100,1
1500,4
250,0
60,3
300,4
850,11
788,10
1500,4
800,6
1250,5
10000,15
1200,5
1000,4
1600,11
788,0
900,0
500,0
1200,0
800,0
788,5
1150,0
800,4
800,3
400,6
1214,11
2200,14
1200,0
400,7
788,7
1290,11
0,11
150,11
1100,11
1200,11
2300,15
1200,15
788,0
788,8
0,3
2400,6
900,7
1350,1
788,0
600,0
1900,4
788,5
1600,3
788,0
250,4
788,4
500,0
700,0
800,0
500,0
1000,0
20000,6
300,4
300,9
1000,9
5000,11
1400,13
300,4
700,3
800,11
400,11
200,0
8000,8
1500,5
800,11
2364,15
100,2
2364,15
300,4
900,11
828,4
0,0
2000,4
700,8
788,5
800,6
80,0
250,0
1000,2
0,0
520,3
15,0
300,11
300,3
200,15
1500,5
5000,11
250,5
788,2
600,2
100,2
600,3
788,4
788,10
500,1
100,12
0,7
800,4
1900,14
200,10
600,11
200,11
0,0
300,11
84,7
1000,11
400,5
1200,8
1600,7
200,11
1200,11
6000,15
5000,4
5000,14
1300,7
6000,11
1000,8
10000,15
2200,15
1100,11
788,15
3000,10
1300,5
1000,4
1200,8
80,4
1300,11
1200,8
830,0
500,1
1100,5
600,0
2500,5
788,9
5000,11
5000,5
2000,15
1200,11
788,5
200,11
788,8
788,5
788,6
0,1
200,0
400,4
0,4
788,4
0,0
7200,15
2200,5
1800,8
5834,15
3000,13
3990,15
3000,15
788,15
2000,11
2000,11
620,15
2000,15
3000,11
5000,15
4200,15
850,8
788,9
788,3
788,15
1200,8
1000,0
3000,11
1000,11
800,2
200,8
1500,5
788,11
250,9
788,11
100,4
530,11
930,9
600,7
800,10
788,3
788,4
1009,8
2000,10
788,4
1576,11
788,8
1600,8
1700,8
1200,7
500,1
790,11
991,4
1000,10
800,0
1000,6
400,9
10000,15
2300,9
7100,0
13000,15
1100,5
2400,11
1200,11
1200,10
2500,11
911,11
1500,8
4000,11
1300,13
4000,11
1600,11
788,11
2000,15
788,11
788,10
250,10
1200,11
345,14
0,11
300,9
1150,8
788,11
400,7
100,4
1500,4
788,11
1576,11
788,8
1000,8
788,8
788,11
1200,11
400,9
2400,11
788,11
2000,11
1600,15
1800,8
1020,11
1200,11
2000,3
1600,11
850,4
1400,2
1500,10
1600,8
1100,2
1200,7
1800,4
2100,10
2500,11
1600,8
0,0
1200,3
1200,4
1400,1
200,11
788,5
788,0
1200,6
1000,6
1350,1
3000,4
600,2
788,11
2100,10
1000,0
700,4
1100,3
1200,0
0,3
1660,4
1600,1
1000,11
400,0
1200,4
200,11
1500,11
3500,15
788,15
6000,15
2900,11
3000,15
1100,10
1100,11
600,0
3000,15
2000,14
2000,15
1680,5
788,11
2000,8
1200,3
1500,4
1200,10
950,0
990,11
1500,5
1200,7
2000,15
900,4
2000,14
2000,4
1000,11
1200,11
1600,5
990,11
650,11
430,12
5000,15
1250,11
2000,5
2500,5
1500,0
1200,2
1200,8
1200,4
1800,15
788,11
5500,9
0,2
200,1
1900,4
1000,8
400,0
1000,11
900,8
1100,15
900,6
1400,11
1350,4
360,3
1200,11
1500,11
0,2
600,5
1500,11
1600,11
1200,11
500,0
1182,11
1108,4
500,11
2000,15
0,0
1700,7
0,5
788,11
788,3
1500,5
2397,15
2000,4
0,5
824,6
1450,4
1600,9
800,11
800,11
0,3
800,11
815,5
1000,7
1500,11
0,3
864,14
900,4
0,9
200,2
850,0
1000,11
0,3
2500,4
1000,0
935,11
840,0
1100,11
0,1
788,3
3000,15
788,11
3000,15
250,7
788,3
500,4
800,2
788,11
950,6
0,0
400,9
0,4
394,3
0,0
80,0
160,4
0,0
0,0
0,0
0,0
500,11
1900,15
788,8
950,11
500,2
3000,11
0,4
0,0
500,3
1000,4
0,0
600,8
830,13
1000,12
2700,9
1100,11
1500,15
140,5
2000,4
935,4
1600,2
1500,7
1300,6
2800,4
1800,6
1800,13
788,9
1235,11
788,3
1600,11
2000,4
1800,11
1240,11
1500,11
3500,15
1200,10
550,2
1200,5
750,4
1000,2
1100,3
600,6
1000,11
850,10
600,2
1700,6
1354,5
800,4
1800,11
800,11
788,0
1500,4
2000,4
1500,8
930,2
2300,11
850,4
1000,4
4000,15
540,6
3700,15
788,4
1500,9
2000,3
5500,11
788,1
400,4
900,5
980,4
870,4
900,4
2740,15
2000,8
3000,8
5000,13
1800,6
520,2
1200,8
1200,6
800,7
1706,11
2000,15
7880,11
788,4
1605,15
1200,11
100,4
1700,11
2100,15
1250,4
850,15
3000,12
1500,4
2200,6
3600,11
800,0
400,6
500,3
950,8
2000,2
3800,15
2400,8
3000,2
1000,4
927,2
5500,15
3000,11
788,7
0,0
350,6
600,4
800,4
788,0
1000,11
1500,2
825,9
1000,7
3000,11
1200,7
900,6
788,4
1200,5
1200,3
2000,0
4500,5
2300,7
1000,1
1200,4
600,3
1200,4
700,5
0,4
600,11
1200,11
1000,2
1576,4
1000,3
1000,3
1145,4
788,4
2350,4
2000,7
788,5
1100,3
980,4
650,4
1600,11
788,8
8000,15
0,11
850,6
2500,8
1600,9
1300,7
1300,8
700,9
4500,11
1100,4
1100,4
1500,6
900,10
4000,11
1000,2
2000,8
1900,8
1800,10
120,4
1500,15
788,11
400,4
1800,11
250,11
1255,8
2100,4
1549,4
1200,11
700,4
788,4
788,11
2400,11
3000,10
2400,8
1115,7
1000,8
1970,11
7600,11
3000,4
788,11
1200,11
0,15
1000,8
1100,11
3500,11
1000,8
1800,11
2000,4
3500,11
600,4
1000,8
600,3
948,5
788,5
788,0
788,11
900,9
1200,6
2000,6
2500,15
1100,8
4500,11
788,4
800,4
2000,11
1100,6
1100,8
1200,2
1200,9
788,8
0,5
900,5
900,4
1200,4
2000,6
2000,11
1000,11
3500,11
1100,15
2000,15
1200,11
0,15
1200,4
900,7
5000,11
0,2
1600,11
1700,3
160,4
19663,15
3500,13
6800,15
7000,15
15000,15
600,11
1576,12
0,11
8300,15
1000,13
1500,12
6000,15
300,15
3200,15
900,11
788,12
3500,15
6000,15
6000,15
4000,15
14000,15
17000,15
2300,15
8000,15
5000,15
10000,15
5500,15
8000,15
11000,15
3600,15
4000,8
13000,15
1500,15
2000,13
12000,15
10000,15
8000,15
5000,11
2400,11
4000,11
7000,15
1700,15
15000,15
1090,0
788,5
1000,0
2200,8
1400,12
1576,11
1570,8
815,11
1800,15
2000,8
850,8
0,5
5000,15
10000,15
4000,12
4500,15
6000,15
1070,11
2500,15
9000,15
800,11
1876,15
2000,15
7000,15
1100,15
3500,15
6000,15
7500,11
5000,11
5000,15
2500,15
1800,11
8000,15
12000,15
7600,15
0,15
788,6
240,15
5000,15
6000,15
20000,13
788,15
30000,15
10000,15
200,15
2700,15
28000,15
30000,15
7000,12
14000,12
10000,15
1900,15
23800,15
6750,15
7000,15
788,15
12000,15
9400,15
5000,15
3000,15
7000,15
12000,15
5000,15
12000,15
2700,15
2000,11
9000,15
6000,15
20000,12
5000,15
1031,8
788,4
850,11
1500,2
6000,15
20000,15
800,15
12000,15
1950,15
7000,15
4000,15
15000,15
7200,15
2000,15
20000,15
8000,15
0,15
1350,14
2300,12
7063,15
15000,15
4000,13
10300,15
4000,15
3000,15
12000,15
3000,11
14800,11
4890,11
10000,15
10581,15
9000,15
5000,15
10000,15
5300,15
15000,14
12000,15
6000,15
7500,15
5000,15
6000,13
6100,15
1000,14
2000,15
5000,13
30000,14
0,15
30000,15
10000,2
2000,15
3000,15
1200,15
25000,15
3000,12
100000,15
9000,11
3900,15
4500,11
3000,15
1200,11
3400,11
1200,11
876,8
1100,11
1300,4
1500,7
1087,11
6000,15
2300,11
2500,15
0,15
8000,15
14300,15
788,9
3940,15
3800,15
1500,0
3000,15
1500,8
5000,11
1300,11
1700,11
5000,15
5000,11
1200,10
7000,15
1200,11
840,6
3000,15
7000,15
4000,11
788,12
788,6
200,6
1450,10
350,8
9000,15
10000,15
30000,15
2200,11
7000,15
0,15
1200,15
6000,15
788,8
400,4
520,4
1000,7
5500,11
500,11
5000,8
1140,15
13500,11
2300,14
12000,15
1600,12
400,12
3900,15
6500,15
1800,15
980,11
0,15
6000,15
788,15
11000,15
10000,15
850,4
980,4
2000,3
1000,8
1000,11
1090,7
800,0
2200,15
10000,11
8000,15
15000,15
1000,15
10000,8
2300,12
3000,15
10000,11
1700,12
1500,11
1000,11
900,11
1000,11
2500,15
900,11
788,12
968,11
800,3
1600,11
973,7
900,6
1200,4
1200,8
1000,0
700,11
1000,11
1100,8
788,4
885,8
2000,6
788,11
6000,15
8000,15
4000,15
4000,11
1000,8
3800,13
1700,11
5000,15
10000,15
2900,11
6000,13
4000,15
5000,11
5000,15
10000,15
5000,15
2000,15
2000,11
2500,15
5000,15
3500,11
3000,11
4500,12
1134,8
10000,15
1500,15
3000,15
7000,13
10000,15
900,8
5000,15
5200,15
2500,13
7000,11
6000,11
520,11
10000,15
28000,15
12000,15
5000,15
300,11
1000,4
1600,11
1400,15
3000,14
1000,9
2000,7
1500,8
10000,14
1100,11
1200,8
800,11
1500,5
1100,8
300,6
1100,11
788,4
725,5
1200,4
800,8
950,5
788,0
6600,4
788,8
1800,15
10000,15
2000,9
3500,15
1500,11
12000,15
16000,15
3500,15
1200,11
5000,11
2000,15
10000,8
8000,15
17000,15
10000,15
2000,15
7000,15
5000,10
5000,11
10000,15
2500,15
1840,15
4000,13
3000,13
5500,15
0,11
3000,8
800,8
2000,11
2200,4
3500,14
900,5
400,11
1500,11
0,11
1400,11
2400,11
2000,11
3000,11
1850,15
15000,15
5500,15
4000,15
3750,15
1800,12
985,4
2000,0
912,0
540,11
1500,8
1200,15
250,0
1200,3
1100,11
900,10
1500,11
12000,15
0,5
1000,8
3000,4
1800,11
1800,10
1080,10
1100,11
10000,11
2000,11
2000,8
1500,7
3500,11
8000,15
1500,4
12000,15
4000,15
8000,15
4000,11
7200,11
3200,15
900,11
1400,0
900,11
2000,11
800,8
4000,13
900,8
2500,11
0,2
1300,8
900,9
1500,11
1088,11
980,11
1800,5
1800,4
788,11
1200,5
800,11
1800,11
1600,11
1300,11
1600,8
1300,6
1500,11
2100,11
1300,14
800,0
1500,11
900,11
280,3
788,5
1400,8
4000,15
750,8
1000,6
1300,8
788,8
2000,8
1300,11
1200,8
788,4
5500,8
1200,5
1900,4
3300,11
1000,11
2000,7
800,11
1300,11
3000,15
1000,7
2000,13
900,11
3000,10
600,6
2500,8
1200,11
9800,10
2000,5
500,11
2000,11
1200,11
1200,15
3700,15
820,11
1350,11
2500,2
4600,11
788,11
9000,14
2000,14
1100,1
1200,11
1200,12
3500,15
5000,15
1800,15
3000,13
4500,15
4000,12
2500,11
4000,15
3300,14
1500,8
850,2
2500,15
1200,0
7500,15
2400,14
2200,14
2000,11
3100,15
3000,15
8000,12
200,4
1200,11
160,10
1100,11
4000,0
2000,5
4500,5
3900,15
4200,15
1200,9
1505,13
1500,8
1000,15
7000,15
1000,11
1000,5
2000,8
1000,15
1000,8
1400,11
880,11
788,8
1500,4
3000,11
900,7
2000,11
2000,11
1500,11
700,2
5000,15
500,8
900,6
788,15
1200,2
1000,4
320,3
1200,11
150,1
1400,6
300,2
1200,10
1500,2
2000,5
788,4
700,11
1200,15
788,4
500,3
70,10
1300,8
1500,10
9000,15
7880,15
2000,13
12500,14
25000,15
9000,15
4500,15
8150,15
3500,15
4000,15
15000,15
12000,15
3500,15
788,11
1200,0
800,11
1200,0
1400,11
150,0
1800,11
800,4
1830,11
1000,0
1000,0
1800,4
1000,8
10000,15
10000,15
5000,15
2170,15
3000,15
900,5
8000,15
5000,15
30000,15
0,12
9000,15
5000,15
5000,15
5000,15
6000,15
4000,15
1000,6
2000,15
3000,15
5000,15
1500,11
4000,15
900,14
2100,15
3000,15
2100,15
900,8
900,8
1077,7
7000,15
1700,8
2000,15
7000,15
8000,13
150,3
4000,14
1500,11
1200,11
6000,11
3000,11
2500,11
22000,15
15000,15
7000,15
2500,6
10000,15
12000,15
28000,15
10000,15
10000,15
10500,15
750,8
4000,12
3000,14
10000,15
1000,11
788,11
1200,5
900,4
788,1
889,13
870,5
895,8
788,8
1500,10
788,1
1100,11
6500,14
3500,15
5000,15
3500,15
2300,15
3000,15
8000,15
3500,15
2300,15
1200,11
7000,15
3000,11
16000,15
4000,15
3000,15
8000,15
1200,9
3500,12
8000,15
5000,15
3000,15
1000,7
4300,12
2000,15
1500,11
6000,15
1500,15
7880,15
15000,15
1580,15
1800,11
4000,15
1200,15
4000,15
1200,11
2000,15
5000,11
2200,15
10000,15
15000,15
18000,11
4900,15
10000,15
6000,11
17000,15
3500,12
15000,13
4000,15
4500,13
3000,15
8900,15
6000,15
4700,11
8000,11
3000,15
3000,15
1500,14
3000,8
1500,8
5000,11
800,2
600,4
1300,11
2500,11
1200,11
2000,13
3300,15
8000,15
1200,9
2365,11
3350,11
750,4
3000,11
2000,15
10000,15
3000,15
8000,15
500,8
788,7
3920,13
8000,15
2000,8
788,8
2400,14
3000,13
10000,15
11000,15
788,11
7100,15
3800,15
5500,15
3000,15
5000,15
3000,15
2200,11
12000,15
5000,12
1400,14
2500,15
3000,15
788,11
200,5
840,5
600,8
1650,11
880,8
1500,3
1500,6
800,9
918,11
788,11
1500,9
2000,3
2000,5
3200,11
788,0
1800,0
2000,11
4900,15
1400,11
1000,5
2200,10
3000,12
2200,11
1600,6
2500,12
788,0
2000,11
1500,8
6000,15
1576,8
1200,8
6000,9
7000,4
1500,15
8000,6
4000,11
1900,11
1500,0
2000,11
5000,3
1600,15
1787,11
4000,12
2000,12
1100,12
880,8
1000,11
2200,11
2000,11
2364,0
1300,8
788,8
4000,0
1000,11
1576,11
2000,4
1200,11
2000,14
3000,12
3500,11
2500,11
2000,11
1200,0
5000,8
1800,8
2000,11
6000,11
20,4
4000,11
1500,11
1496,12
4500,11
4000,11
1500,7
2500,0
1300,11
3435,13
1200,0
3700,11
1370,11
1400,4
2000,11
200,12
936,11
788,12
1200,11
930,11
3950,12
500,8
1200,4
1600,8
1700,11
5000,11
600,11
1500,2
1500,8
788,4
2364,11
1500,15
900,11
1000,11
860,12
1500,11
3000,13
1422,15
1500,15
1100,11
788,4
1675,8
788,0
788,6
0,5
1000,11
1400,2
360,3
50,2
1000,0
1200,5
1000,11
2500,11
1000,11
3000,10
1200,8
2000,11
788,11
1500,11
1200,8
1500,11
1100,11
788,6
0,8
900,11
1800,11
2000,11
1800,10
788,0
1400,11
788,4
2000,8
1800,8
2000,4
1200,11
928,11
788,9
1500,2
1836,11
2500,0
2500,7
1500,11
700,8
800,5
1200,11
3000,11
1500,4
1500,4
2000,4
1500,15
1000,12
600,0
3000,11
1800,13
450,6
3000,15
2500,8
900,8
1500,11
3200,11
1200,11
1400,9
3000,4
1000,5
1200,4
450,9
1200,8
1700,6
1000,0
1200,8
1500,11
800,8
789,0
1100,11
1100,9
1000,4
1500,8
2500,11
1500,11
1200,8
1020,8
1490,11
1053,9
2200,5
2500,11
788,5
1700,4
1325,0
3000,10
2000,11
2000,4
960,3
1500,11
2500,8
1200,5
1500,4
2500,4
1200,5
1500,10
0,9
8000,11
2300,14
2000,11
4000,8
2500,11
2200,11
2500,15
550,8
788,4
1500,8
3000,11
3000,9
1500,11
2000,11
890,0
1200,7
200,2
850,9
1600,8
8500,15
5068,15
788,10
1100,11
2800,15
3000,9
4000,11
1200,11
900,11
18000,13
3900,11
400,6
6000,15
1200,5
800,8
2400,15
5000,15
550,10
2550,11
1750,11
1600,8
2500,11
980,12
788,4
788,6
788,5
1500,11
4000,15
1750,11
1400,11
850,0
1755,11
1200,15
2000,11
788,12
1600,11
2400,4
1100,0
1000,5
150,0
1300,12
1500,6
1060,6
4500,15
4500,11
2500,11
1000,9
2000,11
1300,5
1800,11
2500,15
1300,3
1650,11
1300,12
3000,12
3500,11
2000,11
1543,12
1100,0
1200,11
2000,15
3000,15
3600,14
10000,15
4000,8
1300,11
3000,11
1500,11
500,0
1500,11
6000,15
890,8
788,15
9000,15
2500,11
1400,11
1700,15
1250,7
900,11
490,6
1200,8
790,11
600,11
1200,0
928,8
3000,11
1500,11
1300,4
1200,4
1100,11
1490,6
1620,0
2240,9
1400,11
938,13
1220,11
1245,11
1920,5
1200,3
1958,3
4895,13
2000,5
1600,4
1700,11
745,9
2403,15
1300,6
2000,11
1000,11
3500,11
1200,11
830,11
1400,11
1500,8
1100,4
950,7
1800,11
3000,15
1500,9
1500,11
1100,2
2400,11
1600,4
1300,15
1000,6
2100,13
1500,11
900,13
1200,3
2000,11
1800,11
1100,11
1500,11
2500,15
1900,11
430,15
6700,15
2000,11
1500,4
5000,11
3000,15
2700,11
800,4
11000,15
4200,15
2500,11
1000,6
2000,9
5500,8
2500,10
3000,15
0,4
1450,4
1800,15
1200,11
5000,8
1082,9
1600,11
3500,11
1800,11
5000,11
3000,5
4000,11
2500,0
1200,11
2100,8
1000,11
1576,11
3000,7
6000,13
3940,15
1100,11
1000,8
4000,15
5300,13
7000,15
3000,11
800,4
6300,11
1000,11
1300,11
7000,15
1870,9
3000,12
1000,8
3000,11
1500,1
788,8
788,11
900,12
1100,11
5000,8
2500,11
1970,0
3000,15
1200,15
400,12
1200,8
2700,11
1210,15
800,0
500,0
600,0
720,0
500,0
834,11
1650,0
1500,0
1000,11
1100,0
1032,0
1000,0
788,11
1200,0
1200,8
140,0
600,0
1000,0
300,0
1300,0
960,0
1680,0
1300,4
860,6
650,4
788,11
2000,9
2000,11
1300,11
1200,4
980,10
900,4
1400,0
1200,0
788,0
1000,8
788,0
1200,0
788,3
2000,11
4098,11
1000,0
1200,0
1200,12
1000,11
4000,4
5000,15
3500,11
2000,11
200,4
900,11
788,5
1500,11
1200,5
900,4
1300,11
788,5
2500,11
1238,3
900,9
1200,9
788,6
788,8
1250,8
2000,12
1000,11
2500,12
1800,11
1200,11
2450,11
2000,15
1200,8
1800,11
3200,13
788,8
1000,7
2000,8
1000,11
856,7
900,13
950,11
900,9
1100,11
1700,8
1400,10
1800,8
1200,4
2200,11
1000,11
500,3
0,2
400,4
900,4
700,3
500,7
120,4
700,4
900,4
300,3
800,11
2500,11
3000,5
1500,13
8000,10
5000,14
3450,11
8000,15
788,9
3200,7
2800,11
1600,11
2000,10
0,4
460,0
500,4
3000,15
2300,11
1500,11
1200,8
2200,5
500,8
500,4
1918,15
1340,7
986,11
10000,15
2000,8
2200,11
2000,4
1900,11
1400,8
2500,11
1200,2
4000,15
400,4
500,5
5000,11
4000,15
1200,11
3000,11
1300,15
3500,14
1000,6
2200,11
2400,13
2500,11
910,7
1700,5
900,11
788,11
1100,4
868,0
1000,8
1300,8
2500,11
1800,4
2000,13
2800,8
1200,4
1350,11
1700,8
2500,11
788,11
3200,11
1100,11
5000,11
1550,14
600,4
1000,4
3000,15
0,15
800,4
1000,8
1500,4
1200,14
1500,15
2500,11
950,8
1760,12
8000,11
2300,11
450,0
1500,9
800,8
2500,7
788,3
1200,11
1700,11
1200,4
2000,11
1200,11
0,11
2000,11
1000,11
2000,6
890,11
2100,11
900,4
900,11
1200,11
3400,8
1000,13
8000,15
2700,11
789,11
920,15
1500,11
960,4
788,4
788,7
3000,11
1136,6
1500,5
800,3
2000,11
1500,8
600,5
800,4
800,0
1300,8
0,4
600,8
2250,11
1000,5
2500,4
3340,11
1000,8
2000,11
2400,5
2400,8
1500,2
2100,11
3600,4
1400,7
9000,15
788,11
1514,10
600,5
1100,15
3500,15
1800,6
3000,8
2300,11
90,8
3000,11
1200,11
1300,5
1200,10
800,4
788,4
2500,6
2000,11
1500,4
4000,5
1400,7
1100,8
2000,11
788,0
1200,8
788,4
840,11
2000,13
1200,2
4500,10
800,11
1500,11
1200,11
2000,8
2000,8
1200,7
2000,11
1200,5
1800,7
850,6
1200,4
1200,11
3200,11
788,11
788,4
200,0
1500,11
2000,8
1140,12
1440,11
250,11
600,4
788,3
788,2
840,11
1000,11
1100,11
2000,9
2480,9
3500,11
3000,15
898,1
788,8
1100,5
0,4
3000,2
788,11
1182,3
250,4
788,11
1200,4
2000,6
1000,3
600,4
600,7
480,4
1450,11
460,1
788,4
0,4
788,0
1300,8
40,0
800,1
200,4
1182,0
0,0
400,2
788,8
788,5
788,4
1500,1
788,8
800,1
850,11
850,11
900,11
1000,8
100,0
200,1
600,4
800,2
700,11
1300,8
2400,4
200,0
300,4
50,0
1000,4
1250,11
800,11
2000,11
788,6
1000,6
8000,4
800,10
500,11
1000,4
3000,7
6000,0
2000,8
10000,5
840,15
7000,11
1576,11
1000,0
10000,4
2300,11
800,8
1000,4
1400,4
1500,4
2000,3
788,4
900,1
1500,0
2000,3
788,5
788,6
2500,11
0,4
1200,3
788,2
250,6
0,0
1000,0
788,4
788,3
0,11
2000,4
1750,4
2000,8
3000,15
150,0
1000,4
1400,11
1100,6
0,8
1500,5
788,5
2000,4
6000,9
788,4
850,8
1000,11
3000,8
500,4
400,5
150,3
4000,11
100,0
1000,11
600,11
1300,1
788,11
0,3
788,2
788,4
0,3
788,11
500,11
800,8
350,0
1400,4
788,11
0,0
1500,15
2100,11
300,4
0,15
50,4
1000,11
0,4
2150,11
2500,15
500,4
900,11
500,4
1000,4
520,10
788,11
788,11
1050,15
788,8
788,4
788,3
1600,4
1050,4
1300,8
800,5
1600,0
1200,8
1300,8
788,3
1200,11
360,3
850,11
1800,14
400,7
2500,11
850,4
6000,4
1000,11
500,11
900,6
1576,8
1000,11
1000,5
2000,4
1200,4
800,4
120,10
1500,8
1150,15
1576,11
800,2
100,3
1100,8
0,0
0,2
0,2
0,4
200,2
0,5
300,4
180,7
300,0
1100,3
788,4
788,11
788,11
0,3
0,3
800,4
5800,15
2000,11
1500,15
788,11
2500,15
1650,11
3000,15
200,10
1800,4
2364,8
788,9
5000,8
788,1
1200,11
788,4
1000,2
1500,11
788,4
840,11
1100,11
480,4
1507,11
500,3
1200,7
1100,4
0,0
788,4
800,11
15000,0
250,3
788,3
4000,15
1000,4
500,11
4000,11
200,8
1130,3
480,4
1000,6
1000,11
840,4
1800,15
2000,15
800,3
800,11
0,2
350,8
0,1
500,0
800,4
300,2
300,11
0,3
788,11
788,11
788,10
2500,11
3000,8
3300,11
2300,11
1500,3
3300,13
450,11
3000,5
2800,5
1000,7
3000,11
1800,6
2500,11
1800,4
5000,15
7000,15
20000,14
1200,11
1500,11
788,11
1200,0
1576,7
3000,11
478,4
1300,10
1080,11
4500,11
1500,8
4000,15
1576,8
900,8
300,1
2600,12
1000,8
450,15
2400,11
788,0
1100,5
1000,6
30000,14
2000,0
5000,4
850,0
1700,6
1750,4
788,0
788,4
1800,11
788,0
1300,11
2500,15
788,8
1576,11
900,0
900,4
2000,4
1000,0
500,0
1182,4
1200,6
2000,3
0,0
0,0
788,0
2364,11
1300,8
1182,4
908,9
788,5
2500,11
788,4
0,4
1100,11
1500,14
2000,11
1350,12
900,7
0,0
0,0
0,0
1000,1
2084,8
788,12
0,0
0,1
788,5
500,0
450,4
1200,15
950,8
1800,7
1200,4
1200,3
1200,7
950,3
980,8
800,0
800,7
1000,11
700,4
1200,10
1600,11
788,11
200,2
2000,0
800,0
1400,11
100,4
788,2
1600,8
1200,3
900,0
800,10
6000,15
1200,11
2000,11
788,3
1800,3
700,10
750,7
1200,14
1500,4
1800,5
788,8
1000,4
750,5
800,0
1100,4
1000,5
788,1
788,8
600,8
5000,11
700,0
1200,0
1050,7
788,4
0,3
1200,4
850,4
788,2
788,6
1100,3
9000,11
1200,15
788,11
800,12
1800,11
788,11
2000,11
300,3
800,11
1800,5
900,11
1500,8
600,4
300,4
400,6
970,11
1000,5
600,5
300,7
600,3
750,7
200,4
750,0
790,11
200,4
300,2
200,4
700,4
480,7
700,3
500,4
1000,4
800,4
1850,7
1000,11
1500,11
4000,11
788,6
1000,10
700,4
400,11
1100,8
1000,4
450,7
788,0
800,2
1000,11
788,3
788,11
1800,10
788,11
788,8
700,4
788,11
788,2
2500,5
788,2
788,0
1500,5
300,4
1050,11
800,6
2000,4
788,11
1200,11
788,4
788,3
120,7
25000,8
0,0
845,4
788,5
788,4
788,0
788,4
30000,11
788,0
788,7
788,2
788,4
788,2
788,0
788,2
0,11
10000,4
200,0
1148,8
1800,15
0,0
660,3
2000,3
500,4
0,4
1182,8
1800,11
1200,11
1500,11
1654,14
350,3
2015,15
1000,8
1240,3
1200,4
500,4
700,12
0,0
100,4
400,0
360,0
800,0
0,5
100,2
788,8
500,1
500,7
1300,11
1200,0
730,7
1000,11
1200,11
788,11
0,8
1200,8
0,4
0,2
1300,4
0,1
788,3
0,0
330,5
0,1
788,11
600,3
1500,14
4000,7
1200,11
788,11
0,0
950,11
600,6
1800,5
2000,11
0,0
1180,6
788,2
800,4
400,8
820,4
1100,8
1450,11
2000,11
1600,15
3500,6
920,11
1200,8
8000,11
788,4
788,0
3550,11
3000,15
800,8
400,5
960,7
400,0
788,7
788,4
394,11
4000,11
500,2
1576,15
2500,8
1500,8
1100,10
3000,15
5500,15
6500,12
2000,11
2000,7
1500,11
1200,3
1500,0
500,7
360,4
0,0
700,9
1000,0
1500,5
788,5
350,4
1000,0
0,0
0,0
0,3
0,3
0,0
1500,4
0,4
1400,4
2000,8
1800,11
2000,4
0,4
0,0
0,0
880,11
0,0
0,0
0,0
400,4
1600,8
1200,3
400,7
900,11
2000,4
1100,14
1200,3
1576,11
1800,8
1940,15
2000,4
2000,4
788,4
1450,11
0,2
1576,11
0,4
1000,4
1178,0
1178,5
788,11
2100,8
2800,4
1100,8
0,4
1200,11
0,4
400,4
0,11
0,0
788,4
1000,4
1576,6
1100,11
1576,4
1350,4
1182,4
1178,4
0,4
0,15
0,4
0,15
8000,15
0,7
1100,3
0,0
3000,6
1200,14
3000,14
1500,15
1500,15
500,15
3200,15
6000,15
1500,11
500,4
6000,15
700,4
750,4
1600,11
788,11
788,6
0,4
1020,8
1400,8
1300,8
788,8
884,11
1030,8
2000,6
1200,8
1600,4
6000,11
1100,5
1200,11
1400,4
2000,7
788,11
1200,11
1300,7
842,11
788,5
788,0
10000,14
0,4
3500,15
1800,11
1600,11
2000,12
6000,15
1100,8
2000,15
500,11
1000,4
2000,3
1200,8
1300,4
900,11
788,15
1000,11
2400,7
788,9
1250,4
3500,14
1577,11
834,11
1800,11
1100,8
1577,11
1000,4
1800,13
1600,8
1125,11
1500,7
2000,15
2000,8
1100,11
788,0
2000,8
2400,9
800,4
700,4
1000,11
1500,5
1500,1
1500,5
788,5
7000,11
3000,8
600,0
2300,13
700,5
280,8
800,11
300,10
1100,6
400,7
700,11
15000,11
1250,8
20000,8
2000,14
400,11
5300,11
3000,15
895,8
1400,11
1365,11
5500,11
2000,4
160,10
1250,11
1200,5
450,7
1500,11
120,11
1200,10
988,5
300,8
850,11
983,2
788,8
1200,0
1500,0
1500,11
1500,8
1500,8
945,10
1050,5
945,7
1100,8
1500,2
946,6
1200,11
2000,5
1000,11
1021,10
900,5
1700,11
2200,11
1300,15
1300,15
1300,12
7880,15
1000,11
1400,8
1090,12
788,6
788,11
2000,11
3500,12
4000,11
5000,15
1500,11
860,4
1000,11
7000,15
1500,11
2000,15
800,8
3900,4
3900,11
788,8
1870,4
3000,15
4500,13
1500,11
788,11
1500,11
1290,11
823,0
3000,11
3900,6
1200,0
0,11
3500,11
788,4
3500,15
300,4
0,7
4000,11
1200,9
900,11
3000,11
2300,7
5200,11
1800,4
2100,4
2500,4
400,11
990,5
1200,11
1800,11
3000,11
788,8
900,2
788,4
2400,4
1040,8
1000,11
913,7
1500,8
1380,4
1200,8
1500,8
4500,15
1500,6
788,11
1184,15
2800,4
4000,15
4000,11
1000,11
1100,2
1500,4
2200,11
2000,11
1100,11
5000,11
1100,8
2100,11
2000,11
1500,4
1200,11
980,6
2500,4
789,8
2600,11
900,11
2500,13
4000,11
1800,11
1800,11
1500,8
1600,11
788,8
1500,3
200,3
3000,4
1500,4
0,4
4000,11
1800,9
1000,11
788,11
500,4
940,5
3000,15
1000,11
1800,15
1250,11
2000,15
2100,12
1000,5
900,8
1200,11
1200,0
2800,11
1100,5
700,11
898,11
2200,11
936,8
1800,4
788,8
2300,5
1090,8
2400,11
3500,11
720,4
2500,11
4500,15
1750,8
1000,9
1600,3
1170,14
1400,15
6000,13
788,11
950,9
2600,11
3800,11
850,11
1207,11
1700,11
560,4
2000,11
1600,15
3000,11
2000,15
1500,4
3500,8
1576,4
800,4
600,11
520,4
5000,4
1400,10
500,4
875,11
788,11
1000,11
4000,11
1576,11
1200,11
2400,11
788,4
1800,8
8000,13
1200,8
800,8
2000,4
1700,11
788,11
1400,8
6000,15
788,0
1800,4
10000,15
1200,11
900,5
1600,11
1300,11
863,11
788,11
1900,12
3000,8
3000,8
1200,15
3000,8
788,8
250,8
788,4
2000,11
2000,14
2500,11
3000,0
788,11
2364,4
788,2
1390,2
788,2
430,0
2300,7
1576,11
1576,11
1390,7
300,4
2000,14
1500,4
1100,4
788,6
1200,2
1576,2
2400,11
3200,4
1250,11
2300,4
1000,4
788,11
2500,4
10000,2
1200,3
1100,6
1500,4
1500,5
788,1
1576,9
1576,5
1500,11
1300,11
350,8
350,4
1500,15
1576,5
1000,7
1576,2
400,4
1000,3
1500,3
10000,11
5000,11
788,6
3000,15
1400,1
1576,1
1020,8
4500,15
987,11
800,7
788,3
5000,3
5000,12
0,6
0,5
1800,11
1200,9
788,8
1800,8
1500,11
2000,15
0,11
1200,11
854,8
0,4
200,0
1400,11
1100,4
600,11
900,11
2800,15
1200,10
3500,12
7000,15
4000,15
800,10
1000,11
150,0
2000,15
5500,8
2000,12
1900,15
600,8
825,13
1250,11
3000,3
1400,4
950,4
1050,4
5000,11
300,8
400,5
450,2
1300,10
1300,11
2300,15
2300,8
250,4
900,11
2000,11
1200,4
1300,4
560,5
1200,8
788,2
788,4
788,3
1182,7
1300,0
300,3
1108,3
1200,9
400,9
1000,10
150,11
4500,10
788,4
900,5
1250,15
1576,6
800,4
788,15
800,4
100,2
788,15
300,11
500,3
788,13
1576,8
500,8
1300,8
0,0
1200,2
1300,4
350,4
0,4
600,0
1576,11
788,3
788,4
0,2
300,4
788,0
0,6
0,2
1200,2
0,15
788,4
400,2
788,4
800,3
1500,5
850,5
3500,11
0,4
1500,8
450,3
0,2
788,11
788,11
980,6
788,10
200,4
1600,4
0,0
0,0
0,4
1800,11
800,10
788,6
2600,15
1050,11
3000,15
1500,7
3500,11
10000,15
3000,15
2500,15
750,7
1200,11
2000,10
2000,15
1118,4
2000,11
2000,7
980,5
1200,0
900,5
1000,11
1700,11
2500,7
14000,11
1300,11
30000,8
1000,4
2000,11
2500,15
1300,11
1000,4
2500,4
2400,0
1700,7
788,7
800,9
2000,4
788,12
3000,8
788,10
2000,6
788,8
900,7
6000,11
5000,15
788,15
788,8
1300,5
2000,7
2415,4
1200,2
2000,11
1680,8
1500,8
3000,4
3000,11
1500,11
1900,4
1000,11
1200,11
788,11
650,4
800,11
1200,0
2000,8
1200,11
1200,10
788,7
10000,15
3000,8
4000,11
788,0
1000,11
1600,7
4000,15
800,11
1600,8
788,4
4000,4
2500,14
500,7
1200,0
1500,11
240,10
840,5
800,8
2000,12
1300,11
1300,5
1900,11
890,8
1200,7
240,1
3200,11
1026,4
788,3
788,2
50,5
1000,4
500,6
2000,6
900,8
2000,15
2400,15
2300,11
788,14
500,1
2900,15
150,11
280,5
1000,4
6000,8
2364,15
788,8
0,4
0,0
450,4
788,5
0,4
500,2
1200,8
788,11
150,4
1300,4
788,1
788,3
1000,4
1200,4
2300,4
2200,4
3600,15
3000,15
1000,7
1100,11
1600,1
1800,5
2300,14
1100,5
1400,6
950,11
3000,12
1100,4
1050,7
1200,7
3800,15
50,8
1100,11
3000,11
100,7
8000,8
1700,2
950,4
1500,11
950,7
3900,15
3000,11
5000,11
788,11
1000,15
788,0
2000,7
300,8
2800,7
4000,8
4200,9
4500,11
5000,15
2700,7
3000,11
1300,5
2000,15
1040,8
3300,14
788,15
1800,8
2500,8
2000,8
1000,4
0,1
900,11
1000,6
1100,14
1000,5
2000,11
1600,8
800,1
0,2
2100,14
2000,4
0,4
1098,6
1200,4
1480,0
0,0
0,0
2000,4
1000,1
0,10
0,3
788,5
0,4
0,2
950,4
800,4
1500,11
0,4
2400,8
4000,4
1200,4
0,5
1576,11
4000,4
0,9
0,8
2500,14
1300,9
0,2
788,11
400,11
1400,15
1300,5
2000,10
2100,8
1600,3
1182,4
2364,11
2500,8
1163,6
1200,5
1300,11
1000,4
788,2
600,4
900,8
788,4
1130,8
500,4
1576,11
0,15
4100,15
1576,11
1745,5
1500,11
500,3
500,0
3000,4
2000,3
600,2
800,3
5000,4
2200,8
2000,12
600,0
600,3
2000,9
2250,11
1182,3
2360,5
2000,4
0,0
1200,6
3500,4
1600,8
1500,8
1750,3
788,5
3150,4
1320,5
820,6
788,4
1750,3
1220,8
1520,11
906,11
2100,4
4860,15
788,4
1540,7
1800,8
1230,0
1150,3
788,13
1500,8
1100,9
2400,8
1700,2
788,8
1120,8
1550,6
2540,8
1280,11
950,11
2050,11
1350,13
1150,11
2330,11
788,3
6150,7
2050,11
10120,11
0,1
950,4
10500,15
1576,15
3000,11
1600,12
45000,15
5800,11
12500,15
1500,15
1500,15
1500,8
2500,15
2600,12
2500,15
1500,11
300,4
4500,15
2400,8
1570,11
1200,10
1500,14
19000,15
15000,11
5000,15
2000,7
1092,15
1350,7
850,2
250,9
1300,11
1200,11
500,8
240,7
2040,8
210,1
1100,11
4098,11
1800,15
350,4
7000,15
2752,6
856,9
788,4
400,4
3200,8
600,2
910,6
0,11
900,10
70,7
5000,15
1000,4
800,11
1500,11
1200,11
0,2
780,5
600,0
788,8
850,2
1300,4
1240,4
788,6
1040,4
250,5
1020,6
200,4
200,7
1576,0
1500,8
900,4
1800,1
4700,12
788,11
1800,9
1500,8
1200,3
850,5
500,2
4300,11
0,4
1200,11
788,11
912,5
12000,4
856,4
0,0
1500,7
900,0
811,7
1570,11
788,7
500,11
320,8
1100,15
788,11
1500,12
836,3
811,7
160,4
4200,8
788,0
1500,10
3000,11
10000,15
7882,15
3000,15
2000,15
2000,15
788,11
1500,14
1500,11
1200,11
1800,2
900,4
1500,10
1200,11
0,1
2000,8
2000,11
1000,4
1200,4
1500,8
900,4
1900,8
788,11
1000,8
1200,11
5000,5
1100,8
1500,4
788,11
400,3
1800,15
1900,11
800,8
1400,5
1200,4
920,6
800,4
1500,15
1500,5
1000,11
3200,11
900,10
900,11
2100,4
850,3
788,10
1000,8
788,4
250,3
788,4
788,3
788,11
1400,6
400,3
788,8
788,7
1300,11
1200,8
1300,11
1200,8
1600,8
1500,11
788,11
1500,8
6000,12
3000,15
1120,3
500,8
1300,11
3000,7
3500,11
788,5
1630,12
100,8
788,8
2300,11
2600,2
2300,0
2000,11
0,2
1500,0
0,11
788,4
788,8
0,0
1000,4
1200,5
1803,3
788,11
1300,8
788,4
800,0
1033,11
1200,4
1200,11
1020,11
1200,4
870,8
900,4
1600,6
1300,8
800,8
1000,4
1000,0
2300,11
1000,7
700,0
888,11
0,4
1200,4
1200,5
2000,4
1400,6
1800,5
1500,13
950,8
6000,15
788,9
2450,0
2000,11
395,2
850,4
1000,4
4300,11
800,4
1600,7
1350,8
2100,11
800,5
1500,0
1500,11
2400,5
788,7
980,14
400,8
1300,15
1000,8
2000,3
4000,6
1100,3
1300,8
6000,15
1470,4
1000,5
2000,8
788,8
1200,3
1200,9
1350,15
0,4
1500,6
500,11
1500,13
0,0
800,4
0,5
2000,6
4000,15
200,11
2000,12
1600,3
300,4
400,3
250,3
300,7
1250,4
0,4
1000,4
1600,5
800,4
750,4
1000,4
500,3
800,4
900,4
500,2
300,0
600,0
1000,5
1000,0
3000,5
2500,4
788,11
1100,4
600,6
0,0
1200,12
0,2
300,11
788,14
1000,8
788,12
1000,4
1500,4
650,4
400,4
800,4
500,6
6000,15
550,0
500,15
0,4
1850,15
300,5
500,4
0,0
788,7
0,0
0,3
1000,0
500,2
0,0
1000,6
700,4
2000,14
1600,8
2320,11
788,9
9000,11
1200,12
200,7
950,11
1000,5
788,6
2900,10
1550,8
1100,11
1000,4
3000,11
1400,15
1200,11
1650,10
1300,11
2400,9
1500,5
1440,11
400,3
2000,11
1250,10
1250,7
1000,0
1200,11
840,11
1324,4
300,4
1000,15
3500,11
1108,4
980,2
1800,6
1800,8
1000,7
1100,11
1000,10
1500,9
2400,7
800,8
1400,4
1200,4
5000,14
300,8
300,11
2200,4
2200,11
1200,4
880,11
8000,15
788,11
890,5
600,8
1600,11
788,11
2037,11
2000,11
1500,8
4000,8
1120,4
3000,4
788,8
1200,11
788,5
1700,11
1500,11
0,5
1000,11
2200,15
800,4
788,11
1500,15
788,11
400,10
788,8
788,8
788,5
788,4
1100,1
788,11
2500,11
2700,15
2000,15
2000,11
2500,14
2500,7
1600,8
788,6
2300,11
840,11
1500,11
1700,8
788,5
1200,0
2000,11
1144,4
1200,11
0,9
0,0
788,2
0,4
0,0
3200,14
1100,8
1600,11
788,9
1000,4
300,4
1700,15
4000,15
2950,15
4500,11
6000,4
1230,11
4500,11
7000,15
4500,15
1796,15
1900,8
4061,15
2500,15
1111,11
1000,15
2500,11
5000,15
10000,15
950,9
2000,15
5630,15
14000,15
1300,11
4670,15
600,1
4000,12
1500,11
2700,11
1500,4
1500,4
800,3
1500,11
1200,10
2200,13
900,11
1200,11
830,4
3500,4
2800,7
1500,11
830,4
830,10
10000,15
900,6
2400,11
0,15
3400,11
1200,11
2300,2
1500,9
900,4
850,6
1000,3
1000,3
788,5
916,12
2000,15
1600,3
3000,3
1500,15
1800,4
1200,15
1600,4
3000,8
1200,4
2200,15
1500,7
1200,4
788,4
2500,6
1100,4
900,5
788,7
1400,14
788,11
1300,9
1500,11
788,0
600,2
788,3
850,4
1400,8
788,2
788,7
1400,0
788,4
700,5
800,8
1000,4
1100,11
1200,8
3000,11
850,0
1380,7
5000,11
1150,5
2200,11
600,4
900,2
1500,4
1300,11
788,0
788,0
788,6
1200,7
1760,4
788,2
1000,12
788,11
0,0
788,8
3000,15
700,4
788,8
4047,15
1000,8
750,0
850,11
0,0
10000,15
550,11
2000,11
0,0
600,4
2000,11
1200,12
0,11
0,1
150,3
0,8
0,4
250,4
1200,1
0,4
0,4
1576,7
4000,15
2800,11
910,12
1300,2
900,11
788,15
788,4
788,11
0,4
6000,10
1000,0
1600,0
0,4
0,0
0,15
800,2
0,0
800,11
788,4
850,2
2500,12
1280,11
300,7
788,4
788,4
1200,12
1000,0
900,4
400,2
980,0
788,3
1000,1
788,4
600,4
1400,4
900,2
788,4
788,1
300,4
0,3
1800,11
3000,15
600,15
5000,11
2000,8
2000,15
395,11
6000,8
788,3
1200,0
2700,11
200,4
2000,7
6000,6
1000,10
3000,8
870,11
1500,8
600,4
2300,9
1200,4
1000,11
900,11
6000,3
2000,10
5000,4
1400,8
1500,4
880,7
788,7
1000,11
1200,11
400,4
1100,11
2500,14
900,0
1200,11
1100,12
988,4
1300,4
1400,5
1200,4
1200,2
2000,9
2000,5
10000,15
2600,11
7500,11
1800,15
500,8
1200,11
500,11
6000,13
4800,15
788,6
1800,3
1000,3
788,4
800,2
800,1
920,3
900,7
900,4
1575,8
1200,11
2000,11
2000,7
9000,7
2600,15
450,11
3000,11
1100,11
5000,11
788,4
480,11
900,5
1400,0
1000,4
0,4
1200,0
900,11
788,9
2300,6
788,5
788,9
1800,5
150,11
0,2
0,8
600,0
788,10
7000,15
788,11
3000,15
1500,15
6500,15
3500,11
8000,15
4600,13
5000,15
788,11
5000,8
1000,8
500,8
2000,11
100,3
3000,4
240,11
1540,15
100,0
1500,11
3000,13
4000,11
1500,11
6000,8
300,11
5000,15
394,4
18400,10
1500,15
1000,12
2200,15
200,14
4098,12
1500,10
1382,5
1200,4
1000,4
500,5
788,11
1800,7
788,7
788,11
0,0
788,9
0,2
500,7
450,0
0,0
810,5
0,4
0,3
1000,4
150,2
150,6
2000,15
1600,11
1000,15
1000,11
1182,4
788,8
3000,11
7000,15
2600,15
2800,15
7000,8
1200,14
788,8
4000,8
5000,8
5000,11
788,0
788,13
400,11
2000,11
788,11
700,11
496,11
950,5
385,2
3800,15
950,11
400,8
2000,11
4100,15
850,8
700,8
150,4
0,4
900,4
120,4
0,3
100,4
0,2
788,11
450,4
350,0
0,3
0,3
0,5
0,3
500,3
0,5
0,4
0,5
12000,11
0,5
5000,11
970,7
2500,12
788,11
200,3
780,5
1900,14
6900,13
3450,11
780,11
788,8
1500,4
788,11
2100,4
13000,15
80,3
0,4
900,4
600,11
0,4
0,0
800,11
1500,4
0,0
0,0
300,0
100,4
0,0
788,0
3500,11
788,0
0,0
0,0
600,0
0,2
500,6
788,8
1500,4
2500,7
250,4
1900,5
1500,6
1000,4
900,7
2000,8
10000,15
4500,15
2000,9
700,15
0,4
1125,9
1600,8
0,11
3000,15
0,12
18000,8
1000,15
19000,15
5000,15
12000,15
3000,12
788,11
4200,15
830,6
0,12
2800,11
1700,11
1000,12
2500,15
20000,15
10000,15
1300,12
2500,15
1000,15
3000,11
2000,15
2300,11
15000,15
3500,15
4000,11
3500,15
2000,8
2000,15
3300,12
5000,11
1850,9
3900,13
500,8
1500,9
500,11
8000,14
8000,12
1500,4
2000,15
1500,15
2800,13
1450,11
1200,8
5000,15
980,11
2500,11
1600,11
1200,4
788,9
1100,7
1300,11
1400,13
2500,14
4000,11
1100,13
850,11
1000,11
8063,11
15000,15
394,6
1800,11
1200,3
5200,15
1000,4
788,11
1200,11
1700,9
1600,11
1200,11
250,0
978,11
788,0
0,4
0,4
400,4
2300,11
900,5
1100,4
2000,5
2200,8
350,4
1439,11
1400,11
1500,4
1000,7
960,11
2400,11
1600,8
3500,8
788,4
788,11
788,11
1150,11
1500,10
3000,11
900,11
2500,7
900,11
1500,11
1700,11
9530,6
1900,5
1000,5
1400,8
1500,11
890,8
1200,15
800,2
900,11
4000,15
12000,15
5000,10
788,11
13000,15
14000,15
3000,15
3500,15
4000,11
3500,8
1600,11
10000,12
1500,11
1200,4
400,1
1000,5
788,4
1200,6
5000,11
1500,11
1300,7
1200,7
2200,11
2100,6
1200,3
2500,11
1500,7
400,8
800,4
2000,11
6230,15
956,11
788,12
1000,4
1200,11
1300,11
0,7
0,11
874,11
1100,8
1000,11
1500,15
4000,15
1576,15
880,7
4500,15
1500,11
2000,8
915,5
1000,9
1400,3
2000,9
1230,4
400,8
640,11
0,3
1600,11
2000,3
2300,4
1000,5
1030,15
1800,4
600,9
300,10
5000,15
832,11
1000,7
600,8
1100,8
4000,11
2000,11
1000,11
1200,13
1200,13
1100,11
982,8
1300,5
0,8
2000,5
5516,15
6000,11
3000,15
1400,1
12000,15
1500,5
1200,8
1000,4
3500,11
0,4
1200,11
1200,6
788,0
804,10
1900,11
3000,11
788,11
1300,4
788,0
1200,8
1500,4
788,4
394,11
1009,5
1039,5
2364,4
1800,4
150,0
1000,7
788,11
1400,1
788,4
1800,8
200,4
2500,10
1200,5
1500,9
2200,7
1000,0
2300,7
788,4
2000,11
1576,9
1014,11
900,11
5000,8
10000,8
800,11
2500,11
900,15
5000,4
500,0
1220,8
900,0
1500,11
750,4
1500,4
788,3
0,3
1250,4
600,3
788,4
788,5
1300,4
0,0
800,4
900,3
800,4
360,4
1500,5
2000,4
1600,4
788,3
450,4
788,11
1200,15
500,4
400,6
788,4
1570,7
1500,8
1300,2
0,8
788,11
4000,15
4000,15
3000,12
1200,11
990,11
5800,11
1500,7
5000,15
700,11
1200,6
2000,8
90,0
900,11
1400,4
788,2
1180,4
788,4
788,3
788,6
1100,0
788,3
1300,8
300,15
6000,15
2200,11
2400,15
1450,15
5000,15
1600,15
10000,15
2000,15
8000,11
2000,15
900,6
2000,11
788,4
0,4
1200,8
1500,8
900,4
800,5
1800,11
1200,2
1380,4
400,5
1500,7
1300,8
3000,10
1300,8
1800,8
920,7
1000,3
800,5
788,6
800,2
450,11
1300,11
5500,11
0,4
2500,11
1600,4
1320,7
1017,8
800,6
700,4
1000,4
0,4
1000,4
788,4
4500,11
1300,0
1600,4
2300,7
800,11
830,4
850,8
500,5
1500,11
1200,8
1600,14
800,4
1750,15
1500,12
160,3
900,15
788,8
1182,6
788,12
4500,14
700,4
1500,5
500,4
2000,2
0,4
1500,5
788,8
788,11
1500,5
5500,15
500,3
400,4
788,2
1000,5
2000,3
788,4
788,11
5000,15
3000,11
1800,11
788,3
1500,4
1500,5
788,2
500,3
788,8
788,4
788,11
788,3
3200,15
900,8
900,7
1200,6
1100,10
1350,6
1900,14
1200,8
650,8
2500,11
1800,8
1350,11
800,3
1500,11
800,11
4500,11
2000,11
788,5
788,4
1110,5
394,6
2800,15
1100,6
470,8
788,5
893,11
2000,11
1984,5
1060,3
3100,11
2000,10
788,4
2500,8
1500,11
3000,11
2500,5
1700,8
1200,7
0,11
450,6
2300,10
1200,4
788,6
1500,9
1000,8
2350,11
1200,11
788,11
2400,10
1200,5
2000,7
5000,11
8000,11
1200,4
2500,8
900,11
788,4
400,3
1400,8
1500,5
980,11
800,11
3000,10
1500,8
788,4
1800,8
1500,11
2300,6
4800,11
2150,5
400,0
1334,3
1450,4
788,11
3200,15
2200,5
950,7
1500,11
1300,11
2000,11
1700,11
1700,4
1500,7
788,5
3200,11
2500,11
1000,11
1000,7
700,11
1600,8
500,6
890,8
1500,9
852,12
1200,8
980,8
1200,8
797,11
800,9
788,3
2400,11
788,8
300,0
788,8
394,2
24800,15
4910,11
1436,15
0,3
880,11
0,0
0,0
0,11
0,0
1200,0
0,0
0,0
1200,1
0,1
830,11
0,4
2500,2
900,3
60,1
0,0
0,1
0,3
1100,0
150,0
1500,3
240,3
0,3
0,2
800,2
1600,1
0,0
1500,1
0,0
250,0
1500,8
1200,11
788,11
1800,15
788,10
800,11
2000,15
1000,0
4000,5
350,4
788,0
788,11
600,6
20,0
788,11
788,4
400,14
700,11
1500,15
788,4
788,11
788,4
788,10
0,4
350,0
300,11
800,8
0,0
500,1
200,2
0,1
300,4
788,4
900,5
300,0
700,3
300,5
788,11
800,8
1800,4
1000,10
200,1
1500,4
4000,11
9000,15
1500,7
1500,4
2200,5
1000,3
788,2
788,11
8000,15
4500,15
3152,11
5000,11
2000,11
560,6
788,10
1800,9
1182,8
788,2
4000,13
4000,8
1500,4
2500,13
1576,11
3000,11
700,12
2500,4
1000,2
2400,11
8000,15
1611,11
788,7
1434,4
1576,4
788,10
926,0
1400,7
788,3
1650,4
1182,4
2000,4
2000,7
1500,5
1400,4
1500,9
1280,0
788,2
800,7
1576,6
1250,4
360,7
1576,5
375,5
1300,3
1576,15
5000,11
2500,8
7000,15
6000,11
3000,11
1500,11
5400,15
7500,15
5000,15
10000,13
3000,15
4000,11
2300,7
1200,11
3600,15
850,11
2300,4
2000,15
800,11
7500,15
1000,11
1800,9
1200,12
800,13
750,4
788,8
788,7
1500,11
3000,11
400,3
2000,8
800,2
700,4
1000,11
600,5
2200,11
900,11
903,10
500,5
2000,5
500,3
8000,15
5000,11
3000,11
6000,11
2800,15
5000,15
788,11
900,11
1800,11
8000,15
1000,7
788,5
1600,9
900,8
1200,6
980,5
1400,11
1750,4
3500,7
900,10
700,5
1300,0
788,3
1500,12
1000,10
3500,15
900,7
1200,1
1200,11
1200,11
800,11
900,3
1100,11
4000,15
788,11
788,0
2000,15
1000,11
600,10
2000,4
1200,4
788,11
1500,15
300,1
2000,10
400,11
788,11
2000,15
2000,12
1500,4
4500,11
3800,5
1300,11
2000,11
3000,15
4500,11
1800,15
1400,15
1300,11
4200,15
600,11
250,11
887,6
970,4
200,11
1100,11
1320,8
788,0
700,11
480,12
450,6
900,2
300,4
2000,11
2000,15
2000,7
1200,11
1000,13
1180,4
1400,10
1576,15
3900,4
1576,2
2000,11
788,15
1200,4
800,4
5000,15
1200,4
12000,15
6000,11
2000,11
2000,15
6000,11
1576,11
4500,15
2400,15
1500,11
1500,11
1200,5
1500,1
1550,7
1500,11
900,4
2000,7
788,4
880,6
788,4
788,1
835,8
788,0
788,5
788,4
788,2
788,4
788,2
1300,11
788,4
788,8
15000,11
1000,8
1500,11
1500,11
4250,15
1000,7
1000,10
1100,11
788,4
1200,8
788,7
788,7
1200,4
3000,11
2300,15
1000,2
800,4
2000,5
1200,2
2000,6
800,9
788,5
1000,3
788,4
788,9
788,1
800,3
788,10
900,11
1500,8
8000,15
8000,8
2000,11
788,2
788,5
788,4
788,2
788,3
1000,8
450,12
700,0
788,4
4000,4
2000,4
800,4
2000,7
1000,4
3000,4
1200,6
0,0
1576,4
788,8
622,4
1576,11
900,4
600,3
0,3
1000,0
1100,4
788,5
1300,11
880,5
788,4
910,4
1350,0
1000,5
788,6
600,11
500,4
1000,4
500,9
800,4
394,11
3200,11
1300,11
500,8
6000,11
2000,11
788,3
1000,5
2500,7
500,4
2500,11
1800,11
2000,11
1345,4
800,11
600,4
1500,11
1100,5
2500,8
4200,7
2300,15
1000,4
2800,8
4160,11
4000,11
25000,15
2000,15
13000,15
8700,15
788,7
4000,11
16000,15
40000,15
17000,15
10000,15
1700,11
8000,15
14000,15
50000,15
20000,15
150,4
70,7
600,3
460,4
788,11
500,4
0,5
2800,15
3000,8
1576,11
1000,11
1300,11
788,11
788,6
600,2
450,0
0,0
200,0
0,4
850,5
0,0
0,2
788,4
0,0
300,2
0,0
800,3
950,2
400,9
800,2
600,3
1000,7
700,2
450,4
0,3
0,8
1000,8
2500,4
15000,15
1500,4
5000,11
788,5
920,8
1500,4
2500,4
6000,11
6000,11
788,6
2500,8
800,4
1500,5
2000,11
2000,3
2000,4
1800,11
1200,11
2200,11
800,11
1400,4
1500,11
1500,8
1500,6
788,4
788,4
788,8
1500,7
788,4
2300,11
788,5
1300,4
788,4
2500,4
1500,15
300,3
1800,3
1000,4
800,6
788,4
850,4
1500,4
1200,15
864,4
1000,4
5000,11
1300,8
2000,6
3000,15
6000,15
5000,15
2300,4
25000,11
788,5
5000,15
3000,8
1500,15
6000,6
3000,11
3000,14
900,15
1576,4
10000,15
788,15
1500,4
5800,14
2000,4
1100,4
915,9
1700,10
1000,11
1800,11
1500,11
1000,11
1000,8
2600,11
200,11
1300,2
900,7
1200,6
1200,11
788,4
2000,15
1200,8
1000,3
400,3
1300,7
1500,4
1950,11
25000,15
800,11
1500,15
0,11
2000,15
8000,15
4000,11
0,11
2300,11
2400,4
1500,4
1178,11
300,11
3000,14
1610,5
1200,5
1400,5
600,3
0,5
1550,4
0,3
1576,5
400,3
300,4
0,11
7500,6
1600,1
2300,4
1184,8
788,4
900,4
4000,11
1100,5
700,4
3600,11
2000,11
2740,11
7000,15
728,13
1500,8
1100,15
10000,15
15000,15
1400,11
12000,15
7000,5
7000,15
1900,12
1300,8
2000,11
2050,11
980,8
6800,11
600,4
1300,7
2500,11
350,11
350,6
788,7
2500,3
4000,10
1350,11
1200,7
1600,11
1050,3
1000,4
2500,4
800,7
1400,7
1300,4
1400,8
1600,4
1500,7
800,11
1950,4
1750,5
2000,11
2200,7
3500,11
1000,11
1400,11
1428,11
788,7
2000,8
600,8
1700,8
788,11
788,5
1500,7
788,11
7000,10
4000,15
4000,11
12000,11
1200,11
2300,11
3000,15
8000,15
2000,11
7000,15
820,11
788,11
1100,4
1500,7
800,11
1600,11
1300,4
788,6
788,4
1020,8
1120,4
1320,0
788,11
800,7
2500,11
910,8
1182,11
4000,15
1000,11
6000,14
2364,10
1576,6
300,11
1800,11
1576,11
3000,11
800,6
7600,11
1400,11
2000,9
680,11
1500,12
1200,4
1400,8
1900,8
2000,11
1570,4
5000,4
500,2
600,4
1200,7
4000,15
1000,3
800,4
400,0
788,0
1576,2
5000,15
1200,11
788,8
100,0
1500,3
1200,3
788,4
1200,11
1200,15
1800,11
800,11
1000,4
1300,5
700,2
0,0
2000,4
2500,8
2000,2
500,1
1000,4
3000,4
3000,8
1200,4
1000,8
1150,8
1400,11
950,6
1200,11
1100,4
2400,9
900,4
1200,11
4000,11
788,4
1600,0
700,4
2200,6
788,4
900,0
850,2
9000,7
0,3
11000,4
2300,11
1200,2
1500,4
1000,4
788,4
0,0
788,4
0,0
0,4
0,3
788,11
788,0
788,4
700,3
1500,0
1500,4
900,4
1200,8
1400,8
788,0
5700,15
8000,15
788,11
7000,15
1200,4
880,8
788,8
2150,14
900,11
788,4
788,8
2500,11
1250,8
920,11
860,3
1300,15
1250,8
680,4
1600,8
788,9
788,3
1200,4
900,11
1500,8
1000,0
1500,11
1300,5
1900,0
1576,3
1180,11
1800,11
788,11
788,2
788,6
788,2
1180,11
400,6
1600,8
1850,7
800,5
860,7
410,9
1500,7
2000,4
500,5
600,7
1000,0
1500,7
3800,13
7800,11
788,5
1770,3
1600,5
1200,3
1580,3
2000,1
788,5
788,8
1720,3
1670,10
10000,15
1400,8
1182,4
1000,9
1868,11
2500,7
1800,6
3000,8
2000,6
3000,8
5000,15
1091,11
1900,11
950,3
40000,7
2000,15
4000,11
1576,4
1045,8
788,11
3500,4
1300,9
1200,8
500,8
1000,7
3000,4
500,0
800,10
788,7
1040,11
1100,8
700,4
10000,15
1100,5
1400,0
1500,8
3000,4
2100,11
15000,15
1500,11
788,8
4000,11
2000,2
3000,11
788,4
240,7
1000,11
600,8
2000,11
1245,11
300,3
1000,7
400,11
788,11
975,14
1576,11
788,15
1000,7
1400,8
4000,15
1500,8
1500,11
2300,15
1540,15
1200,12
16000,15
800,9
0,4
1200,11
0,4
1000,4
200,4
1000,3
1000,2
788,3
1500,4
1200,8
788,1
200,3
400,3
1700,8
1800,11
400,4
788,6
1530,8
788,8
788,11
788,7
1335,11
788,0
788,3
905,3
1600,8
500,8
1500,4
869,10
788,4
800,4
788,11
940,11
2600,11
800,6
1200,9
1100,4
200,11
2120,15
3000,9
980,14
6000,11
7000,15
6500,12
1580,12
2500,13
1034,7
6000,15
10280,11
2150,4
3000,5
850,8
1200,7
1000,5
3000,2
2500,11
788,11
4000,8
788,11
846,11
1400,8
1350,0
3200,15
2300,11
3500,11
1400,8
1200,8
1500,3
1800,4
2500,5
1250,7
1400,2
1400,5
1150,1
1200,0
1500,11
300,4
1450,4
500,8
1400,4
1800,6
800,4
900,1
2500,4
1400,4
1400,7
788,0
1020,7
1350,12
3500,3
788,8
5000,15
5000,15
1000,4
800,0
4050,11
930,11
1280,6
930,9
1100,9
1250,0
900,4
2300,11
788,11
3600,4
1100,2
2600,11
810,6
2200,7
5420,5
950,5
1460,11
1220,6
2560,8
3850,11
1450,2
0,4
1250,4
6750,6
2850,9
800,2
1530,11
800,6
1150,11
1150,10
1250,0
2000,5
788,7
816,0
800,11
1200,11
1000,11
788,4
1000,4
1080,5
3000,4
2000,11
100000,15
1000,11
788,11
2000,15
788,15
1600,11
1500,11
1400,11
600,5
2500,11
788,3
2300,11
1600,7
1500,5
400,2
1100,10
1800,8
2500,11
2500,7
1500,11
0,6
788,3
1600,11
1500,4
60,3
3900,11
1800,4
1800,11
1355,4
1500,15
1250,4
2000,11
1700,7
1300,4
0,3
2000,14
2000,1
100,0
1900,13
4000,7
985,11
700,6
1000,11
1200,11
500,8
280,8
1300,14
2217,15
200,10
320,5
1600,11
1000,6
1000,8
800,8
850,0
700,11
1200,6
2800,9
788,11
788,11
400,0
300,0
600,11
600,1
360,4
600,0
450,11
450,2
700,11
600,2
400,0
0,0
0,0
788,4
1100,7
150,8
0,2
300,2
500,4
0,10
0,3
300,0
0,2
200,0
0,0
500,11
200,1
0,0
450,0
1000,6
788,5
0,0
788,7
800,1
788,4
1200,10
450,5
250,3
1000,7
1000,4
1800,8
800,2
1500,11
1400,8
2500,15
1800,15
1400,15
9000,15
4000,15
3500,12
1400,8
28000,15
5000,14
10000,15
1200,11
100000,15
10000,15
2000,8
20000,15
3800,11
1200,13
15000,15
1500,11
3000,5
1800,4
7000,15
2000,11
1500,7
2000,11
1300,9
1500,15
5500,15
850,11
5800,11
1000,11
1800,11
3500,11
3500,11
1800,8
3050,4
5000,11
870,0
10,11
2400,11
700,4
8500,11
830,11
1100,4
800,11
1500,3
1180,8
1600,11
3000,8
1500,4
300,8
788,4
1000,8
2000,8
1200,15
100,0
4000,4
150,2
0,0
150,3
25,0
900,0
800,6
1545,11
0,4
0,3
840,3
80,4
0,4
25,0
1000,4
400,4
0,3
800,3
200,0
0,1
1500,11
2800,0
200,5
2000,15
4000,15
300,4
2500,8
1300,0
900,0
800,7
3200,15
5000,8
800,11
1250,11
1100,9
1000,4
1700,9
1450,4
900,5
5200,15
1800,0
1000,2
700,11
800,4
850,0
400,4
1300,3
980,4
1100,9
1200,11
1000,14
880,4
1500,11
900,6
1000,7
1300,4
450,0
2700,11
1200,11
3000,8
2500,6
2300,11
1600,4
1300,8
2200,8
1400,11
1100,11
1800,4
1300,3
1300,11
1500,4
900,8
1400,7
950,8
1300,5
1100,4
4500,11
1100,11
700,4
3200,11
800,8
788,7
600,2
1400,0
2500,4
3500,11
800,11
1900,8
1800,4
1200,11
900,7
1500,9
800,3
400,11
880,4
1000,8
1000,11
788,11
788,5
1050,4
1200,4
788,8
1200,4
1000,11
800,4
2000,3
1100,5
1200,9
788,5
2000,7
1500,11
800,6
1500,11
3800,15
788,11
50,3
1800,11
1600,13
788,4
220,5
1600,11
1500,8
965,4
3900,15
2500,11
1500,11
960,8
2000,3
900,5
1200,11
3500,4
800,5
1300,8
1000,4
1500,8
2000,11
875,10
1200,8
1200,8
1200,11
2000,11
1100,13
788,3
788,7
5000,15
800,8
4000,5
1000,4
788,4
1200,8
3700,8
1000,2
1500,11
950,8
1000,0
1200,5
788,8
1000,0
200,7
2300,4
2500,11
1100,11
1100,9
5000,4
850,4
1000,4
1200,5
1200,13
1500,4
1500,9
900,11
1800,11
2000,11
1500,9
1200,5
1600,11
930,4
1576,4
2000,15
1200,9
1500,8
2000,8
300,7
500,0
866,5
788,0
2000,4
5000,11
1500,4
5500,11
4000,5
800,4
1400,11
788,7
2500,3
900,6
2500,6
900,8
300,1
980,11
150,7
2500,11
800,3
2200,2
0,4
1500,11
2500,11
788,4
1500,0
3200,15
500,4
120,8
200,1
210,1
200,0
788,1
788,11
788,14
100,5
150,3
788,11
788,11
788,11
700,8
140,3
500,7
1800,12
1500,11
0,3
788,11
0,0
788,11
0,4
800,4
200,11
0,4
500,3
3500,0
500,4
900,3
850,0
0,0
150,3
0,0
600,3
1600,3
150,5
1200,11
1100,4
4000,11
1520,11
2650,11
4000,10
3000,11
1100,11
1000,8
800,3
1000,11
700,8
1100,8
1200,10
600,5
2000,13
900,5
1200,8
800,8
788,5
1500,11
600,11
788,10
1200,12
500,4
0,8
3000,3
1700,3
200,3
2200,11
1190,0
788,2
831,10
908,11
788,3
0,0
788,4
0,0
600,8
0,0
1180,5
788,4
0,4
788,8
1300,15
800,3
1576,5
1200,15
1059,4
1500,11
788,11
788,4
900,11
1600,5
830,7
1576,8
2400,12
1600,11
1600,8
788,2
400,4
350,11
600,2
788,11
300,3
1800,4
1350,4
788,0
400,4
0,0
788,5
450,8
600,3
800,8
700,9
1000,4
1500,14
788,8
788,4
788,4
300,7
500,5
400,0
788,5
3000,8
788,9
1182,6
1100,6
300,8
1800,4
1700,11
800,4
1500,0
4000,10
1500,7
3500,11
1500,1
788,8
2000,11
3000,4
2200,8
850,4
1700,4
1800,7
1200,11
600,12
1300,4
1500,11
2000,4
1200,11
1500,11
1200,4
1200,4
1200,11
1400,11
1600,2
788,6
900,7
788,8
788,11
1000,4
1350,11
800,8
1500,9
1000,4
1200,5
860,0
1200,4
950,8
900,11
800,4
820,11
1850,4
1200,5
1400,11
2000,4
1600,8
1600,4
0,1
788,9
300,0
1600,4
6000,15
4800,14
788,7
1600,11
700,11
1100,11
825,6
1400,11
900,7
788,4
788,10
1960,6
400,2
0,4
400,4
1000,11
0,4
650,7
0,4
0,0
1000,4
394,4
788,11
0,4
960,4
400,2
1010,11
800,3
788,5
985,11
1500,15
1000,5
0,3
1318,15
788,11
60,7
1600,8
100,10
788,0
1200,4
788,0
0,3
300,4
1040,4
1250,0
840,3
300,4
0,7
100,0
0,4
0,11
0,0
788,4
0,4
150,8
900,8
0,2
400,1
788,4
0,3
450,4
840,4
0,0
0,0
2000,5
0,4
1130,8
300,1
7000,15
788,11
2300,15
1100,11
3000,11
1200,11
500,1
1200,5
1800,10
2135,11
2368,11
788,5
920,0
4000,11
650,7
820,9
788,11
1680,6
1300,11
1000,7
788,11
1580,5
897,11
1100,11
1960,11
2780,15
2138,11
1458,8
975,8
1798,11
3000,0
920,9
1458,8
2960,7
1479,11
1890,8
1836,7
0,12
950,11
1600,10
2500,8
5500,12
2300,5
4000,6
2130,13
1400,10
700,8
1100,9
1950,15
1586,7
1728,13
1576,8
2456,11
1638,8
5530,11
1578,11
3354,15
4120,15
1430,11
3150,15
1386,11
2563,15
1000,11
1000,3
1600,8
1300,4
788,8
900,11
1500,4
1200,11
800,8
1400,8
1200,11
900,8
4500,15
900,11
788,11
1000,11
850,4
3000,11
1800,15
1600,3
500,3
400,6
850,11
900,12
1500,11
1200,13
900,8
900,11
1700,8
850,11
8000,11
1600,4
1200,2
900,4
788,11
1000,8
0,15
788,3
1300,11
1200,8
1200,4
788,5
843,11
1500,4
850,8
788,4
1000,8
838,2
500,8
1000,11
2000,8
1700,12
1000,6
5000,12
800,11
3000,11
3000,14
2100,11
1800,14
900,6
900,11
3500,8
800,5
1500,15
1800,11
2000,11
3100,15
788,11
1100,8
1500,15
2500,11
0,4
800,6
1500,11
2200,8
1500,15
800,4
2000,2
3800,11
1500,11
1500,4
788,4
2000,11
4000,8
1200,4
7000,15
2000,15
5000,15
2500,8
4200,15
1500,8
1120,14
1600,11
800,4
600,8
0,5
1800,7
2200,8
2600,15
5000,4
4000,12
2000,15
5100,15
1259,15
788,4
788,11
1600,4
1200,11
3000,15
788,7
300,8
1550,4
550,9
330,5
2364,4
450,6
788,15
900,8
1200,6
1500,6
1100,8
788,6
200,11
100,6
300,4
200,3
1000,8
1576,11
200,5
150,0
300,7
0,3
3000,8
0,2
1000,2
788,3
788,8
0,7
2150,11
4000,15
1800,11
2000,11
3500,15
2500,11
3900,9
3000,10
2300,11
900,2
1400,4
3000,11
2000,8
1200,11
500,6
1050,8
1550,14
2800,15
788,4
3000,11
1600,8
1300,6
2500,11
1200,8
1500,5
0,2
788,4
1070,4
0,0
550,0
788,7
0,1
1100,4
0,8
788,8
0,1
700,2
0,11
600,3
788,11
1200,11
788,10
0,4
788,0
788,4
1100,11
1500,4
7000,8
0,2
1100,4
3000,15
1300,4
1700,1
2300,11
1400,4
4800,13
800,8
12000,11
2500,11
1500,11
788,7
2500,0
1350,11
800,6
780,15
2000,8
788,8
1600,8
1400,15
1700,4
4728,14
1250,4
1050,11
1400,5
2400,8
788,4
2200,7
6000,8
4000,8
1600,11
1200,11
2500,11
1200,11
1200,3
2000,8
1800,4
1000,7
1400,2
1300,7
1200,4
1200,4
2000,10
600,4
788,6
1500,11
700,9
895,8
800,9
2000,0
1040,10
500,9
1000,14
800,7
5000,11
788,3
500,15
3000,13
7500,15
0,11
1182,4
200,4
1080,3
650,4
818,11
838,15
788,4
3200,15
500,5
2500,15
450,4
1200,9
300,11
2300,15
1200,11
500,8
1500,6
788,4
300,0
788,7
788,0
600,4
400,4
850,11
788,0
1200,11
130,4
1000,3
200,4
900,4
600,3
550,1
600,6
788,11
250,4
600,3
900,7
650,7
1000,7
4500,3
600,4
450,12
600,4
600,0
450,4
440,4
600,4
800,4
350,2
1000,4
450,11
380,3
600,9
4000,11
1600,4
450,0
600,5
250,0
650,2
800,0
750,4
750,4
1200,6
950,11
650,6
650,7
1200,8
2450,15
870,11
600,2
300,5
700,7
40000,11
2200,12
788,1
1000,4
1000,4
1000,0
900,0
1800,0
300,2
400,0
200,8
0,4
0,1
0,4
0,4
150,0
100,8
300,1
400,1
0,0
0,0
0,0
500,0
200,4
500,3
1000,8
788,7
0,11
3000,15
10000,15
400,2
1500,11
500,11
3700,14
788,4
300,6
4098,11
788,4
6000,14
1200,0
1180,5
240,0
1000,3
960,6
1000,7
1200,13
400,4
2800,11
788,14
1500,8
2300,3
1200,15
813,4
320,2
1500,7
1000,0
950,4
3000,11
1600,6
2000,4
2000,7
900,7
800,5
2200,5
1900,8
1800,3
1600,15
788,11
788,7
2000,11
1000,7
1200,8
1500,5
5000,11
1700,11
1700,14
1225,5
920,4
800,4
700,2
2500,5
4000,15
8000,11
3000,8
5000,13
830,11
788,11
788,2
0,7
500,4
788,4
1182,0
788,2
950,0
788,4
1600,4
788,0
800,4
1200,4
1280,5
0,8
1500,4
2200,11
300,11
788,2
1500,4
788,4
0,4
788,8
0,0
1000,12
400,3
4000,15
700,3
0,0
500,2
1000,0
0,2
0,1
0,0
0,4
0,2
400,11
0,5
0,2
0,2
788,11
1576,11
0,0
600,4
0,3
0,3
80,6
0,2
1200,0
0,5
788,3
912,4
1100,14
800,8
1500,14
0,4
1100,8
788,11
788,11
1000,9
1500,14
1300,4
1035,11
2000,11
1000,11
350,3
800,4
1500,7
1500,4
1400,0
800,4
788,0
847,8
788,4
6000,10
1200,0
1200,3
1989,9
1000,8
1200,11
0,11
2000,15
5000,11
1500,15
8000,15
32000,15
2200,11
5000,11
4000,9
1000,11
1500,11
3000,8
2500,15
788,4
2140,11
0,11
2000,9
1000,10
200,4
60000,9
2500,8
915,11
1100,5
1576,11
788,4
1100,11
400,3
900,5
3100,11
2000,5
1100,7
200,6
1500,5
1900,9
1047,11
920,4
1300,12
1100,4
2100,11
2000,8
788,5
1600,6
1500,4
3000,9
1200,8
950,11
1100,9
1800,7
1500,11
1085,5
1511,8
1300,10
1500,13
2500,4
2000,8
788,11
5600,14
4500,7
1580,8
1700,15
2500,14
2700,9
4500,15
895,11
2300,15
3800,8
840,11
240,4
4000,11
5000,15
2500,10
0,0
0,4
1300,4
860,11
2900,11
1500,7
500,4
1000,7
1100,9
980,11
3000,8
1085,10
0,4
840,4
850,11
1300,8
1200,11
900,4
1100,11
788,8
2000,8
1700,14
0,7
1200,11
1580,11
1576,8
800,4
1100,11
4000,14
1200,15
2000,11
5600,11
912,0
3000,13
6000,15
25000,15
5000,15
13000,15
14000,11
5000,11
12000,15
1500,8
6000,14
10000,15
1576,10
2000,4
0,15
1400,13
2400,4
2000,15
1000,15
2600,14
2300,15
870,11
5000,15
1200,4
350,8
1000,11
500,15
600,11
970,11
850,14
1300,11
1500,5
1300,11
900,11
3500,4
1000,0
1576,5
788,4
800,4
2300,15
1550,10
5000,15
1400,0
1000,0
1400,0
4000,4
1400,4
1400,8
1800,6
788,2
1300,11
2400,12
2300,7
788,5
1000,5
1200,8
1600,8
1500,4
1000,8
1000,8
788,15
1500,11
1576,11
2500,7
3200,11
3500,11
4530,13
1200,14
2300,9
860,11
3000,11
1576,4
200,4
400,5
1576,14
2400,8
0,7
850,11
70,5
789,11
1000,11
788,8
1162,11
2000,11
3000,11
750,6
1000,11
788,6
788,5
400,0
900,11
788,5
1600,3
1000,11
1100,7
980,14
1500,11
1500,11
1338,11
1000,15
1000,4
788,3
1600,6
788,2
788,5
520,11
300,3
200,1
788,5
700,4
788,6
2500,8
1500,15
788,6
788,3
788,3
800,11
860,8
400,8
1100,11
2000,4
20000,9
300,3
900,5
800,8
1000,10
2000,4
900,5
320,8
788,7
2000,4
600,7
900,7
1148,11
1500,4
820,2
2200,4
2500,7
2000,15
1500,11
1100,9
1500,3
1000,11
1100,11
1000,11
1400,2
788,6
1300,7
1000,11
950,7
930,3
788,4
1000,8
150,0
1500,11
3300,13
2100,9
1300,7
0,4
1580,11
1500,11
788,11
788,11
1550,10
750,10
1200,11
100,3
4500,11
3000,15
1600,11
3400,15
1300,11
950,5
1250,4
1200,3
1400,8
1500,8
3500,4
788,5
788,6
1300,15
4900,15
788,4
0,3
788,4
0,0
788,0
1970,2
2500,11
1500,11
2000,15
1800,7
1200,4
1750,10
700,4
300,4
1200,8
2000,11
10000,15
1350,15
1500,8
1000,3
1200,5
3020,15
3300,5
788,3
1400,8
788,0
1576,0
1000,2
2000,11
1600,9
4000,4
960,11
1000,7
4200,11
7500,15
2000,2
1700,11
3500,15
7000,11
5833,15
1600,8
1300,9
3900,11
0,6
2200,11
5000,7
1500,11
2300,11
1200,11
560,0
5000,15
850,4
5000,4
2200,14
1570,11
2894,14
1300,10
2400,8
1100,11
800,4
5000,15
4000,15
2100,15
900,3
500,4
1200,7
1500,3
1500,4
12500,15
950,3
788,3
3000,11
2000,7
4000,15
1200,2
1400,10
7000,15
2000,13
4000,13
788,7
1305,11
900,11
2000,15
1200,7
1550,11
1300,8
1000,7
1200,11
400,0
3000,15
1200,4
2500,11
1200,9
1000,11
1800,15
2300,15
800,0
1800,8
650,0
1000,5
1196,15
1800,11
2300,13
3000,11
3000,8
2000,11
800,5
788,11
1000,4
480,4
900,11
1300,11
788,10
2000,8
1000,4
6000,15
788,0
1000,8
2000,15
1220,8
2100,5
1800,11
1500,8
2000,11
2000,14
1800,15
1500,11
4000,15
2000,11
5000,11
2000,11
3500,11
3000,15
788,9
10000,15
1500,11
888,11
2000,11
1800,6
1600,11
2500,15
1400,11
1300,7
1500,8
1000,11
2100,15
1500,4
4200,15
1300,11
1200,9
860,2
1600,4
1900,11
2400,8
2000,11
2200,15
1000,10
1000,8
1000,11
5000,11
1100,13
450,11
10000,15
2000,11
1300,5
1500,11
3000,5
8000,11
1000,15
1900,14
2100,15
3000,15
4500,15
2400,15
5000,15
3500,11
1700,11
3000,11
2500,12
2000,15
1900,11
1650,11
1000,11
2000,11
5200,15
1650,15
3000,8
1300,11
1600,11
800,11
1200,11
10000,15
2200,15
2000,12
2000,13
2600,11
1112,11
4000,13
2000,15
420,4
4000,11
1200,9
4800,15
1200,8
8000,11
800,3
850,8
1300,11
320,11
500,8
1250,11
2180,15
2100,11
1200,11
5000,15
1600,8
3500,8
890,11
1300,11
1000,11
1700,15
4000,11
1000,4
1600,4
2000,15
1200,11
1200,6
1500,11
788,4
280,8
800,14
1500,5
1100,8
1800,11
1700,8
1000,11
1000,9
2200,11
4000,11
1549,11
2000,8
800,4
2900,8
2200,7
1200,11
950,6
1800,11
1600,11
2000,8
1800,6
1000,11
1500,11
400,7
5000,11
1600,10
1000,8
2300,11
1700,15
2800,10
945,8
1020,5
4000,0
800,2
8000,15
880,4
4600,15
1162,13
1400,10
1576,11
10000,15
3000,15
5000,15
15000,14
3500,12
7000,15
1500,15
2000,15
1100,15
11000,15
3000,15
500,12
3000,15
4000,15
10000,15
3200,15
57000,15
10000,15
5200,15
1200,11
1640,11
5000,15
800,11
0,11
3500,11
1400,0
900,11
700,11
1130,6
7000,11
3000,5
980,7
2000,15
2260,15
1311,9
1600,8
1500,7
1700,11
4000,9
940,10
1220,5
1000,11
600,10
3200,8
1576,7
1000,0
1200,9
2000,11
1500,6
3000,14
1600,8
2500,11
2000,11
1200,10
1000,11
1400,15
4000,11
5000,11
1700,11
784,0
2500,6
1000,12
2500,11
1300,8
700,15
2500,11
2200,11
789,15
3000,15
3450,15
1200,0
1000,13
1300,8
2000,11
788,6
2300,11
3152,5
3000,6
600,3
2000,8
600,5
500,14
240,11
1136,8
8000,4
1576,15
1000,15
9000,11
3940,15
788,11
1500,12
900,3
4000,11
788,8
1500,11
2000,11
1800,4
1500,11
500,5
900,11
5000,11
1182,4
10000,6
2364,4
2300,3
1182,0
2000,11
800,5
1200,9
500,4
1500,0
1400,3
0,4
1200,3
0,3
1182,6
1182,5
1000,8
8000,15
1600,11
0,2
1550,10
2000,11
3000,15
984,4
1043,11
2500,11
2600,4
800,4
788,8
2200,11
1600,11
900,0
788,4
1000,0
0,0
900,11
0,11
1000,5
2800,15
3000,0
1000,4
0,4
1500,11
866,9
3000,11
1576,4
2100,11
2000,11
2300,4
2500,15
1000,0
1200,5
788,11
2000,12
1000,11
1200,11
788,8
1980,11
1500,11
2000,11
900,0
800,8
1500,11
1500,4
788,11
2000,11
900,1
980,4
1500,11
1550,11
480,11
1400,11
988,8
890,10
788,6
1800,11
500,4
2300,8
1500,11
1200,8
350,4
1124,5
1300,11
1200,11
3200,11
788,11
850,11
788,3
2000,8
1300,4
788,4
1620,11
984,11
7000,8
2700,11
600,9
1200,4
788,9
1200,8
920,11
2300,5
788,11
3000,14
2200,11
1200,8
2100,0
1200,4
900,6
1500,8
130,3
3000,10
800,5
788,3
4000,15
1800,15
841,11
789,6
3000,15
5000,15
15000,15
400,11
0,8
3500,11
2200,11
1300,15
900,11
8000,15
3500,4
5000,11
1200,15
788,11
7000,15
2000,11
3000,14
1150,8
1200,8
1600,11
900,8
788,3
1200,10
1500,10
500,4
900,4
1500,8
400,6
900,15
10000,15
2500,15
5000,11
1200,7
1450,11
990,11
1200,11
788,5
788,5
822,9
1800,10
822,8
2000,11
3000,8
788,4
2800,11
1200,11
890,4
1500,15
1576,11
788,13
100,9
1300,4
1200,5
1200,4
280,3
1600,3
1000,11
860,7
800,11
400,1
800,2
1576,9
1100,4
1900,6
788,4
1100,4
788,4
1100,11
1330,11
900,4
1200,9
2000,9
2500,11
1700,14
1000,12
2500,10
3000,7
300,3
800,8
2500,11
300,4
788,8
3000,15
2500,11
4400,11
900,8
1200,14
600,5
788,7
0,1
1500,4
500,6
250,6
550,3
130,8
2000,4
788,2
1050,4
788,8
1500,7
500,3
788,0
1800,4
800,11
600,2
1000,15
600,6
800,2
800,2
1007,10
1576,11
600,11
2600,15
1000,10
2500,10
1200,11
2300,11
1200,4
5000,11
2000,10
1800,11
2200,4
200,5
1300,6
200,4
788,11
900,4
1300,11
2000,4
1500,7
8000,4
2000,11
800,4
5000,12
1000,5
2250,15
800,6
882,11
1200,7
1400,5
2800,3
6000,11
1800,11
450,3
80,8
300,7
1300,11
1580,11
788,7
3500,11
2000,6
0,0
1000,11
2000,7
1500,4
600,8
200,4
1450,9
1000,11
3000,11
1200,11
1576,4
2500,11
3000,14
2000,4
3000,13
2000,13
3000,11
5000,14
2364,11
0,8
2364,15
2000,15
1549,14
1000,2
1200,5
1200,8
900,8
788,5
1200,11
1000,0
788,8
1300,15
2300,11
2500,15
788,10
788,4
950,11
250,4
788,11
788,4
788,11
680,11
1000,13
1200,5
200,2
788,4
788,0
788,0
1500,4
1500,12
1500,11
1600,4
1400,4
1300,10
1000,2
800,5
788,2
1000,11
1200,8
900,11
1200,4
1600,8
1200,5
700,4
1033,1
1200,11
1200,8
2900,11
2000,11
1200,11
3000,11
2500,8
450,11
1452,6
900,4
850,11
788,0
2000,0
1000,2
2300,8
1600,0
788,8
1200,8
1000,8
788,2
1130,14
788,15
850,4
5000,11
12000,7
950,15
2000,15
1000,11
2500,15
788,4
2000,11
1500,14
880,11
600,4
789,8
789,7
788,3
200,2
400,11
788,0
2200,4
1300,8
1000,6
500,13
850,4
2000,11
1600,11
2000,3
788,15
1500,15
1000,0
788,0
100,1
500,3
200,10
200,5
900,6
1320,1
1000,0
788,3
700,7
900,5
3500,11
1500,0
1200,11
1490,11
1600,14
1100,15
844,5
1287,11
1160,15
1300,10
800,11
500,11
300,5
2000,11
620,10
1300,0
1200,0
600,5
1100,11
1200,7
788,8
160,0
500,5
1500,11
550,4
400,6
2300,11
1000,4
1580,11
800,8
1500,11
788,11
1150,0
2300,0
1100,5
788,4
3000,4
1400,9
788,7
2500,11
3400,11
3000,4
3000,11
1000,11
1500,11
1500,11
800,9
1200,10
0,2
1000,11
600,11
1500,7
1200,4
1500,11
1500,4
2000,11
1700,6
1500,4
900,6
900,4
2000,11
2000,3
1500,10
940,11
788,12
2500,12
1300,10
2000,11
4400,15
2500,8
6000,15
8000,11
3000,11
2000,10
1500,15
1200,11
900,3
1800,5
1187,7
1000,6
1800,4
6000,11
2000,13
2000,12
788,11
1000,5
788,4
1500,11
1250,6
2000,7
850,11
1000,2
1250,11
600,0
500,5
900,11
7000,13
1600,10
3000,15
3000,11
2409,15
3500,11
2000,7
1200,9
788,5
2000,8
1500,11
2000,10
1200,4
2300,11
500,10
1700,15
4000,15
1500,11
1500,9
788,0
2000,11
800,6
1500,9
1200,11
1500,11
500,6
788,4
1250,11
788,8
2000,5
1300,11
5000,11
3500,9
1200,15
1200,8
890,15
800,6
400,9
300,11
789,4
3000,15
789,2
1200,9
900,11
1500,5
1500,11
1200,12
1500,12
2000,8
788,5
1500,11
890,5
1100,3
2000,8
788,8
1300,2
1000,6
450,11
1300,4
15000,4
200,10
800,11
394,0
1300,1
788,5
788,6
3000,4
1050,4
400,11
2000,11
4000,15
2000,11
300,6
8800,15
900,11
1500,11
900,4
1500,15
1100,11
1000,5
789,9
1000,8
1000,11
878,8
400,3
950,9
800,11
5000,11
4000,0
2000,11
840,14
2500,4
2000,15
1100,8
1433,11
1800,15
2500,9
1600,7
1274,11
1300,8
2000,4
1050,0
600,11
2000,11
4000,10
960,11
2400,11
400,4
4000,15
1800,4
970,11
980,4
1800,14
300,8
4500,11
2100,15
500,5
1576,11
1800,8
1500,7
3800,4
750,4
1700,5
1400,11
1200,0
500,4
900,5
1500,9
5000,8
788,0
2200,15
3000,14
5000,11
788,8
1200,3
500,5
1127,15
1400,11
1000,0
600,4
0,4
2500,5
0,0
1500,7
700,0
1000,3
0,0
1500,4
1600,4
1700,8
800,4
1600,4
450,0
3250,15
300,4
750,0
750,7
1000,11
800,4
2400,0
2500,15
750,4
1000,2
1200,4
2000,11
900,8
1800,11
2000,12
950,11
1800,11
788,5
788,4
1200,10
0,7
0,0
788,11
5000,15
15000,15
3546,15
1306,7
1600,15
856,11
1000,11
13000,11
788,11
880,7
764,8
2000,11
400,2
1500,15
788,7
900,8
450,8
1200,11
1100,11
520,4
788,2
350,0
300,3
2000,7
788,11
1800,2
1100,11
735,12
80,0
800,8
400,4
700,5
412,8
2000,0
0,1
700,2
0,4
24,4
300,15
2066,8
466,0
2500,14
1330,15
1000,11
880,3
880,10
1500,15
788,10
2100,15
350,4
1500,12
2000,8
940,10
1000,8
788,0
320,11
788,4
954,11
3000,11
2000,11
2300,15
10000,15
1200,15
1500,14
450,11
200,11
1000,15
6500,12
4060,11
500,4
1200,15
3700,15
30000,15
3000,15
2000,8
2500,8
2000,1
1500,4
1000,11
1200,11
15000,15
1200,4
800,8
1500,11
788,11
1000,11
788,10
500,8
1600,9
800,10
400,11
4800,15
1030,13
2500,5
1940,11
500,4
788,8
2100,9
3500,11
2000,11
2000,7
600,4
1000,11
2000,11
1800,7
1040,5
1560,5
2300,2
0,4
1200,4
788,8
3000,15
1500,2
1000,4
1090,4
1000,4
700,4
1200,15
2600,15
4000,11
3000,11
4500,11
6000,11
2500,11
6000,15
2000,8
2580,15
3000,8
1000,11
3500,15
1000,3
3000,15
2500,15
3000,11
0,8
2000,11
6000,13
3500,13
2000,11
1360,15
980,8
1800,9
1500,4
1700,14
500,3
1800,8
1300,11
790,5
600,8
788,5
788,1
1800,4
908,5
2200,8
1500,3
2500,8
1050,8
400,2
1500,9
5000,11
6000,10
2500,11
1300,10
800,5
1000,4
900,11
8000,8
2000,11
850,8
1500,15
2000,8
1300,5
2500,11
1400,11
800,5
1200,11
788,8
1500,4
1200,0
1500,11
670,8
900,0
1300,11
788,5
800,5
788,5
788,2
880,8
1500,4
15000,15
4000,11
1000,15
2800,11
1500,15
2000,7
1300,0
1000,7
1100,0
788,7
1300,4
1220,8
820,0
1370,0
400,0
300,0
788,0
1400,8
220,1
2100,4
788,8
800,0
788,0
788,4
1500,6
1500,15
788,0
880,1
1500,5
1800,4
788,3
1380,15
788,0
788,0
1200,0
788,0
1600,0
788,0
788,8
788,11
788,0
788,0
788,15
788,0
788,4
1500,11
2000,11
1300,12
1200,11
2200,7
1400,11
2300,15
1100,15
2000,8
800,7
1800,11
1400,11
788,6
788,3
1500,11
7000,15
1100,8
1000,8
1200,8
1400,8
1500,8
900,11
1400,3
788,7
788,1
2300,11
2000,2
788,4
2800,11
1700,11
1300,5
0,4
200,3
2000,8
400,4
2170,11
800,4
1000,0
800,4
800,8
500,8
600,5
800,4
500,4
1000,3
900,4
1200,4
2000,4
2500,11
788,11
1500,8
700,7
6000,15
1000,7
500,3
600,3
2100,8
600,9
500,0
2000,4
2000,4
500,2
300,0
600,4
500,5
800,1
400,11
300,4
600,0
600,0
300,4
1050,12
900,11
2000,11
2000,4
788,8
1200,15
1200,8
2000,15
900,2
2000,12
700,1
900,11
1800,5
1500,8
1000,11
1200,11
3000,7
1000,9
3200,15
3000,8
1500,10
2000,11
1200,15
2000,8
8000,11
2500,12
700,3
788,4
1070,4
1100,11
900,0
788,10
40000,2
7000,15
2000,11
2500,15
2500,11
1000,11
788,10
9000,2
800,12
700,5
500,0
50,3
1200,6
2500,2
300,8
400,4
600,0
800,4
800,4
1000,0
1000,12
450,2
500,4
3000,10
1000,4
2000,11
788,1
2000,5
3000,7
800,8
1000,4
700,0
700,8
400,8
600,4
1200,4
1000,0
788,5
1000,11
2000,4
1100,4
5000,2
2000,8
3000,8
1200,2
980,8
800,8
2800,15
2300,11
1200,0
4000,0
1000,11
700,7
1100,4
2500,11
5000,15
5000,15
1700,11
1600,8
5000,7
1300,11
980,8
3800,11
800,6
400,0
0,6
800,8
1000,3
350,5
0,15
850,1
1500,1
789,4
789,3
1800,13
1900,11
2000,4
789,4
1600,4
1000,4
788,15
500,7
788,4
1800,11
790,5
5500,15
5000,15
1200,6
1200,11
420,4
2000,4
2000,11
2000,4
8000,8
700,3
700,8
1500,8
700,4
500,4
1500,4
1200,4
1500,4
900,4
15000,5
0,0
1800,14
1200,15
1900,11
2200,11
3400,11
3000,11
2000,5
1500,4
3000,13
3000,8
1400,5
788,11
1200,11
1200,4
1300,4
1500,4
2200,11
900,11
1500,4
1100,8
2800,14
8000,15
1576,15
10000,15
4000,7
10000,15
1200,11
0,11
3000,4
788,5
1500,11
1000,11
1500,7
400,11
1000,6
1300,13
1000,11
2500,8
1200,8
5000,5
2500,9
800,4
800,0
1400,0
1000,0
3200,7
1600,5
788,4
788,3
788,4
2600,14
1400,11
790,0
500,5
900,8
900,9
700,8
3000,11
3600,11
1900,11
2500,11
1500,11
1500,5
1200,13
550,8
1500,14
1100,0
900,2
1600,11
800,1
800,4
1100,11
789,4
788,10
600,12
2300,11
788,4
1600,4
4000,15
788,11
788,9
1100,1
788,5
1500,11
884,4
1340,11
3000,13
800,15
1700,11
1500,6
1400,8
927,9
1100,9
2000,15
2000,11
2000,15
2000,15
1000,14
2000,15
2400,11
788,8
800,3
1800,5
1200,11
900,11
1300,11
1000,15
800,2
1000,15
10000,11
788,4
1700,11
1200,4
300,3
250,2
1100,12
250,12
1400,7
700,7
400,15
850,11
2300,15
1500,15
4000,11
1000,8
2000,15
1500,10
2700,8
800,6
600,4
3500,9
800,8
900,11
1576,7
788,7
1000,8
320,4
900,4
1200,15
788,11
900,14
395,4
1500,11
2000,12
1200,8
1500,11
450,0
1000,15
2000,11
1200,11
1800,11
1300,9
800,4
1500,12
300,3
1200,11
2100,11
4000,11
2500,11
900,12
2200,12
1200,8
2000,12
1000,6
2500,15
1700,12
2000,12
2300,15
895,4
788,4
1090,6
788,4
2500,8
2000,10
1700,5
1800,8
1600,8
3600,15
1000,11
1800,15
2300,8
800,10
900,15
1200,8
2000,3
1500,11
785,8
1750,4
1570,5
1380,11
1300,11
788,5
1600,12
788,0
14000,12
900,9
1500,4
1900,11
4000,11
500,9
1177,4
3000,3
500,3
2000,11
1470,11
3790,15
5000,15
660,8
500,11
1200,5
788,6
1003,0
2500,11
1000,11
1500,5
950,11
800,11
1000,4
1000,11
900,5
810,8
2000,11
1000,2
788,0
1500,4
800,5
1000,7
150,7
500,0
2500,11
5000,11
788,4
600,5
788,8
1200,11
788,5
12000,11
200,3
10800,15
700,2
1300,15
1120,7
900,9
1300,15
1200,11
700,11
1360,5
1500,11
1200,11
3000,4
788,11
1000,12
700,0
1400,11
788,11
788,4
1000,4
1000,11
800,8
1200,6
1000,0
800,11
1500,4
1000,11
1200,6
600,8
1250,1
2000,11
1500,11
2000,4
1576,4
3000,8
1300,4
1104,11
960,4
2200,11
788,11
3500,11
1300,6
1014,12
3000,11
5000,15
16000,15
2000,11
1800,8
10000,11
2000,8
1500,11
3500,15
1500,1
788,8
1800,11
2000,11
2200,8
5000,15
3000,14
1400,8
2000,15
2000,11
5000,11
170,8
2800,0
2700,15
2500,11
2000,11
1200,15
1000,0
5500,8
780,0
1500,11
200,5
830,11
1800,8
1200,15
3000,15
4000,15
6350,15
2900,15
2000,15
5000,15
10000,15
7800,0
1200,15
3000,11
15000,15
10000,15
6200,15
6500,14
10000,15
5000,11
5440,15
0,15
2000,15
2000,11
12000,15
12000,15
1600,8
2000,11
2000,9
2000,5
5000,11
900,10
1000,9
3500,3
5000,15
2300,11
0,10
2500,11
850,11
7000,11
3500,8
3000,11
1100,8
8000,15
300,9
1576,11
788,11
1400,11
800,6
1600,4
0,10
980,7
1000,8
2000,15
800,4
1500,8
1200,5
980,8
1500,5
100,5
1000,11
3153,13
788,5
920,11
2500,3
1600,11
2000,8
2500,15
1300,5
1500,15
788,6
550,0
788,0
1500,11
1500,8
4000,15
5000,4
3000,15
1500,5
1200,10
1000,11
1500,8
1300,11
900,11
1700,11
1000,8
850,11
1030,0
1900,11
1700,11
360,11
1100,0
1200,8
1300,8
2000,4
800,8
1600,11
1000,3
1500,5
300,1
800,12
905,11
1300,11
1300,11
800,4
1200,11
800,6
1100,5
1000,11
900,7
3000,15
1500,8
788,4
1000,10
800,11
1350,11
2100,15
2000,11
10000,14
450,1
850,0
2500,7
1200,11
1500,3
788,1
1218,10
1200,8
400,0
1500,7
2000,13
1400,11
5000,15
2400,15
1800,11
6000,11
1200,11
5000,11
1400,11
3100,15
2900,11
11000,15
1600,11
3000,5
2400,0
2000,11
4500,13
1800,11
2000,13
788,5
1200,11
600,11
2800,15
3500,8
3500,15
1800,11
1000,8
900,4
1100,11
700,8
2200,5
6800,11
820,11
2500,11
2200,12
3800,14
980,12
4600,15
1800,15
3500,5
888,11
2000,11
5200,15
900,6
2880,14
3500,11
800,11
788,10
2700,11
800,5
700,8
1200,11
1350,11
1500,11
1360,11
3000,11
1400,11
0,15
1000,5
2000,5
1300,11
1300,8
3500,8
1200,11
1200,11
2700,8
1800,15
6000,15
1800,15
5000,15
100000,15
3000,15
10000,15
7500,15
12000,15
3500,11
13000,15
3000,15
930,11
800,8
1000,11
900,11
1500,8
1600,8
500,5
900,11
1100,11
1500,11
900,8
10000,4
1200,11
3000,15
1900,11
500,1
950,11
5000,12
800,7
2000,11
2900,15
2500,15
6000,15
3500,15
6000,12
3200,12
2000,14
1500,15
2000,11
5000,13
6500,15
20000,12
5000,15
4000,11
4500,15
4000,15
1400,11
3000,15
5000,15
10000,9
11000,15
3500,15
3000,15
2100,15
14000,15
6500,15
3500,15
3200,14
7900,15
8000,15
4600,15
5000,15
9000,15
10000,15
4000,15
6000,15
3500,15
7000,15
3000,11
5000,15
2700,15
3000,11
5000,15
3900,11
2600,15
2200,15
13000,15
13000,11
5000,15
4800,15
3300,15
4500,11
5600,15
788,8
3000,11
2000,4
2100,4
1800,11
2700,8
850,11
600,6
1200,11
1000,8
800,9
700,8
0,15
1700,0
2000,5
3000,4
8000,15
5300,11
2300,5
1000,6
800,6
1100,7
950,2
943,11
2500,11
4500,11
1000,4
788,11
788,11
1200,5
2500,11
788,9
2200,11
1600,8
1200,3
788,4
1300,11
788,11
2500,11
1200,8
900,8
500,0
788,4
3500,8
950,5
600,11
1045,5
300,0
788,9
788,3
1200,4
1350,8
1000,8
1800,8
1300,6
1000,3
2900,15
2400,8
1400,11
1600,11
1576,11
5500,11
1500,7
2000,8
1500,11
1100,11
1800,11
300,3
1100,4
1800,15
5500,15
5000,12
2000,8
1200,11
800,8
500,0
1200,0
500,4
1500,11
800,3
880,11
1400,5
800,6
500,11
1500,15
900,8
2500,11
3000,15
5000,11
3000,11
1600,8
1200,5
6500,15
2200,15
3500,15
16000,15
8000,15
5000,15
800,5
1000,3
788,3
1200,6
1600,8
200,4
4000,7
1000,11
1200,8
1500,11
2500,11
3000,8
2000,5
3000,15
600,8
3500,11
3000,11
9000,11
3500,15
1500,8
800,8
400,4
900,11
2000,13
4800,15
2000,14
2000,11
2200,10
600,6
800,11
0,0
600,8
300,6
1000,15
800,4
788,11
1000,7
600,6
1700,15
4000,0
2000,4
500,4
1000,0
1000,6
788,4
900,6
300,3
400,11
950,10
400,3
1100,0
800,5
500,4
1500,5
1100,5
3000,12
700,9
2200,11
1300,11
2000,11
1300,8
1000,8
1200,8
788,8
788,3
1000,11
2900,11
600,5
364,4
1000,10
953,8
950,11
1200,8
788,5
1400,4
500,8
1600,8
1600,11
1600,5
900,8
3500,8
950,9
100,3
2000,4
1800,6
2000,11
788,5
1400,10
970,7
90000,15
100,4
1300,12
2400,11
880,5
1400,11
1000,8
1500,9
1200,8
600,2
1754,8
788,4
1600,11
1200,11
900,12
1800,15
1800,11
3000,5
300,4
789,8
400,3
830,14
1500,8
500,10
250,4
788,8
3600,15
600,3
380,8
900,6
1300,11
1940,7
1098,11
450,2
800,11
1000,11
788,4
788,4
1800,14
2600,5
1322,4
1500,0
1300,6
788,3
788,5
1100,2
1800,8
788,2
788,5
1900,7
788,7
1900,8
1400,8
800,3
1000,8
1100,11
1500,9
788,11
800,11
1990,11
1800,11
2300,11
1600,7
1300,10
1000,12
1500,11
1800,11
800,11
750,12
788,11
2000,11
900,9
1300,11
350,1
1200,6
1200,8
750,2
1200,5
788,15
960,4
1000,15
4800,15
1800,11
5900,15
2800,11
1000,11
2000,15
2500,4
1600,11
2300,11
1000,11
788,8
1100,4
924,7
1600,8
600,5
2100,11
900,2
1200,4
788,7
788,7
1600,11
1000,8
200,8
15,0
240,12
788,8
788,11
788,8
1200,11
1200,8
788,11
788,5
900,6
420,8
1300,11
1000,8
1570,0
2000,11
788,11
1000,0
800,11
900,6
500,11
1500,11
2000,6
1000,11
1800,11
788,15
1000,11
1200,11
500,0
300,11
850,8
1200,11
2500,8
1400,11
1600,8
1800,3
800,4
1200,11
300,11
700,6
2400,7
3500,12
0,0
600,9
1088,11
1200,9
1000,3
500,3
1500,9
788,8
1200,8
1500,6
1100,8
980,8
1050,9
1050,4
700,4
600,5
790,5
1400,4
2300,11
2000,11
600,2
900,11
790,8
1370,11
1800,6
1300,8
780,4
2000,11
790,5
1000,4
1900,5
800,10
2100,11
400,0
1000,15
790,11
1400,11
2000,10
800,8
1200,8
1100,12
850,11
800,11
900,11
1000,11
1100,11
790,15
1600,11
1200,11
3000,15
1800,11
1200,11
2500,11
1400,11
1200,11
450,11
2200,7
1800,8
500,9
1058,14
2900,15
750,8
1400,11
1200,11
300,4
375,0
450,5
5000,11
1250,11
20000,15
4000,15
4000,15
800,11
1000,10
1300,15
20000,15
15000,15
1200,11
9000,15
1600,10
788,2
3000,11
1200,11
0,11
1200,8
4500,11
788,4
788,5
1000,11
3000,10
788,8
1200,2
788,6
1700,8
300,5
1500,11
300,4
2364,7
788,11
3500,11
800,3
2000,11
4500,14
5000,11
1600,11
188,2
1860,11
788,6
2500,4
2200,11
2000,8
2250,9
2300,11
4000,8
1100,1
800,2
1380,1
1200,11
1200,10
1200,12
6000,14
3000,15
5000,15
8000,15
1500,3
3000,15
800,8
750,8
1600,11
3500,15
800,8
800,0
2500,12
880,12
900,11
400,8
2500,11
900,11
890,12
5000,15
900,6
788,12
788,8
600,11
1200,5
4000,15
1000,3
1000,4
1000,11
1200,11
1300,8
2000,6
2400,11
1300,15
1500,15
788,8
3000,15
2000,15
956,12
1500,8
2000,4
940,9
2000,7
1500,0
1000,0
2500,5
3000,11
1200,0
270,4
800,5
2000,3
2500,11
3600,11
788,11
1000,3
2000,2
788,3
1200,11
3000,15
2000,8
1300,15
560,8
1400,11
2000,7
2500,11
788,15
3000,15
748,5
2000,1
4000,4
1000,2
880,8
780,4
1000,5
788,0
1200,8
788,2
3500,12
1300,9
1300,4
1500,0
2300,3
780,3
1100,3
3300,15
500,2
800,13
400,1
2500,11
1500,15
2500,5
1050,12
1300,11
980,11
2000,11
15761,15
2000,11
2364,15
1200,12
2500,15
15000,15
1500,5
10000,11
1400,12
788,2
2200,11
2200,11
2500,8
1400,11
2500,15
2900,8
788,5
1400,11
850,8
1500,11
788,5
1000,15
800,12
850,8
1200,11
1800,11
500,11
1500,8
5000,15
1600,11
3000,8
2700,11
2500,11
1500,9
3500,15
700,11
3000,11
5000,15
3000,15
1800,15
3000,10
788,2
1000,11
3500,11
3000,5
1300,14
788,4
1200,11
1200,5
1800,8
788,8
1900,13
1300,0
788,1
1000,5
800,8
950,8
1000,8
790,8
600,0
780,11
1156,7
1000,6
1260,3
600,7
1200,5
800,3
600,1
754,4
250,11
846,12
2100,0
780,11
1200,8
1500,8
2400,5
1500,11
3000,0
788,0
788,4
1800,8
1200,4
970,11
1500,11
700,7
812,4
10000,15
1225,11
788,15
1600,11
1120,8
1300,12
780,0
800,0
788,3
930,7
900,0
140,11
550,11
800,11
1300,4
1600,11
35,0
4000,0
788,3
780,4
875,11
2000,5
1350,10
788,12
300,9
1300,11
1776,11
800,4
500,2
200,3
1200,4
1000,11
1800,11
788,11
1000,0
1500,2
1350,11
1000,0
1000,5
1600,12
1200,2
480,11
788,8
900,0
1800,6
1400,11
1200,11
1300,9
800,4
788,0
1200,8
1114,7
1000,11
980,7
2500,11
4000,11
3000,11
1300,11
1200,14
5000,11
2200,11
4500,15
2000,11
480,12
789,15
789,11
1000,8
1500,3
980,11
500,8
1500,8
1600,8
800,8
2000,8
1000,3
980,0
788,8
1600,11
789,8
1200,8
2000,6
1400,7
1950,14
3500,15
1200,4
788,7
1500,11
2000,15
2000,11
2500,15
4000,10
3000,11
788,3
2000,11
2500,14
5000,15
1200,11
788,11
900,11
1500,11
1500,11
1200,11
1000,4
788,8
1200,11
2500,11
600,5
1576,15
788,3
1576,8
1200,8
1000,5
1000,10
1500,11
1200,10
788,11
1000,11
400,5
3000,11
788,11
1080,7
1400,11
800,8
2500,15
900,7
3000,15
2100,11
2200,11
2000,8
1576,11
1576,8
3300,15
500,8
1100,5
1576,8
1300,11
950,8
700,10
900,8
900,9
500,4
950,10
3000,11
1000,10
1500,4
2000,11
1500,11
3000,11
1500,11
600,8
1600,11
1500,14
1500,11
2000,15
788,10
788,8
1500,5
960,8
600,0
700,3
1500,9
920,8
400,0
2000,6
1576,7
1576,11
788,8
2364,13
1576,11
1576,11
850,9
2300,11
1400,11
950,6
1400,11
1600,7
1000,5
700,5
1200,7
1350,9
1700,5
1500,11
900,4
1500,11
1000,3
1700,12
1600,11
1000,11
1500,11
1300,11
1300,12
1300,11
900,7
2500,11
1200,2
1200,10
800,8
1500,11
4000,11
1200,11
1300,11
1500,11
1300,11
1000,5
500,0
900,3
1000,7
1300,11
1400,5
850,7
950,5
1400,6
1300,8
924,11
2500,8
1500,8
2400,8
1800,6
2500,11
2300,8
1576,11
1000,5
1500,11
900,5
1500,8
1400,8
1300,11
1800,8
1800,11
1600,15
900,11
1300,9
1000,7
800,8
1500,8
1700,11
600,6
400,4
500,4
1500,9
700,4
600,8
1200,11
1700,8
1600,8
800,5
1400,8
1100,8
1000,7
1400,4
1200,5
1200,7
1500,5
1300,11
900,10
1500,8
1600,8
2700,11
400,4
1700,11
1400,13
1800,8
2500,11
1800,11
1500,7
1000,4
2000,1
1000,7
2500,8
980,7
1500,3
700,4
2000,11
300,2
1500,9
1200,11
1200,11
1400,5
1400,3
1100,2
1000,7
1600,10
1500,11
900,7
1800,15
1000,6
1400,11
700,8
1200,8
800,5
1200,7
1500,12
1000,5
1200,6
1200,6
1200,9
1200,10
1500,7
950,6
950,8
1300,8
350,9
1180,9
1500,11
1100,7
650,4
500,4
800,7
500,0
1500,8
900,7
1500,11
1300,11
2800,15
1800,8
2500,8
2000,11
2500,12
1600,11
3000,11
1500,7
1576,6
2000,12
500,5
1500,11
1200,8
1200,12
1800,12
1000,11
1400,11
1800,7
1700,11
1500,5
1500,3
1200,9
800,4
1600,8
1500,6
1200,8
900,5
1500,9
700,9
1000,11
1500,10
1500,8
1200,8
1200,8
1800,7
2500,5
1300,4
1400,11
2000,11
2000,11
2000,6
2400,11
1200,9
1800,12
2500,15
1900,7
2300,7
2500,12
2400,11
788,8
500,4
3000,11
2040,8
1950,8
500,8
900,4
800,11
1000,11
788,5
3940,15
2000,15
5000,15
2500,10
500,0
600,5
9000,9
1200,6
3300,11
1144,9
840,8
1000,0
700,15
1600,11
5000,15
4000,12
9500,15
1200,9
850,9
2100,5
1750,11
700,3
500,2
2000,11
3000,15
1900,4
600,11
1400,15
1600,11
600,4
1500,4
1200,10
800,11
1500,0
1400,11
800,11
1600,4
1200,11
1800,8
200,1
1500,11
800,7
800,7
800,3
2400,9
1000,1
850,11
2500,15
2500,8
150,8
800,6
2000,7
800,5
788,11
1300,8
1000,4
1200,11
788,0
800,11
1200,8
900,15
800,11
1400,9
1200,8
788,8
900,3
900,11
2000,9
2400,11
2500,11
2500,11
4000,15
5000,0
1500,11
3500,12
788,0
4000,15
788,15
1900,15
6000,14
788,9
788,11
400,12
1500,11
788,4
788,12
900,4
788,12
1500,3
2000,11
800,11
2000,11
1200,15
1200,11
788,8
2500,15
750,8
788,11
1500,8
1500,11
1000,11
788,11
200,5
1800,12
2500,7
1500,8
2500,8
900,8
1200,0
1200,15
1500,8
1300,11
2300,11
3000,11
500,2
500,4
1830,11
150,7
350,6
1200,5
500,6
500,6
1500,10
300,11
900,8
2500,0
900,8
3500,11
1450,11
6000,6
1300,0
788,0
2000,11
960,11
1200,8
1200,0
1500,11
2500,15
1200,4
1600,0
1200,11
1500,13
6500,11
16000,15
10000,15
32000,15
1100,6
3900,15
10000,11
900,12
850,11
9000,15
1500,15
1200,11
1700,11
5100,15
788,5
2000,8
1576,8
1100,10
1576,11
800,0
1000,4
900,4
820,0
1500,11
1300,4
1100,3
788,2
1224,8
1200,5
200,7
1300,13
5100,14
3000,8
5000,15
1538,11
2500,13
2000,15
1150,11
9000,15
1370,12
1200,8
300,0
600,0
788,5
500,8
1300,8
1076,11
980,11
788,7
980,0
800,4
788,4
1250,3
2500,7
1000,11
1000,11
700,11
600,5
1110,1
1200,2
150,5
200,0
200,4
1200,7
4000,6
750,11
788,2
1000,7
1197,7
1500,4
1000,11
1200,8
1500,7
750,8
3800,8
1260,5
800,4
1200,2
1800,7
1000,7
1400,11
980,0
2800,4
1100,0
1500,5
500,11
2300,11
1400,8
1500,11
2600,11
3500,11
1022,1
3200,8
1960,11
1200,11
1200,7
3000,11
789,0
750,5
1500,15
800,5
1200,11
788,6
35000,15
1500,11
1577,11
2800,15
5000,10
4000,15
6000,11
900,8
3000,15
1200,7
1576,12
2000,6
3000,8
2000,4
5500,12
890,4
1200,11
1000,11
9400,15
5000,11
788,11
10000,14
1200,11
800,12
1800,9
3200,11
1100,10
3000,11
600,10
600,7
400,10
788,11
1500,5
788,6
2000,8
1600,5
800,8
1500,8
1000,8
300,3
788,0
4000,13
2300,2
815,15
840,15
1500,11
746,0
788,3
1000,5
788,7
2000,11
788,4
1000,3
788,5
2000,4
2500,15
500,5
950,11
788,7
1300,11
1300,12
1500,3
1300,8
800,8
3500,15
1200,3
3900,11
3800,11
1200,0
2000,15
3500,15
1200,8
2000,0
1300,4
1400,6
2370,8
2200,5
1058,8
1850,11
1500,11
788,0
1000,8
2200,0
1800,5
180,6
1300,11
1500,7
788,5
2300,14
500,1
1400,0
1500,10
2100,12
1500,8
1000,5
1500,11
788,4
788,9
1500,5
4000,11
1700,11
1300,11
1500,11
788,8
2000,11
1200,15
1035,11
1000,5
2500,13
2300,11
788,3
1300,12
5000,14
700,15
4100,13
6000,15
1542,6
2000,8
4586,15
1800,10
3000,11
2200,8
1200,3
1200,12
800,10
1600,12
2500,0
1500,8
788,5
3000,15
4000,15
2000,5
4500,15
5000,15
5500,15
4000,15
400,4
5000,11
1000,4
1600,11
2300,15
788,11
788,5
850,7
700,5
700,0
3000,11
1600,8
1200,10
788,11
980,10
300,9
2200,15
2300,11
1500,12
800,6
3500,8
800,9
788,12
1200,13
2000,11
1100,15
788,8
1500,8
400,9
500,6
2300,15
800,12
1800,15
2300,12
0,0
1800,12
1200,8
2000,8
1580,12
1200,15
2000,12
1000,8
788,9
800,8
3900,10
1200,8
2300,12
1300,12
788,11
3000,8
600,11
2360,12
930,11
8000,13
1500,15
1000,11
1500,1
3000,15
300,8
800,8
800,5
800,11
700,2
500,10
3000,8
500,9
2000,11
1040,5
1000,12
400,5
860,11
1800,0
2300,8
1500,11
788,8
20000,15
2000,15
1500,11
720,8
5000,13
1200,11
788,11
788,4
2000,11
300,11
1100,11
6500,11
3500,11
1600,11
500,4
1080,11
3000,11
5000,15
4000,11
4000,7
4000,11
1200,4
4000,4
800,5
1000,11
1500,5
1200,8
0,0
1500,11
2000,8
3000,11
2700,12
1400,9
2500,15
2000,15
6000,15
1200,11
1400,11
600,5
900,10
4000,15
500,8
3000,15
1000,12
850,0
1900,11
250,3
750,11
700,11
1500,0
790,11
2700,15
3300,11
3000,11
800,11
800,4
1600,11
6500,15
450,0
1200,6
900,11
500,4
3000,11
2000,11
1200,11
2800,6
1000,15
3450,11
1000,0
2800,12
1400,11
1100,10
3000,5
3000,11
1600,15
800,10
1500,11
600,3
1100,10
430,12
1200,14
800,11
2580,13
450,12
2300,12
1800,10
1200,12
1000,5
850,6
2200,12
2005,5
3500,13
800,4
900,10
500,2
1150,10
2500,8
788,7
800,5
1050,5
2000,10
2400,8
1150,8
1600,4
790,5
4500,15
2500,15
1500,11
788,10
1500,4
788,11
2000,4
20000,15
4500,14
2000,15
2700,11
5000,15
1500,13
0,15
2500,15
3500,11
6000,15
2500,12
6000,15
1200,8
10000,6
2500,15
30000,15
43000,15
0,11
18000,15
4000,11
1000,15
2000,15
3000,15
3000,15
7000,15
12000,15
2000,15
8000,15
4400,15
3800,15
7000,15
6000,15
8000,15
2000,11
2500,15
1600,14
1300,12
5500,15
3500,10
2600,12
1800,13
1200,13
2500,11
35,8
6500,15
5000,15
4100,11
1850,11
5500,15
2900,13
788,4
8000,15
4000,11
1500,15
3000,11
788,8
2300,8
4128,15
6305,15
3200,12
4500,15
2700,15
5500,15
900,11
5000,13
19000,15
2880,12
5500,15
1800,11
6000,15
6000,15
5500,15
3000,11
10000,15
300,0
2500,4
1100,2
1200,8
1500,4
2500,3
1250,8
1200,12
1800,12
450,10
850,8
950,5
800,8
2500,11
11000,11
11000,15
2300,8
3200,11
4990,15
16000,15
2000,15
600,11
6000,15
2000,4
3200,15
5900,15
6000,15
20000,15
2200,11
2500,15
3510,14
25000,15
15800,15
8550,15
10000,15
23000,15
788,11
1500,11
1000,8
1000,1
1850,6
1300,5
1200,11
1600,5
1500,8
1800,6
395,15
6000,15
1000,11
1100,4
3500,15
2000,10
800,4
788,12
1000,5
1999,6
900,7
2800,4
1300,4
1600,8
1500,10
850,7
395,5
788,2
2500,11
600,5
3000,11
1000,8
1500,11
1056,8
2000,11
800,6
788,2
900,5
3500,11
1200,15
1100,8
2400,15
1000,6
1300,8
800,7
2300,15
800,4
900,5
900,8
400,4
400,5
1028,5
1000,4
1200,4
788,5
1576,8
788,11
1600,6
1500,5
600,7
1800,15
2000,11
500,11
2200,15
2000,15
2200,12
2800,11
3800,15
2400,8
2400,15
2400,15
4000,15
3000,15
3000,11
2500,12
2600,12
1000,4
2000,10
1000,12
1500,15
2200,15
1700,15
2000,11
2000,11
788,11
788,8
1300,15
2300,8
1000,8
800,4
2000,8
3600,11
788,15
1500,1
1600,10
300,6
200,0
1400,8
2000,15
2000,11
800,2
1600,12
1250,11
900,2
2200,11
1600,8
2000,11
3500,15
1200,11
1000,0
2500,13
1500,13
1500,11
3900,10
1540,11
1750,8
1452,7
2600,11
1450,10
1500,10
790,15
1000,10
1500,0
900,4
5000,15
1600,8
400,7
788,6
1000,4
1000,4
1800,15
788,11
1560,12
1500,11
788,0
788,8
1520,11
1220,8
1525,10
7500,12
788,11
1600,0
788,8
1550,4
1510,1
1520,4
788,11
1100,11
3000,11
2000,11
788,11
400,11
1400,9
1600,6
1300,11
788,4
1800,5
978,15
1800,11
1300,5
1500,8
1200,3
1500,11
1900,11
1500,7
1800,11
2000,11
1200,11
1200,11
1050,5
1000,11
1350,8
1200,8
1000,6
788,11
1900,13
700,10
1800,15
900,8
1600,11
1400,6
1280,4
980,8
600,0
980,8
2000,6
988,11
1650,11
800,0
700,11
1280,11
1368,3
1400,8
400,8
600,8
1600,15
1500,1
2200,1
1200,11
3500,8
2080,8
700,11
1000,8
1300,8
600,12
1500,8
1000,12
1200,12
2000,8
1300,8
1800,8
1200,4
1800,0
1800,15
1500,6
1800,5
2200,8
1900,11
1600,11
1300,11
500,8
1580,10
600,8
1900,11
788,11
1000,8
1600,8
1900,8
300,10
1090,8
2200,10
1300,8
1500,12
800,0
1500,7
1000,3
1500,12
1500,0
1600,10
1600,12
1600,7
1200,4
1400,7
1800,7
1300,7
2300,11
600,8
2000,4
2300,8
1320,4
2300,6
1600,8
1500,8
1200,0
1500,11
788,8
1400,8
1500,5
1200,12
1000,8
2500,12
1800,7
1200,12
1350,12
2000,6
1500,11
2000,5
2000,15
700,0
1500,15
1300,8
1700,11
1200,1
2300,4
3500,15
2400,11
2500,11
2400,11
10200,11
1900,11
1400,8
1110,8
2100,15
800,10
1100,5
700,0
1600,15
2000,11
800,11
1600,8
1600,11
1580,11
750,11
790,1
1600,5
1500,11
700,8
1200,11
500,5
1800,4
400,2
900,8
1700,11
1600,11
700,11
600,5
800,10
5670,10
1600,11
1020,10
1500,10
2180,11
1560,12
3900,7
788,12
1500,12
2230,3
788,0
1100,12
788,10
550,11
1800,12
1250,8
5600,12
1520,11
2400,15
1000,5
0,8
788,2
1000,11
300,8
890,0
1000,5
788,8
788,11
1300,8
1600,11
1100,11
1200,8
1100,4
250,3
980,7
900,8
788,0
788,5
1500,7
788,8
1200,8
788,4
1510,10
788,8
1520,4
788,1
2570,11
2200,12
2000,11
4000,15
3000,15
394,11
1000,4
788,11
1000,4
520,8
1200,11
800,14
4000,15
788,8
788,11
1100,8
788,7
1500,11
900,10
1000,15
3200,14
13500,15
900,15
4500,15
2100,11
6800,15
1045,4
3000,4
5000,15
3000,14
1600,11
1800,11
2000,5
2000,4
2000,11
1800,11
910,12
1200,15
916,8
2600,15
5000,14
10000,11
788,8
500,11
1200,8
300,11
840,11
1200,11
550,8
600,4
788,0
1000,8
1500,11
900,11
1100,4
1300,5
788,6
1200,11
788,10
1200,8
1000,11
20000,15
10000,15
800,11
2300,14
500,5
1100,2
1800,8
1200,8
1000,0
1000,12
900,15
800,7
995,4
1200,11
1200,3
920,8
250,10
2750,11
900,8
1200,8
860,12
5000,15
2000,11
788,0
1000,8
2000,8
1990,11
900,4
724,3
1500,3
1600,8
1800,11
900,4
3500,10
1650,8
1300,5
1061,4
1180,5
1100,5
1800,5
1500,5
1000,0
1200,4
3000,4
3000,11
1300,8
1500,4
1200,8
1200,4
2000,11
2250,11
1500,5
2000,8
600,2
1200,4
2000,2
1400,10
6000,15
1550,8
3200,0
980,4
800,11
2500,11
1200,5
800,7
789,15
800,0
789,11
0,8
4500,15
2000,13
1600,15
5800,11
6800,11
800,0
400,0
2700,11
2500,11
800,5
850,4
800,12
800,0
4500,11
900,0
6000,15
400,8
1200,7
800,2
788,5
1200,15
1200,8
2000,8
1000,11
800,12
4500,15
1200,3
3000,11
1800,15
350,3
1200,11
900,4
1100,11
1200,15
4500,15
1200,8
500,4
800,4
900,8
18000,11
1000,11
788,3
500,7
1000,11
50,3
788,3
250,4
1300,0
600,4
1200,4
1300,3
1000,0
900,4
1000,5
788,11
900,5
1200,10
400,0
1100,4
200,0
1800,11
1200,8
400,2
1400,11
1036,11
100,0
1838,8
900,5
1018,0
810,8
1121,4
500,0
850,5
5327,13
800,0
2364,11
900,8
2400,14
789,8
1700,8
1400,8
1500,3
10000,11
1400,11
1550,8
1200,2
1200,11
2500,8
1280,11
3000,11
1800,8
950,11
2300,15
1950,12
1400,7
2300,4
1300,12
950,8
1700,0
4600,11
1900,11
1900,11
1500,11
2700,11
1100,11
900,11
1200,11
900,8
1000,11
1150,15
3500,11
1650,15
1600,15
1200,11
0,5
4000,15
4000,13
1800,11
2300,15
3000,15
4000,15
2000,15
2300,15
4300,13
1380,15
3500,11
1800,11
2000,8
1350,11
800,6
950,4
2000,8
2500,11
1100,11
2000,11
600,8
1000,0
953,7
7000,11
4500,11
0,11
3800,15
1400,11
3000,15
4500,15
6500,15
2000,12
1600,13
4800,15
900,8
1200,5
1500,5
1200,7
900,8
700,3
1300,5
1000,0
1500,0
900,8
2500,8
1800,8
3000,10
1576,11
900,13
0,2
1200,4
1500,5
2000,13
1900,15
1500,11
100,5
2600,15
800,5
5000,15
788,8
788,14
788,6
2000,7
788,8
900,2
1000,3
2500,15
3000,5
1000,5
1100,15
1200,6
1577,4
950,5
1200,8
1300,8
600,10
2000,11
960,8
1700,11
1000,5
788,0
600,4
788,6
1000,8
1000,11
1200,5
1100,8
400,1
850,1
1200,6
1000,11
10000,11
3000,15
2000,9
1500,11
1000,4
1600,4
3000,11
2000,11
1200,11
2800,13
1031,7
1800,0
1800,11
1000,4
1000,5
2500,12
1800,15
3000,7
600,7
1200,11
1200,11
5000,11
1000,8
500,11
950,8
970,11
2000,7
746,12
2500,8
2000,14
1200,0
1600,8
1600,8
1300,15
1700,0
2800,11
1000,15
500,8
2000,1
1900,9
1500,11
200,5
3000,12
2444,5
788,5
1200,11
615,13
3500,11
2500,15
1400,13
2000,15
4400,15
1800,11
2600,15
1400,11
2500,15
2550,11
1926,9
970,10
2100,11
550,11
3000,11
900,15
750,6
800,8
1400,7
900,0
1600,8
1300,3
1200,8
2800,11
1000,2
15000,15
10500,14
5800,15
18000,15
700,12
1200,12
1200,15
2500,10
1700,15
2200,11
4000,15
1560,15
7000,15
7500,15
2500,11
4000,11
6000,15
4000,15
2000,8
1100,15
2600,8
1600,0
2000,11
700,0
1000,11
1075,12
1500,11
1250,8
1200,11
1400,10
1076,11
5000,14
990,11
500,8
2500,11
1500,11
4500,15
4000,15
6000,15
8000,15
5400,15
3500,15
6000,15
1600,15
6000,15
3500,15
2300,11
4000,15
10000,15
4100,15
4000,15
4500,4
7000,15
4000,15
2300,15
2000,15
3000,12
3900,15
1100,0
3500,11
15000,15
788,0
910,11
900,11
300,3
800,11
1300,12
1500,7
2100,11
550,12
5000,8
15000,15
5000,15
15500,15
9500,15
9000,15
7000,15
3000,15
7300,15
4000,15
6000,0
3500,15
6000,15
10000,15
2000,15
7800,15
8000,15
4000,15
7700,15
4500,15
4000,15
600,15
9000,15
6500,15
15761,15
5500,15
10000,15
2200,15
9000,15
9000,15
1200,11
5800,15
8000,15
7000,15
4500,15
8000,15
3500,15
1576,8
1700,4
1500,15
1600,8
2400,15
1500,15
1500,12
7800,15
3800,15
2000,0
1600,14
1200,4
12000,15
4100,15
16000,15
7000,15
20000,15
21000,15
10000,15
7000,15
2000,11
14800,15
5000,11
25000,15
6600,15
800,8
10000,15
10000,15
1200,2
1550,11
1300,11
10000,15
6000,15
13000,15
7000,15
2200,15
2500,15
15000,15
3500,15
9200,15
5000,15
6000,15
5000,15
10000,15
6000,15
3000,11
3000,15
1200,15
2000,15
7000,15
3500,15
2300,15
2000,15
4000,14
30000,15
600,11
15000,15
10000,15
2000,11
17000,15
7000,15
6000,15
6000,15
1500,15
10000,15
13000,15
3000,15
15000,15
1500,15
14900,15
7000,15
5000,15
50000,15
5000,15
6000,15
19000,15
20000,15
8200,15
7000,15
7000,15
3000,15
5000,15
15000,15
6000,14
1200,11
12000,15
1500,15
40000,15
8000,15
10000,15
5000,15
7000,8
30000,15
6000,15
6000,15
10000,15
25000,15
6000,15
10000,15
5500,14
12000,15
6000,15
6000,15
8000,15
5000,15
5000,15
20000,15
1900,4
35000,15
0,15
1800,2
20000,15
50000,4
100000,11
8000,15
80000,15
1300,11
0,15
1430,8
11000,15
3200,15
800,5
7000,15
8000,15
2080,4
7000,15
3500,12
200000,15
120000,12
3000,11
15000,15
33000,15
10000,15
20000,15
18000,15
35000,15
30000,15
20000,15
40000,15
60000,15
15000,15
15000,15
14000,15
10000,15
18000,15
6000,15
5000,15
10000,15
18000,15
2000,15
0,14
10000,15
22000,15
12000,15
4200,15
10000,15
25000,15
20000,15
1100,11
12000,15
10000,15
1000,0
25000,15
13000,15
6800,15
1400,11
2000,6
2000,11
2000,15
800,11
3940,10
2000,5
1500,12
4000,12
5000,0
4000,11
2300,12
5000,15
1500,11
2000,11
4000,0
4000,8
4200,15
1200,15
3500,11
3500,13
1400,2
1200,8
2800,15
2000,12
12000,14
3900,15
5200,13
5700,15
4000,15
4000,11
2200,15
4000,15
7000,15
3000,15
4000,15
5000,15
3000,15
1300,15
5000,15
5800,15
6000,15
3000,15
9000,15
1200,15
10000,15
2000,11
7000,12
4000,15
3100,15
5000,15
5000,15
5000,15
1000,11
3500,15
2500,15
4500,15
4800,8
2500,12
4000,12
4000,15
12000,15
6900,15
2800,14
4200,15
3000,15
2000,12
5000,15
6500,13
7500,15
1000,15
2650,12
2000,15
4500,15
2000,15
5500,15
2600,12
5900,15
2000,15
5400,15
2000,12
2400,11
1800,15
900,11
1600,0
900,11
1340,11
2000,0
2000,15
10000,15
6000,11
15000,15
6000,15
2000,11
1300,11
15000,15
395,15
1500,15
1060,1
6500,15
1300,11
1800,3
7200,15
8000,15
1000,8
3200,11
3500,15
2800,11
4500,15
1600,4
3800,15
5300,15
1200,10
7000,11
1600,5
1200,8
4000,15
9600,15
10000,15
9000,15
14000,15
7000,15
3500,15
4200,15
1100,7
10000,15
3500,11
9000,15
2200,12
5500,15
4000,15
8000,15
6000,11
2000,11
10000,15
1400,11
1700,11
3300,13
8500,15
9500,15
4800,15
12000,15
1100,4
3800,14
6000,11
16000,15
3800,11
2000,15
4500,15
2500,11
5000,12
8000,15
0,0
15761,15
1500,12
1200,5
600,2
1000,11
1200,5
1100,11
1200,12
1380,7
1500,0
2980,13
1900,11
1000,11
3000,11
800,8
1200,11
2400,0
10000,15
1200,11
1100,7
3500,15
788,4
2300,11
960,11
1500,11
1300,6
3500,15
2000,13
1500,15
3000,15
1500,5
250,4
0,11
2000,8
2670,15
1600,11
1600,11
900,0
2000,15
5500,15
2500,11
1500,8
5000,15
2000,15
1800,15
1100,15
1200,11
1200,2
1800,15
1300,11
950,3
1200,11
1400,11
1500,12
2650,12
1500,11
1800,15
1400,4
788,0
1200,4
1200,6
800,5
5000,3
1900,14
980,8
1200,11
900,10
600,0
788,8
1200,0
2500,13
788,4
500,8
1576,3
1800,11
3000,7
3000,14
1187,5
788,8
2000,8
1100,11
3500,15
1600,11
0,15
788,11
980,14
810,8
1000,8
1580,12
1300,11
1114,6
3000,7
2000,15
2000,7
3900,15
2200,15
3500,8
1600,15
1600,7
976,11
1500,12
6000,11
2000,11
1200,11
1300,10
3200,15
2900,15
1320,4
2100,15
1500,14
2200,15
1300,11
1000,11
1050,11
500,8
980,11
950,8
788,4
900,11
2500,15
2000,11
1800,11
1050,11
950,9
1280,11
1350,11
1500,11
2000,15
3000,11
2000,11
2500,11
1200,11
2500,8
1000,13
1182,8
5000,15
4500,15
4500,15
4000,15
3000,15
4500,11
3000,11
3000,15
3000,15
1576,12
1000,8
1000,11
1600,11
1100,8
400,4
750,10
1320,11
600,8
788,11
800,11
900,10
2000,11
1500,11
0,10
2000,11
1000,10
1450,11
1000,12
1500,11
4000,15
4000,15
1000,8
3000,11
1100,11
14000,15
3000,15
1800,11
5516,13
2000,11
1697,15
1300,15
1800,11
4000,0
7880,15
13000,15
8000,15
5516,15
1576,11
4500,15
4000,15
1300,11
5000,15
1600,8
3152,15
7880,11
4728,15
4000,15
840,9
800,15
5000,15
2000,15
1800,6
3000,13
1350,11
3500,11
2000,15
2000,15
3500,15
1100,11
5300,11
2364,11
3000,12
1576,11
3500,8
7000,15
2500,15
2364,13
6000,15
5000,15
7000,11
2000,14
1000,15
5000,15
3000,15
3500,15
6000,15
1300,11
1200,8
1500,8
1000,11
1500,11
3000,15
2500,11
1700,11
980,8
1500,11
4000,11
800,11
6000,8
800,5
1598,11
1400,11
1200,8
600,8
788,11
788,11
400,10
1200,7
2200,15
1800,15
1395,11
1540,11
1500,11
1100,11
2500,11
3000,14
4000,15
5000,15
3000,15
5000,15
4500,15
3500,15
6304,15
3000,15
1576,11
3000,11
3900,9
1300,11
2200,11
2000,6
2300,15
800,12
3000,15
1500,11
850,12
700,11
2000,15
1100,8
1500,12
900,11
1000,12
1200,12
1800,15
1600,12
1500,8
950,12
2300,15
1300,12
1500,4
3500,15
2300,12
2000,0
1300,15
1187,13
1500,11
1100,15
1200,11
3000,8
2200,13
2000,15
1250,12
1350,15
2200,8
1200,11
4000,15
3000,15
1200,11
4300,11
2000,11
2000,8
2000,11
2000,11
1500,14
2800,8
1500,14
2000,11
5000,15
1800,11
1400,11
6000,11
3500,14
1000,3
1400,11
9500,13
450,11
2000,11
1000,14
3000,11
1200,9
1600,8
1700,3
788,4
1490,11
800,9
1400,11
1100,0
788,11
700,0
2600,11
4000,15
800,11
800,11
800,8
2100,15
1500,8
1500,11
800,15
1500,11
2000,11
2200,13
300,11
800,11
900,11
1200,12
8000,11
1000,11
2000,15
700,11
788,5
1000,11
1170,15
1900,11
788,4
700,0
900,5
600,8
1500,11
900,7
1500,8
1000,10
1000,11
1000,11
1280,8
1576,4
1000,11
1500,11
950,8
5500,12
4000,11
1400,10
400,11
1600,8
3600,11
4000,11
2300,15
4800,11
6000,8
788,11
3000,11
900,11
788,11
800,9
2000,15
1300,5
1000,8
1900,11
900,11
1000,11
2000,11
850,11
2300,12
1600,5
300,11
2300,8
1200,11
1800,11
1200,11
1300,8
1100,8
1000,7
1500,8
788,8
2000,11
3200,15
2000,11
2500,11
500,11
5000,15
1200,8
1150,10
1500,11
3000,11
820,11
1200,12
1350,15
2000,4
850,11
2700,11
1100,5
1000,15
850,14
3000,11
4500,15
1200,8
2000,15
2000,11
3000,11
2000,7
3000,15
1000,8
4000,15
1500,12
3000,11
1000,5
1200,11
4000,11
2000,8
1450,11
1000,7
600,8
2200,11
800,11
1000,10
1500,11
2500,15
700,4
3000,14
1200,6
3000,11
2000,11
1600,11
2000,11
6000,15
3500,15
4000,15
7800,15
1250,11
7000,15
788,4
3000,13
1200,11
5000,15
1200,8
1200,11
1900,15
2000,15
3500,8
500,11
788,11
1500,11
8000,11
8000,15
2000,15
788,12
10000,11
1500,11
5000,15
950,15
3200,12
2000,13
400,10
120,11
2500,0
3000,8
2200,11
900,11
4000,11
4000,13
7000,8
400,8
1000,12
2000,15
15000,11
1577,11
2500,15
2000,11
0,11
4500,15
2364,11
3000,15
5000,15
8000,15
2000,15
8000,11
10000,15
4000,15
2365,11
1432,11
1600,15
1300,7
2000,11
1200,11
1000,8
9000,15
2000,15
2300,15
2000,11
4000,15
5000,13
6000,15
4800,15
4500,15
4000,11
7000,11
2000,11
2500,8
6000,11
5000,15
1400,11
17000,15
5000,15
3000,0
8000,15
7000,15
14000,15
5000,15
4100,15
1200,0
3000,11
5000,11
5200,15
5000,15
5000,15
8000,15
3800,11
4000,11
1000,11
3500,11
3000,15
3900,11
1500,11
7000,15
1029,11
2400,4
4000,14
800,12
2000,15
788,10
980,6
1200,3
1200,10
1200,10
900,8
700,12
1100,8
2300,7
3500,8
788,11
1300,15
1500,11
8500,15
7000,0
400,8
3800,11
7000,11
2000,11
1500,0
1300,11
1480,12
3000,15
5000,15
2000,11
1800,15
3000,15
15000,15
3500,15
900,10
1070,4
10000,11
1000,5
788,10
1200,8
1000,4
1010,9
1500,11
1500,2
1400,8
1200,10
788,4
1100,8
1400,7
835,7
1576,9
1000,11
2000,11
2000,7
800,4
788,11
1576,11
1600,11
750,5
788,6
5000,15
30000,15
3000,15
2000,15
13000,15
1000,15
16000,15
12000,15
2400,15
1000,5
20000,15
20000,15
3000,15
5500,14
13000,15
16000,15
4000,15
3000,15
1200,11
5000,15
1500,5
820,11
924,11
2000,6
600,5
2000,15
900,7
1500,11
700,0
1300,3
1200,9
790,11
1500,11
1300,6
1400,8
1200,7
1200,2
1500,5
1400,6
4000,0
1200,11
700,9
900,6
790,8
7000,14
500,15
5000,11
8000,15
10000,15
7885,15
10000,15
6000,15
5000,15
13000,15
7000,15
8000,15
10000,15
800,8
1100,4
800,6
1100,9
1100,1
400,5
1100,2
1200,11
4000,12
800,12
2000,15
4000,12
6000,15
3500,11
1300,11
3200,14
2000,11
2200,8
250,0
2700,13
2300,15
1500,4
4000,15
3000,15
788,11
788,7
0,4
1200,6
300,5
1250,11
1100,15
1900,11
3940,11
1150,11
815,7
1300,11
1550,6
3000,5
1215,7
4350,11
2200,11
40,5
50,4
788,15
1830,11
2100,11
1018,11
2400,15
1520,15
1000,11
1576,12
3596,15
1430,11
788,11
2200,9
1200,8
900,11
1200,11
1300,11
1600,11
600,11
788,4
4000,8
3000,6
1400,11
1500,8
2000,11
900,8
788,8
3000,11
12000,15
2000,15
1900,11
600,4
2000,11
1000,8
4500,11
1500,11
1500,11
3500,13
2000,11
1576,11
950,8
800,8
800,2
1576,11
1000,2
788,11
1200,11
800,2
1100,15
1700,11
1600,11
4000,15
1700,15
1100,7
1260,8
1250,11
840,11
800,0
1230,11
2364,11
3000,15
1039,11
400,3
1500,15
1000,11
1500,8
2500,13
3000,11
2000,11
1900,11
2000,11
2330,11
4000,8
1100,8
6000,15
1500,8
2000,11
1200,11
4000,15
2000,8
1800,11
2000,11
2000,11
1000,11
788,8
788,8
600,4
1000,5
1000,0
800,10
2800,4
1400,4
2000,15
2000,11
800,11
900,11
1000,11
900,4
1000,4
300,0
1200,5
900,4
400,11
1200,11
2000,11
1800,11
2700,0
2000,8
2300,8
1400,11
2200,15
1800,11
200,11
600,4
3100,11
6500,15
1200,15
1700,15
1200,11
3500,15
1600,13
3000,11
600,8
1500,11
1200,11
1300,10
1000,8
1500,11
1524,11
3100,11
1850,8
3200,15
500,4
1900,15
2780,11
1250,4
788,10
399,10
2500,11
1200,11
1580,15
2500,11
2560,5
800,11
500,9
1200,8
1650,8
2500,8
15000,15
4000,15
3800,15
600,15
1500,6
1200,8
1196,11
2000,10
5680,15
1200,8
2800,11
1600,10
3000,11
1700,13
3000,11
2500,5
1500,11
1600,11
1000,2
1576,15
2500,15
800,8
5500,11
3500,11
3000,11
5000,11
2350,0
2500,11
2500,11
7000,11
1400,11
5500,15
920,4
1600,9
11300,15
1000,8
788,11
1200,11
150,8
3500,15
1700,10
500,11
1400,11
2000,11
500,5
800,11
2000,15
1300,15
1200,8
600,0
500,11
1300,11
788,2
4000,15
3000,11
1500,0
3500,11
1300,11
600,8
1576,8
950,10
1700,8
800,7
950,8
950,11
2500,11
900,11
750,5
1000,6
1236,8
550,0
1500,14
290,6
820,11
1350,6
650,10
980,10
850,5
1200,3
4200,12
788,9
2100,15
1553,8
450,8
1800,11
855,11
788,8
1990,8
1200,11
5800,11
788,15
2500,11
3500,11
3000,11
4000,15
808,8
1550,11
1500,0
1400,11
850,11
7200,14
3250,11
300,8
800,11
870,14
3200,11
1522,13
7000,15
1500,11
2500,11
2500,11
1200,10
1000,11
1500,11
1250,11
1350,11
1000,5
1200,0
850,8
1300,11
2100,5
3000,11
1200,13
788,15
4200,12
3000,11
1500,11
4800,15
788,6
1800,15
400,4
1000,2
1100,5
1000,8
800,5
1100,8
788,3
1200,9
788,5
900,7
1500,6
1800,8
781,11
1200,0
1600,11
700,11
1200,15
1681,5
1589,8
900,11
920,11
1800,11
1100,11
1150,8
2200,6
1300,11
1500,11
1500,11
4000,11
2000,11
1450,11
1350,11
1300,11
1200,11
1900,11
900,11
1300,11
500,9
990,11
1300,11
1800,10
1755,10
955,8
2300,14
1000,11
788,11
1600,8
400,11
2000,11
275,4
800,10
1200,11
6250,11
850,11
980,5
800,11
900,11
2132,5
788,8
3500,15
1500,11
1485,11
3000,11
1400,8
1000,11
2100,11
4600,11
1400,11
2000,14
870,11
850,5
1700,11
788,11
3000,15
2200,14
2150,8
2300,11
1680,11
250,4
1325,11
3900,15
950,4
2000,11
2300,11
900,11
2200,15
1500,4
820,8
850,11
2050,8
1086,11
1873,10
1250,11
1220,6
2150,0
1200,5
2300,11
2000,11
550,8
400,8
900,4
900,4
2400,11
1300,10
2500,11
1700,11
1400,8
2456,15
980,4
1200,7
600,4
5900,15
5100,11
990,11
2500,11
1200,9
2500,11
1700,7
2000,11
300,6
800,2
1000,8
3200,11
1650,11
1500,8
2500,15
1300,8
1500,10
1700,4
1080,7
950,8
1200,8
1000,8
788,7
950,11
853,4
1900,11
1250,8
1400,15
1500,6
1100,11
1200,10
700,4
1000,8
420,7
1500,12
1100,11
1500,11
4000,12
5000,15
2500,11
19000,15
2900,15
20000,15
15000,15
2000,15
4500,15
890,11
3500,11
6000,11
2500,11
7000,15
1200,14
5000,11
1100,11
2000,11
500,8
2500,10
1600,8
1100,11
2400,15
8000,15
15000,15
11000,13
7000,15
11000,15
1700,11
1500,4
1000,8
400,6
900,5
1000,7
1000,8
2500,8
850,4
1000,8
1000,11
2780,8
940,8
1200,11
1000,8
7000,15
9000,15
10000,15
8000,15
1500,8
1200,8
789,4
1000,8
789,8
700,0
600,5
500,11
700,0
200,4
1200,7
1200,3
700,4
789,5
600,0
600,2
890,2
1000,6
789,11
500,4
950,10
790,10
400,8
700,3
2000,15
1200,11
1000,11
1000,11
400,11
1800,11
1800,14
789,8
2300,11
788,15
1000,4
3400,15
788,13
1000,11
2300,11
788,11
3000,15
1000,11
1000,11
788,11
1400,12
2500,12
4000,15
1450,12
1300,8
1600,12
1400,15
1100,12
1300,8
2300,15
850,12
1000,12
1200,0
1200,12
700,12
800,4
850,12
1500,4
5000,15
1500,15
4000,15
2200,11
2000,4
1000,15
12000,15
750,7
5000,15
12000,15
2500,15
1200,11
1000,0
2300,11
1000,4
1200,5
780,8
900,11
1600,13
1600,11
400,0
2000,5
13000,11
15000,15
3000,15
8000,11
1500,8
1800,6
6000,4
7000,15
20000,15
5000,15
18000,15
5000,15
7000,15
3000,13
9000,15
2500,15
7880,15
8000,15
1576,15
15000,15
5000,15
10500,14
2000,15
12000,15
4000,15
4000,11
10000,15
1800,15
4500,15
5500,15
1500,15
750,6
6500,15
9000,15
5000,15
15000,15
5000,15
10000,15
4000,11
20000,15
1060,2
2200,15
788,7
3000,14
7000,15
7200,15
1160,6
4500,15
2000,11
800,15
860,11
1500,11
788,11
2500,13
788,9
1350,9
800,1
4000,8
1400,8
1600,4
800,5
1500,15
60000,15
1200,11
3000,13
450,8
2500,15
1760,11
1125,11
800,8
1710,11
1500,8
4000,8
1500,14
1200,10
1500,15
5000,15
7880,15
3000,15
200,15
10000,15
8000,15
5000,15
12000,15
25000,15
50000,15
15000,12
30000,12
80000,15
15000,15
8000,15
12000,15
30000,15
10000,15
1000,4
1200,15
5000,11
900,7
2200,11
5000,14
1500,8
2500,12
1000,4
1500,0
1800,6
1500,0
3000,5
3000,15
2400,8
1000,8
850,0
1500,11
1000,8
3800,15
1000,11
2000,8
1700,8
2000,5
800,4
3500,11
900,9
2600,15
900,6
1400,11
900,1
400,9
1100,9
850,11
1500,8
1250,4
1200,8
2000,11
1000,11
1500,11
2000,11
2300,6
350,11
1200,15
1600,10
788,11
1000,11
2400,11
788,8
980,10
788,9
1500,8
1300,12
1600,12
1200,12
2600,15
788,8
2000,15
2400,8
1200,8
1300,8
1100,12
1300,15
1100,8
1500,12
1100,12
1100,12
1900,8
1200,8
1200,8
1100,12
1000,12
1600,12
1700,12
1200,12
2200,15
1700,12
1576,13
1576,11
1000,11
3000,11
900,7
1200,4
3000,11
2100,15
1000,11
2500,15
1400,12
1500,11
3500,12
3000,12
2300,15
6000,3
1800,0
0,2
2500,11
2000,8
1100,11
1200,11
500,14
1500,4
1000,4
3000,4
735,10
788,5
2000,15
900,0
1100,7
600,5
4000,15
5000,12
1100,3
2000,15
800,11
2800,15
3000,12
1500,15
1200,11
1400,11
2800,11
1200,8
4000,8
1500,11
0,4
500,8
1000,4
1000,0
1200,7
1576,6
1500,8
7800,11
1200,6
200,3
1700,1
2700,0
240,0
954,11
2000,11
900,11
1700,8
1200,4
900,2
1000,11
2700,4
1000,4
700,4
400,7
3000,4
1500,12
1500,5
1000,0
1500,14
700,6
1500,5
400,3
900,8
535,11
788,11
1800,11
788,11
3000,15
2100,15
2300,15
2800,15
3000,11
3000,15
980,15
1500,15
1000,6
1450,11
1400,10
1600,14
1800,11
1390,9
1350,11
1200,8
600,9
788,11
700,8
1800,11
4500,15
3500,11
2200,11
2100,11
1200,11
2200,11
2446,11
1400,11
1410,11
788,8
788,11
1500,11
788,11
2000,11
900,8
1500,10
1800,11
1200,9
788,4
1250,11
800,8
1300,11
1100,8
1230,11
1600,0
900,11
1400,11
850,11
1000,11
500,11
788,11
1644,11
2500,12
2000,11
2100,11
1800,11
1000,11
900,10
1400,11
850,10
1200,11
2200,11
3500,11
1000,8
1000,11
788,8
900,8
300,3
1500,8
2000,15
850,15
1200,4
900,10
1200,0
1130,11
1500,5
3500,8
1200,5
1200,3
1500,8
1500,4
1200,3
1000,8
2000,8
2000,11
1700,11
1200,4
1100,8
2200,3
1300,10
1000,1
1200,15
1500,8
1320,9
720,8
1350,5
650,8
1300,11
900,11
788,8
1250,11
1290,11
2500,4
1200,8
1300,11
1200,12
950,4
788,0
1100,3
1200,15
1500,0
500,4
1500,5
2000,15
788,8
300,0
1200,3
800,10
950,2
1200,5
1500,11
1400,11
1600,0
1300,2
820,11
850,0
1100,5
2200,10
1100,4
950,10
1800,2
1500,8
2500,11
2500,8
2500,8
1500,8
1600,11
500,3
450,4
1300,0
1300,3
600,3
980,11
800,1
980,11
950,0
880,2
960,11
1650,2
500,2
1500,4
1200,8
1300,8
788,11
2000,8
2900,11
1600,0
950,4
1200,11
3000,11
840,7
2000,15
2500,13
2000,11
1500,8
2000,8
1500,10
850,5
750,11
1200,10
900,0
1200,8
1200,5
1400,7
950,6
900,11
1200,2
1400,6
950,4
800,4
850,2
789,8
1200,5
1200,5
789,7
1500,8
1400,2
600,15
1000,11
3000,8
800,3
1200,11
1700,8
3500,15
4200,15
7000,11
2000,11
2500,11
2500,15
3200,11
3000,11
2300,12
2200,11
2600,11
3000,11
5600,15
1200,6
4200,13
4000,15
700,8
900,11
1000,10
2300,14
1800,4
1600,10
1200,11
1400,11
1576,14
80,6
1300,8
2850,4
2100,5
1250,11
2250,11
960,8
788,11
1250,15
1500,10
1200,11
1024,11
800,11
1500,12
1200,8
3550,11
1500,15
15648,15
700,10
2800,11
1800,4
350,14
990,11
1000,11
5000,6
1500,2
810,10
1300,15
2010,11
4500,11
1000,11
8000,15
1000,11
800,0
1400,11
788,12
1400,11
6000,12
3000,8
1100,11
1800,11
1000,6
500,7
900,10
3050,14
240,7
998,10
1000,15
400,11
10000,15
1500,15
910,11
400,11
800,11
1600,10
1000,11
2000,11
3000,6
2000,11
1225,7
788,11
480,6
210,6
788,13
2100,4
1990,7
3500,13
950,3
1800,15
900,7
1700,12
1000,3
490,5
3000,12
1030,5
600,0
5000,11
2600,11
700,4
1060,8
1062,14
1000,15
800,11
500,11
7200,15
1100,11
1800,6
1094,11
2430,7
1350,11
953,9
700,11
1250,11
950,6
2200,8
950,0
2100,11
980,8
4500,8
2000,3
1050,8
4500,11
1200,10
1600,4
950,11
2100,11
4000,12
1250,8
3200,15
1610,11
1800,11
600,11
3500,14
2000,11
788,10
1800,15
2500,15
1800,12
3000,15
4000,11
1500,11
1200,11
1400,11
1200,8
1200,11
1000,6
3600,15
788,4
1500,5
1250,11
1200,5
1300,11
1100,1
1500,11
350,5
1000,2
300,11
788,4
1100,4
1200,7
2500,11
1200,8
650,11
1200,11
1200,10
1100,1
788,5
2950,11
788,4
800,6
1200,3
0,0
2500,8
2400,11
800,8
2364,11
2700,15
1200,4
788,3
2000,11
788,8
1500,12
1200,8
754,0
754,8
1000,5
780,0
788,0
788,3
200,4
788,7
1000,3
600,1
600,1
700,3
400,12
1000,7
1900,11
1700,10
2000,11
500,0
1600,13
2100,5
1579,1
900,4
970,11
1400,6
300,3
1000,11
1000,8
1000,8
900,8
1500,11
1000,8
1000,3
850,8
800,11
1000,13
1500,13
1500,11
1200,8
788,8
1500,11
6000,12
1200,11
2200,11
1200,11
1200,11
1500,11
800,11
1200,11
3000,11
1200,11
1000,11
700,4
1750,11
1200,7
4000,15
1600,3
950,7
788,11
1600,9
1500,11
788,8
500,11
2000,15
1200,11
2300,11
2000,11
1200,8
1200,8
1000,4
800,4
788,12
2300,12
2000,11
1576,12
788,11
500,6
1192,5
600,5
1500,5
1200,10
1100,4
788,9
350,3
998,11
10000,15
5100,14
2500,11
6000,11
4500,11
1200,11
3000,8
10000,11
788,11
1000,5
900,8
1400,11
800,11
3000,11
850,11
1600,15
1500,11
1000,11
1500,11
3000,11
3400,8
700,4
788,11
788,6
300,11
800,4
900,4
1576,8
2500,11
1200,11
1000,8
2000,11
2364,12
1800,15
2300,15
3000,8
1800,12
2000,15
1300,8
1200,9
2200,11
5000,15
400,4
3000,11
900,8
700,5
6000,15
1200,8
2300,15
1200,11
3500,11
800,7
350,11
1700,11
1000,6
2000,11
1200,11
1200,6
800,8
3000,4
300,11
800,7
1500,11
2800,4
800,11
2000,11
1720,8
500,0
788,11
1100,10
1000,6
900,11
1000,3
1500,4
788,8
2500,10
600,5
1576,5
3500,5
500,13
400,11
1500,8
4800,11
788,11
1000,11
1200,11
788,6
2200,11
750,8
900,11
1500,11
788,8
800,2
788,11
5000,11
1200,13
1060,8
780,3
2000,4
780,0
800,10
1200,11
1200,11
2300,8
900,7
1500,11
0,11
850,7
1000,10
4000,11
1250,15
1500,4
2500,11
1600,11
800,8
900,8
1100,3
4000,8
900,11
850,5
1400,11
1200,4
1500,11
1500,8
950,8
870,11
1500,11
1390,11
800,3
1000,11
788,11
600,11
1600,11
1500,4
700,9
500,4
1200,8
1200,11
7900,15
780,10
1500,7
780,11
1200,11
780,11
72,5
2500,11
788,2
3000,4
2000,5
1000,4
2500,11
300,0
600,6
788,8
300,3
1250,11
1600,2
970,1
800,3
960,11
946,8
800,4
1300,4
890,7
1050,11
2200,8
6000,11
2000,11
700,4
2000,11
1200,11
3000,11
880,11
1100,11
2000,11
500,8
1000,5
1600,3
1500,10
2500,11
1200,8
1400,15
3000,11
788,11
1315,11
1000,10
960,9
1100,11
1000,11
2000,11
2000,15
788,10
900,11
2500,11
10000,15
2200,15
1500,8
1000,8
1000,5
1600,4
3500,11
1000,6
900,11
800,11
1200,3
1200,8
1200,4
5000,15
6000,15
1000,11
5000,15
788,15
8000,15
7000,15
6000,15
2300,15
700,11
1000,7
1300,8
1000,3
1900,3
3000,11
700,11
2200,11
1500,7
1200,6
2200,8
1600,11
5000,15
2500,14
700,11
2000,11
1400,14
1000,11
800,8
1400,11
1600,10
1100,9
1000,7
1500,11
500,11
700,8
2000,7
1800,8
900,4
1700,11
1600,11
800,11
800,11
1200,11
1800,11
2000,8
800,8
1500,11
1300,8
1200,8
1500,11
788,11
1500,4
1500,15
3941,8
1570,15
1500,11
900,11
2300,11
1500,11
1500,11
900,11
1500,11
1600,11
350,11
1600,11
1500,8
1600,11
300,11
900,4
1500,8
1200,11
3152,15
2000,8
2800,11
1500,11
800,8
1000,11
2000,11
900,11
1500,11
1800,15
1000,11
3800,11
500,12
1800,10
1800,11
1800,11
1500,11
1200,15
1500,11
8000,11
400,4
1800,11
1500,4
700,8
2900,15
1600,11
2300,13
1200,11
1700,8
1000,4
1700,11
600,4
600,4
2300,8
3200,14
2200,11
1500,11
1500,11
1500,8
980,6
788,11
1500,14
4000,11
1500,11
1500,8
1100,11
1500,11
1100,1
2364,8
800,7
1350,0
500,8
1000,11
1500,7
1200,11
400,4
2400,0
800,0
1500,6
1600,5
1200,11
1200,11
788,2
900,2
1600,9
788,11
1200,4
2000,7
1400,11
788,5
800,8
1500,13
1800,8
1800,8
1200,8
1000,11
1200,13
800,8
1000,9
2400,8
2500,11
1300,8
1000,8
3000,15
3000,11
2500,11
2600,14
1577,5
1000,15
2500,11
1600,11
1800,11
900,11
2000,8
1800,11
1400,8
800,8
800,11
1000,8
1600,5
1500,11
5000,15
1800,8
1200,11
600,8
1900,0
2000,6
788,8
2000,11
400,11
1200,11
1000,9
900,8
800,11
800,3
2100,11
180,11
4000,15
1400,11
400,3
1200,11
472,11
1057,11
788,8
1400,8
1000,10
1100,3
900,11
960,11
700,11
1400,6
788,6
1000,10
1900,2
1020,11
1100,4
788,11
800,6
500,9
2500,11
600,0
1000,11
912,8
788,7
800,0
1000,0
1200,0
5000,11
1550,0
788,0
1500,4
788,0
788,5
788,13
700,0
500,1
700,8
788,5
788,11
7200,14
1000,5
1420,0
1500,11
1600,5
1200,3
4000,8
2000,6
1500,11
2000,11
1200,7
1500,11
1200,14
1000,5
1200,5
1150,3
950,9
1500,5
1250,11
200,10
788,4
700,12
1000,14
1450,5
1400,11
800,9
1500,8
1500,4
1000,8
1300,7
2400,5
150,0
2100,11
1223,11
1500,11
300,11
1300,2
1730,9
3500,8
1000,9
1000,11
900,11
2000,7
818,11
250,11
500,5
1800,3
600,8
360,7
200,7
400,1
500,11
2800,11
1500,15
1800,15
4000,15
5600,15
4500,13
7880,15
12000,11
1250,11
1200,15
25000,14
3000,8
1000,1
2572,4
6000,0
1200,15
1500,2
788,11
1250,7
2400,0
1000,4
800,8
2500,11
2500,14
788,4
1179,15
800,0
788,5
1300,11
3000,1
800,5
4000,15
1200,4
300,4
2000,11
788,3
3000,8
2400,0
2500,12
2000,4
700,0
1300,11
1300,5
2500,7
1060,2
9500,15
3800,11
3500,15
2000,11
913,11
800,5
1000,9
2200,11
1075,10
1318,8
800,11
900,15
788,6
1000,7
1600,15
2000,4
1200,8
5000,12
1030,11
5400,15
1200,11
400,8
1200,11
1500,5
1100,11
884,5
1300,11
788,11
1200,8
0,0
2500,11
1100,8
800,11
120,2
600,8
1500,5
1300,9
6000,15
550,9
788,11
850,11
788,11
788,8
500,3
4000,8
3000,15
2000,15
1014,11
400,2
500,6
1000,11
5500,15
788,11
900,11
3500,15
0,8
2600,15
2000,11
100,4
3000,8
200,8
900,13
300,12
788,4
1000,6
788,11
1250,3
1300,5
900,6
500,12
1000,11
600,15
10000,15
1100,11
800,8
500,11
4000,15
955,0
3000,15
4000,15
970,10
1200,11
1800,8
1200,10
950,11
1200,11
500,8
2300,8
1100,8
900,8
2300,11
800,11
2000,15
1200,8
1200,11
1500,3
900,4
480,5
953,8
800,4
2300,11
820,8
1000,11
1000,8
1200,10
920,10
1200,8
1000,8
790,5
1200,11
1100,6
1200,11
800,11
1500,11
1500,15
788,8
788,8
2400,11
2500,11
1100,10
976,7
1100,9
4500,11
1000,10
2500,11
1400,11
1500,15
900,5
788,11
1500,15
1500,11
1500,6
1600,11
900,4
1500,11
900,8
1100,11
2000,15
1549,11
800,11
10000,11
2050,8
788,2
5000,11
800,15
2600,1
2000,5
1800,11
1000,10
700,11
500,15
900,15
500,11
1200,11
6000,15
1000,11
1000,2
1770,15
1200,0
3000,11
1200,8
6000,15
1500,15
3000,14
2300,15
1500,11
700,5
2500,15
1100,11
2500,12
2200,11
1500,4
1120,8
0,3
788,14
1200,11
1900,7
1000,11
1200,11
788,11
1200,8
6000,11
1200,11
500,11
1200,11
1800,11
1400,5
1500,5
1543,11
900,4
1200,11
990,14
800,11
788,11
788,12
2100,11
1000,3
1600,11
4000,15
1200,11
3000,15
980,9
4000,8
4000,11
17000,15
3000,15
2000,11
2450,5
1600,11
8000,15
3200,13
1600,5
14000,15
1700,3
5000,15
2500,15
3000,3
1500,15
3000,11
2200,9
2000,4
4000,15
1180,4
15000,15
6000,15
3500,15
5000,12
8000,15
4000,11
4000,15
2500,15
2800,15
4000,15
6500,15
2000,15
15000,15
10000,15
10000,15
12000,15
1200,15
8000,14
1200,11
1500,5
2000,15
350,4
3500,8
2500,4
1350,11
2000,11
1200,6
1200,7
1200,11
1270,4
1200,11
1200,4
1403,8
3000,11
1800,8
2500,5
2000,11
1500,11
1460,6
2100,8
4200,11
12000,10
2500,15
7500,15
3000,15
3000,11
2000,11
2000,15
788,11
1000,11
4000,11
1500,8
1500,3
2200,11
800,4
2900,6
2500,15
1800,4
1300,10
1400,8
500,11
2500,8
1200,9
3000,15
1000,4
1000,4
850,8
800,2
700,4
2000,11
1100,6
1000,0
860,5
800,11
1560,5
1000,2
890,5
900,7
1980,6
1500,11
5000,15
1600,11
1380,8
1287,4
12000,8
2000,11
1000,15
1800,11
200,3
900,11
1200,8
700,8
1500,11
3500,11
1800,11
1204,9
1300,11
1300,8
788,8
1900,11
2000,8
150,6
1500,6
1100,8
1500,7
1500,11
3900,14
2500,11
5000,7
1500,11
3600,15
6000,15
1000,11
1500,14
1800,11
900,10
3000,11
2500,15
22000,15
3000,14
2500,11
1250,3
1230,5
12000,15
1300,12
900,6
2000,11
3000,11
1000,8
4000,15
2500,11
7000,15
1400,7
1200,7
1500,8
788,11
928,10
700,11
2800,11
0,4
1000,8
1100,8
2000,9
7000,15
1800,4
1200,3
2000,11
400,11
1700,15
1000,11
0,8
800,11
5880,15
4500,11
788,11
3500,15
500,11
3000,15
3000,14
3000,11
3800,13
2300,15
2000,13
5000,15
2600,11
2600,15
300,11
2500,11
2000,15
1400,8
1500,11
2800,9
2200,5
600,7
2600,11
1200,11
1500,11
2700,4
1000,11
1000,11
1200,6
800,4
3000,11
1200,5
1500,7
2000,5
200,4
12000,15
2100,11
2000,11
500,15
1600,5
1118,4
4500,15
1350,8
850,8
1200,15
1400,8
1600,4
2200,8
1500,5
300,2
2200,11
3000,11
1500,11
2000,15
1400,6
5000,8
2000,11
920,0
8000,8
6500,15
1000,4
788,11
1600,4
1400,8
1300,15
2500,8
1300,11
800,11
1500,8
1300,8
900,2
1900,0
1500,8
788,11
2300,3
800,4
1500,11
916,4
500,0
1000,11
2000,4
1500,8
1280,1
2500,15
788,4
1400,15
1000,3
3000,4
1500,11
2300,11
3000,15
2500,6
1625,3
1000,1
1400,11
900,2
896,5
800,8
1200,8
2000,8
788,11
1020,11
830,8
788,8
1800,11
1400,14
1000,4
3000,15
1400,4
1200,1
650,11
1400,4
500,3
2000,0
700,0
1000,5
3500,15
3800,15
2100,11
1705,15
0,11
1000,4
1000,11
2200,11
600,11
1483,6
1800,4
600,11
1250,7
4000,15
2500,11
3500,9
4000,15
800,11
916,1
500,4
3300,9
1300,3
200,7
1740,11
1116,11
1400,13
788,3
1800,5
3400,11
1500,15
1200,11
1500,9
400,4
5335,6
2100,11
3000,11
900,6
1200,3
1500,11
1250,11
1300,11
1850,11
1200,3
600,11
1500,11
1800,8
1500,11
800,11
1700,15
2000,11
3500,11
2000,15
800,4
1000,13
2850,11
3000,15
1200,8
2000,7
1200,8
4000,6
2400,11
950,5
1700,11
1200,11
936,10
2300,15
788,11
1500,7
2500,15
1400,11
1500,11
788,11
5000,15
1200,13
1890,10
3000,11
10000,15
5500,15
2500,8
864,3
1500,4
4000,11
15000,15
1000,4
2000,4
2500,5
3000,7
1200,11
1522,14
1400,2
1100,8
1800,11
1600,5
3500,15
1098,11
30,0
1200,5
3000,11
1000,7
1500,8
1000,8
1800,9
1240,2
3500,11
560,4
890,8
788,5
1200,11
1600,5
1500,11
1000,7
4000,15
4400,14
10000,15
10000,15
2000,13
8000,15
1500,11
1200,11
3500,15
90,6
1800,11
10000,4
3200,11
800,15
1700,11
300,15
2700,15
4000,11
1600,15
1200,14
1300,8
1100,7
1500,4
1100,5
1200,5
1000,11
1200,8
7000,11
2400,12
2000,8
1100,6
1100,11
2400,8
1500,11
1000,11
1500,11
4000,11
1900,14
788,11
900,2
1500,4
1200,15
2400,5
1200,11
1000,8
1200,11
1500,11
1300,3
3000,15
1500,11
2000,11
1200,9
1600,3
1100,6
3000,11
950,11
4500,11
2500,11
400,5
2200,5
1100,4
788,1
1900,4
1500,3
1300,4
1700,8
2000,3
900,3
2000,11
3000,4
2400,11
1000,6
1200,6
1200,8
3800,4
1000,2
1900,7
1300,11
1530,8
3000,11
2800,7
1200,1
1500,6
2500,11
900,0
250,4
15000,15
2500,11
3500,7
2500,14
5000,11
1300,8
900,11
1300,8
2300,8
1800,11
2000,10
3000,8
3000,15
5000,15
13000,15
5500,15
2400,15
8000,11
3400,14
4500,15
3000,15
4000,13
4000,15
4000,12
4000,15
4000,11
1000,11
4900,13
5000,14
1800,11
6500,14
1100,11
4000,15
1850,11
3500,15
3500,11
3500,12
780,13
1100,11
3000,15
24000,15
15000,13
15000,15
22000,15
3400,15
15000,15
15000,15
7000,15
8000,15
20000,15
6000,15
19000,15
8000,15
8000,14
7000,15
15000,15
17000,15
10000,12
12000,15
22000,15
14000,15
10000,15
1500,5
5000,15
5000,15
14000,12
8000,15
8000,15
2000,15
4000,15
3900,15
1500,11
3500,4
916,12
1300,11
1600,8
400,4
900,5
1800,15
1300,15
1200,9
600,8
2000,11
800,8
1000,0
1000,10
2000,11
300,8
1800,11
2650,11
1000,11
1100,11
700,11
800,3
788,3
1200,5
788,11
1800,5
950,11
1000,11
10000,11
1000,7
2000,11
2000,4
1550,11
3500,15
3600,6
3940,11
1390,0
1200,3
3940,15
3000,6
100,5
1500,11
1000,8
2500,11
1600,8
2500,8
1800,11
300,5
1100,11
1300,8
1130,4
1800,11
2000,8
1400,11
1500,8
2300,11
1355,4
4173,11
1000,8
1500,11
2900,11
3500,15
2500,11
3000,11
1300,11
1800,11
550,0
788,8
2000,1
3700,15
1600,11
1200,11
4000,11
10000,15
1500,15
3000,15
4500,15
15000,15
9000,11
2500,11
8000,15
12000,11
2000,15
900,11
788,3
900,8
1300,8
100,15
900,6
1000,11
1200,0
3200,11
1000,11
1600,11
4000,8
5000,15
8000,15
1800,11
2200,11
4000,7
700,9
900,4
750,6
1000,11
20000,15
1500,8
1700,2
2500,11
788,11
3000,10
3200,11
800,3
2000,5
1700,11
1500,4
1600,15
0,4
1800,12
1900,11
3200,11
2300,11
1200,4
2500,4
2000,8
0,4
1700,10
800,5
2000,11
1500,15
1500,5
500,0
1400,11
1900,4
1200,8
1200,2
800,5
1200,8
3200,10
2000,15
3000,15
15000,15
17000,15
13000,15
10000,15
30000,15
18000,15
10000,11
7000,15
5000,15
25000,15
15000,15
3800,15
1300,11
0,8
1500,11
1500,15
2000,12
1500,5
2200,15
2400,12
3600,11
1700,8
1000,5
500,11
1500,11
3000,8
4000,15
3000,11
0,5
1600,8
1500,11
2200,11
1022,15
1200,11
1200,14
3500,15
1100,6
1500,9
1200,6
1000,7
1500,11
1300,7
700,5
1400,8
1250,10
5000,11
2000,11
1500,11
50,3
1400,11
1800,11
1450,11
1700,7
999,8
1380,11
2300,11
1200,11
1300,6
2000,11
1000,8
1000,1
1400,11
800,8
350,0
800,0
1200,8
700,3
1400,9
788,5
2000,11
1200,11
1100,11
2400,9
1200,8
1200,11
1500,4
900,4
3500,15
1800,1
856,11
500,0
300,3
500,11
560,1
1300,15
1340,5
210,1
800,5
2500,15
1000,14
1400,11
1000,7
1000,4
950,0
2000,8
1000,8
1500,0
1600,4
1200,6
500,11
950,5
350,0
800,0
1400,8
1400,3
880,11
800,12
1500,15
1500,11
3500,15
900,0
950,0
788,8
2000,8
2000,0
1300,11
2600,11
3000,13
2000,8
900,6
4000,11
2000,4
3000,5
1300,5
1200,8
1000,4
1100,8
850,2
1400,7
1200,4
1100,11
1400,8
2300,13
3000,0
4000,8
2500,11
1200,11
1400,11
788,11
1080,11
3000,11
824,0
1500,11
900,12
1200,0
1600,8
250,15
2000,11
1600,6
2500,4
1500,7
2000,15
1800,10
7000,15
200,0
1000,3
788,11
1200,11
500,5
900,7
1500,4
800,9
2000,13
1500,11
980,11
2000,11
1300,4
3600,5
3000,15
5500,15
2500,15
2500,5
5500,11
3000,15
900,5
1200,8
1300,11
0,4
2500,12
2000,11
800,8
5000,11
1500,8
2000,8
3000,15
1200,11
1100,13
3000,4
300,4
2300,11
5000,14
10000,15
1500,7
1000,11
1000,7
800,2
1400,11
900,4
0,4
1400,4
788,11
9000,11
20000,11
1200,11
2300,11
1500,8
5000,11
2500,14
3000,4
2800,11
1500,11
2300,11
1600,11
4000,5
4000,5
1150,5
550,2
1200,14
3000,7
2500,10
2800,8
1500,11
500,0
1300,11
1500,11
6000,11
1100,11
1400,11
2000,4
1700,4
1000,4
2300,11
1600,14
1000,11
3000,4
700,4
0,8
2100,4
3000,14
4000,15
4000,11
9600,15
1200,15
1500,13
6500,15
20000,13
10000,13
1000,8
788,11
2000,13
2300,11
5000,14
3800,11
1400,8
2420,8
950,11
1400,11
900,3
160,8
1500,13
1600,11
970,12
1200,8
600,15
350,2
1900,11
1200,11
1182,11
300,13
600,8
788,3
1200,11
1000,10
1100,11
1800,11
1000,11
1200,4
789,11
2250,11
2000,1
800,11
1100,11
1400,11
1000,11
1500,8
1500,2
2000,8
1300,11
500,8
190,8
1300,11
1200,11
5000,11
8000,11
5000,5
1000,9
6300,11
900,8
1200,3
5000,15
1030,9
4000,7
1880,4
1400,11
1500,11
1800,15
4000,15
2100,13
2000,15
4000,15
2300,11
15000,15
15000,15
6000,11
6000,15
3500,15
3000,15
2400,15
4200,15
5000,13
3000,15
2300,15
1760,15
8500,15
5500,15
3000,15
5000,11
3500,15
3500,15
5000,11
4000,15
7000,15
8000,15
2000,11
4000,8
3000,14
4000,11
4500,15
4000,3
2500,11
3000,15
1200,4
1500,8
950,10
2100,12
2000,5
4500,11
1200,11
1100,8
1000,11
1500,8
3200,15
2000,11
800,4
3000,15
10000,15
2500,13
10000,11
5000,15
3000,11
7000,15
10000,15
2000,15
1500,11
7000,15
8000,11
8000,11
4000,11
4000,14
4000,15
1200,11
2000,4
3500,15
3800,15
2600,15
5000,15
15000,10
2200,4
2300,11
6000,11
3100,12
1000,5
1500,11
1300,11
4000,15
1000,11
1760,11
2500,11
4000,11
3000,11
2000,11
1500,4
4000,11
6000,14
2800,11
3500,11
2100,11
2100,6
4000,15
2000,4
788,4
2500,15
1300,8
2500,11
6000,11
2500,11
2500,11
2800,11
1000,0
3000,11
0,0
1120,0
800,3
3000,11
2000,11
1800,15
7000,11
3800,11
1300,8
1227,11
1200,11
2200,8
4000,11
2450,7
1800,11
1500,8
3500,11
3500,8
1300,8
900,4
2000,11
1500,2
1200,4
7000,14
8000,12
7000,15
1200,4
1700,8
1200,11
3500,8
1900,4
2000,15
15000,15
800,5
2600,5
1200,7
4000,15
4800,15
2000,15
4500,15
1100,15
50,15
600,11
13900,15
4000,12
20000,15
20000,15
2000,15
2300,11
970,13
1300,11
2000,11
1500,9
2100,11
2300,11
2000,12
3000,11
1000,4
2000,5
2000,15
2000,5
10000,15
900,15
1300,11
10000,15
1000,15
2500,11
4000,15
5000,14
6500,14
2000,11
7000,15
2200,8
7000,15
3000,15
2000,14
9000,15
9000,15
3000,11
2000,15
2800,15
2500,15
18000,15
11500,15
0,15
10000,15
4000,15
2000,8
6000,15
1150,11
2300,11
1890,11
2000,11
1800,11
990,4
2000,11
1700,5
1800,3
2500,11
1700,7
1100,11
1500,10
3400,11
820,5
1500,9
1300,5
2100,7
1250,13
3000,15
1900,11
1460,11
2000,12
2000,11
1800,12
1800,8
4500,15
1200,8
1500,4
2218,11
1900,11
2800,8
3200,15
1200,0
1600,10
3000,5
800,11
2600,11
800,11
2200,15
1500,11
2300,11
1700,11
1800,5
1000,8
788,14
1500,4
1200,8
3200,15
800,3
3000,15
1200,11
2600,0
2000,11
1100,4
3000,11
2800,11
788,8
1098,11
2000,15
500,0
300,0
970,0
1500,8
800,4
1000,5
1200,2
1000,5
1300,5
4300,11
1500,11
1800,8
1500,0
1380,11
1200,14
788,10
0,0
1000,2
700,11
12000,15
1000,4
5000,11
2000,15
800,10
1300,11
1500,11
3000,11
6000,12
1500,8
1700,11
2300,11
1700,11
1000,8
500,0
3000,11
2000,14
8000,15
3000,4
5000,15
1800,6
4000,15
2000,15
6000,11
1000,11
1600,2
789,5
1500,15
4000,15
1500,11
1300,11
400,8
2000,13
2000,11
2200,11
2500,11
600,11
1440,11
3000,11
1200,11
1500,0
1500,15
2000,11
1000,4
1000,13
2000,15
4000,15
3000,15
3200,15
1000,4
15000,8
500,4
900,4
900,11
1800,5
3500,8
1000,8
1500,9
1700,5
1200,8
1500,10
400,0
350,11
1200,11
4000,12
2100,1
1200,8
2800,11
1600,11
0,0
1000,8
800,6
1200,7
960,8
1100,6
788,11
1200,11
1000,13
2500,3
0,4
788,2
200,3
2500,8
1500,11
3000,11
4000,11
480,0
1800,3
1500,11
2000,15
3500,8
788,11
3500,15
1900,11
2800,6
7000,4
300,3
0,2
1300,0
2100,7
400,5
930,4
1300,5
950,3
1500,15
1500,7
1300,11
2200,4
2000,12
0,4
1450,0
2300,8
400,1
1500,11
900,4
2100,14
1000,7
1500,5
2000,11
1700,8
1500,11
788,2
1040,8
983,5
250,6
2000,4
1500,11
2300,11
788,11
1400,11
900,11
1365,11
1500,15
2000,14
1400,4
800,6
1000,9
0,11
1000,4
900,0
800,0
1800,11
0,2
0,1
0,11
3000,11
600,8
788,11
300,1
400,3
1500,8
0,3
1400,5
788,6
1200,11
600,0
2000,7
4000,11
788,11
700,8
1500,11
1000,14
2000,15
6300,15
3000,10
1000,8
800,1
1000,4
1800,9
1000,10
1200,10
1200,1
1400,8
1600,14
1300,11
788,3
6000,10
12000,13
6000,11
2300,15
12000,10
15760,15
5000,11
5000,8
5200,15
10000,15
7000,15
5400,15
300,6
1200,11
2600,11
3000,15
1900,8
3000,15
1114,8
4000,15
1500,11
1600,11
2500,15
1300,11
300,0
7000,15
1500,3
1200,11
1200,11
1576,11
980,4
1500,11
1200,6
1500,11
788,0
1200,8
1200,15
330,5
1000,3
1500,12
700,4
1200,11
2000,11
3000,11
3200,13
1000,5
2600,11
1120,7
600,11
2100,11
1800,11
300,4
5600,14
2000,4
920,11
1540,14
1650,11
200,8
1700,11
2100,4
920,11
300,11
1200,8
1117,5
850,3
2800,15
1800,13
1200,4
1100,11
0,4
400,12
250,0
2000,3
1470,4
250,4
850,11
2000,11
1200,11
2500,11
13000,14
900,8
800,11
2000,9
5000,12
1500,6
2200,6
3000,14
4000,11
6000,15
1500,11
500,9
5000,11
1200,8
900,5
100,0
1300,8
1100,4
788,11
850,9
900,4
3000,6
2000,11
1500,11
1000,11
1000,11
1600,11
2000,11
2000,0
3500,6
1600,15
1800,11
260,4
1200,3
1890,11
2500,13
1600,15
7000,15
1200,11
1200,10
1800,8
1075,6
1250,3
850,11
2000,11
1300,6
1700,0
1000,4
910,11
1400,11
1500,10
788,11
2750,15
1000,6
1000,11
1500,4
800,4
2000,1
900,6
788,11
1200,8
1500,11
2500,11
1900,11
3000,8
1500,4
1000,4
1500,11
1800,12
1800,15
4000,11
7000,15
3000,15
1800,8
1200,8
4000,11
3400,11
1300,15
2000,0
1200,6
5000,6
450,0
1000,14
1200,11
2500,15
300,5
1200,11
2000,10
1800,6
788,11
3000,15
3000,15
1000,11
900,11
3500,15
3800,15
789,6
3000,15
1375,11
2500,11
2000,11
2800,15
2000,5
900,11
800,11
1500,14
2000,0
1800,6
800,5
1000,8
1500,8
3500,11
3000,11
2000,11
1000,11
1800,11
2900,4
7000,15
1700,11
2000,8
3500,15
2200,11
1300,8
870,3
1200,4
5000,15
2200,8
1000,5
900,11
1200,4
1000,0
2500,8
2300,8
1600,8
1200,11
1500,11
1200,8
1600,8
2000,5
1000,4
880,7
1400,9
788,7
2000,11
1000,4
2000,10
700,4
13000,15
3000,15
4000,14
5000,15
15000,15
20000,15
5000,11
1000,11
1000,15
12000,15
1100,15
2500,8
1400,8
2000,14
1200,4
1300,15
4500,15
788,11
500,4
12000,15
1500,15
2350,9
2000,15
1000,11
1200,11
1200,8
1000,14
720,5
1500,9
2650,11
1200,11
3000,11
800,8
2000,11
960,8
1500,11
923,8
1350,10
1386,5
1500,11
1800,11
960,11
1800,11
800,11
1800,1
1800,7
850,11
890,11
1500,8
3200,6
1600,9
2600,6
1000,4
300,8
1400,8
10000,7
1000,4
1150,11
1500,5
1200,4
2200,11
3200,11
1500,11
2000,11
1400,11
1000,3
1400,11
800,10
1500,4
1100,11
1400,4
700,4
2000,3
1300,7
700,7
2200,11
2500,11
2000,11
2800,8
2200,8
900,11
3000,15
2000,11
1400,11
2500,11
2000,3
1576,11
2500,11
788,11
2100,4
3500,15
1200,12
1800,11
1200,2
2500,14
1800,11
0,15
5000,15
1500,15
4500,11
2500,11
8000,15
1025,8
2000,15
10000,15
4100,15
1140,11
1000,7
1300,8
1508,11
800,15
3000,11
1400,11
1800,11
2200,8
2800,11
1200,4
720,12
2300,11
1500,11
1000,5
1000,4
2300,7
1400,11
1100,3
1008,9
2300,8
3000,6
800,3
1300,11
2000,11
998,5
2000,11
780,2
1700,6
1450,7
2300,9
1500,9
1500,11
600,4
1800,7
2000,8
1300,11
900,11
750,1
3000,4
2000,15
1100,12
2600,11
1450,11
3000,8
2500,11
1600,11
1200,12
1500,3
1500,11
1800,11
1800,5
1500,11
1200,8
1500,15
4000,15
2200,15
2200,11
4000,15
1300,12
3000,11
3660,15
2000,9
1500,10
9000,15
2200,15
27000,15
7000,15
1820,13
800,7
1000,11
1200,11
1500,8
600,11
1500,11
800,8
200,8
1500,11
1700,4
1600,5
1200,0
3500,8
1000,4
900,5
1300,11
1400,8
400,8
1500,0
1200,3
1900,5
1300,11
1048,11
1200,5
1000,11
1500,10
5000,11
1000,15
5000,14
1000,8
1300,13
1400,11
1300,11
1500,11
200,4
300,8
1200,11
1300,0
3000,11
1800,11
600,11
800,4
2500,15
1000,5
1200,4
2400,11
900,6
750,11
1700,6
788,8
1900,11
1500,9
1300,4
1200,8
800,2
1200,6
1200,11
1040,11
3208,8
300,11
2000,11
560,11
900,6
1300,11
400,7
788,11
2000,8
1800,13
900,3
2700,8
788,9
850,4
1780,8
2000,15
1200,11
1650,11
2000,0
400,5
1500,11
1500,15
3000,10
1600,9
2100,11
2000,9
2970,13
2000,8
3000,11
1800,4
2300,8
3200,15
1400,11
1600,12
788,12
2000,2
1500,12
1300,11
300,5
2500,15
100,0
1200,14
1800,15
3400,15
1500,2
2200,14
800,4
1300,11
1100,6
1600,7
1500,8
600,11
3000,11
788,11
1200,11
850,4
1000,6
788,3
900,6
1300,3
900,6
1500,11
400,4
1200,11
800,2
900,11
900,11
2000,10
1050,8
1000,8
1200,11
788,3
788,6
2500,8
6000,15
800,5
2000,11
3000,11
1500,0
1300,11
1500,3
2500,6
4000,15
2500,15
1500,8
1900,11
2000,5
2500,15
8000,15
2500,15
3000,11
3000,11
1200,10
450,2
788,8
400,0
788,1
600,8
850,5
1300,8
800,8
2500,7
900,5
1500,1
1300,11
1500,2
3500,11
2500,15
400,8
1200,11
700,8
500,11
3000,11
900,8
1000,9
4000,11
1019,7
1800,5
2000,15
3000,11
1500,15
4000,15
800,11
3500,0
2100,11
9500,15
4000,15
4000,15
300,10
3000,11
3500,15
1700,15
5000,11
3570,11
1000,11
8000,11
2000,15
3500,4
3000,15
1500,15
1750,8
4000,11
2400,11
2000,6
1026,10
2500,11
3700,11
9800,15
4000,12
5900,15
1090,3
788,0
2100,15
2000,11
1100,7
3000,12
2500,15
2000,4
1500,10
6000,13
1000,6
1000,12
850,15
2400,11
700,11
1250,11
1576,8
5000,15
788,11
7000,14
1500,5
960,11
2800,11
1800,9
3000,8
1100,8
1700,11
3500,14
2100,11
4500,11
1800,11
5000,15
3000,11
1200,11
928,11
1500,8
2800,15
1500,4
788,10
2500,5
1300,8
1400,5
2000,11
500,4
3500,9
4000,14
1200,12
2500,11
788,11
2000,11
1200,11
1300,11
1000,8
900,4
1400,15
2000,4
1300,11
1509,4
1000,11
1400,14
1500,4
1000,2
2500,9
150,11
150,8
1200,11
2500,8
1090,9
1100,11
5000,0
800,4
2000,11
2000,8
1350,11
1360,11
1000,11
1200,11
1500,11
1500,11
900,10
600,4
600,11
1200,4
2500,11
7000,11
8000,15
3100,11
2400,11
3950,12
1500,11
2300,11
2000,4
788,8
1500,11
1500,6
8000,12
2345,4
1576,15
4000,11
5000,15
2000,15
3940,15
4000,15
18000,14
1600,8
1200,11
1200,11
1800,4
2000,11
1200,11
1500,11
1400,11
1900,11
2000,14
3000,11
460,6
1500,4
788,11
920,11
1000,9
1000,11
1200,10
1200,5
2400,11
2000,4
1600,8
100,8
1512,11
2500,11
1200,11
1000,11
1100,0
3500,14
1100,11
2000,0
1100,11
1500,11
2900,11
3000,0
1500,3
600,11
1500,5
788,2
1600,0
300,0
400,0
4000,11
1600,8
860,14
1000,11
2000,11
1180,11
850,10
600,10
400,8
280,8
1450,11
1500,4
1000,7
1500,11
1100,0
2000,11
1100,9
1000,11
788,2
1200,10
1400,5
600,11
1576,5
150,4
1182,0
1509,3
500,10
940,11
788,0
788,6
1000,8
850,5
2300,11
2000,12
788,13
2000,11
1400,11
1100,11
500,8
1100,12
2900,11
5000,7
3200,14
1700,11
300,5
1100,4
850,3
2000,11
10000,8
1707,4
1100,8
1000,3
1200,4
800,11
1100,11
1600,4
1500,11
1000,3
788,0
1700,8
1500,11
0,11
1600,8
5000,11
20000,5
120,0
1100,4
3900,10
1000,9
1400,0
10000,15
3000,12
2400,11
2500,11
4000,11
1600,11
2500,11
1500,0
1200,12
3500,11
1500,8
2500,11
4500,15
4500,11
2000,4
3000,5
788,0
1620,8
1200,4
1200,7
2000,8
1950,11
1200,8
3500,11
1800,12
2000,11
2200,3
2000,11
1500,11
1200,0
1500,4
1500,11
1600,11
1600,11
900,15
788,11
950,2
2500,8
3100,11
4500,15
1700,11
3000,7
3000,11
3000,15
2800,11
1400,11
800,11
1300,8
10000,15
1800,11
1900,11
1200,4
750,5
1600,15
1200,12
7000,11
800,9
2200,8
1200,11
2000,5
788,0
4800,8
950,11
3500,11
788,8
916,8
2524,11
1500,11
1600,8
2650,5
2000,13
4000,8
1300,10
2500,11
1200,12
12000,14
2000,15
0,3
788,8
3000,9
350,3
2500,14
0,8
1700,9
3000,11
1200,10
814,14
1800,11
2000,8
1800,7
1240,3
1100,5
1773,14
900,15
1300,8
4200,11
1100,11
1700,8
1400,7
920,5
1500,11
1600,11
903,11
1100,3
1300,11
1200,3
600,4
2500,11
1800,11
1200,9
750,6
4000,4
1900,7
1400,11
1200,6
1200,1
2000,0
1100,6
1200,9
4500,15
8000,15
2000,15
1300,0
5000,5
4300,15
10000,15
900,11
2500,15
5000,13
600,4
500,6
1300,6
3000,13
1600,15
10000,13
4000,15
500,8
5000,11
2000,0
2000,11
1500,2
500,11
1600,3
820,3
1500,4
910,6
1100,5
1000,4
788,4
890,3
1000,0
1500,11
788,4
1240,6
500,4
1000,10
1000,7
905,11
1800,5
900,8
2000,4
900,4
1800,11
3000,15
3000,3
1800,11
2500,7
3500,13
5000,5
0,15
14000,15
2000,13
5000,14
4000,11
8000,15
8000,15
2000,15
2000,3
1600,4
2100,15
1600,11
1700,11
7000,14
1600,5
1300,11
1400,2
15000,15
1350,4
1700,4
2000,11
2700,11
1680,11
4000,15
5000,15
3000,11
4200,11
3000,15
5000,8
1300,2
1100,11
2000,11
3700,15
1300,13
1600,11
1800,11
1800,4
2900,11
800,4
870,11
500,1
1400,11
500,11
1200,6
920,4
1300,6
788,4
800,8
300,8
2000,11
1200,5
1300,7
1200,8
2000,3
1600,11
450,11
788,4
1600,11
1200,7
800,4
2000,11
1000,4
900,5
950,10
1800,3
1600,2
1200,5
1000,7
1700,11
1300,11
1000,8
1182,7
1170,13
1970,11
2500,11
2000,5
0,11
1200,8
788,11
5000,6
600,9
1000,11
0,7
1000,5
2000,0
1000,11
788,2
5000,15
900,0
400,2
500,1
1500,11
1100,11
1400,11
1100,11
200,5
400,6
0,4
500,3
1000,12
1200,11
805,8
1800,11
800,3
1200,11
0,4
800,8
1000,9
788,11
0,4
2600,10
1350,11
1000,8
788,2
1053,11
800,4
788,10
500,5
500,8
900,8
2500,11
3600,15
1200,11
5000,11
5000,5
878,11
1010,1
2800,11
3000,11
1000,11
2000,11
1200,5
3800,15
1380,5
1800,4
3000,11
2000,11
1200,6
1500,11
2000,11
1000,9
1700,11
1000,8
1300,11
2500,15
788,6
1500,4
4000,11
8000,15
4000,12
1200,4
1200,11
5000,15
900,11
5000,8
788,15
2000,15
7000,15
450,7
2100,11
1900,7
1800,13
1065,11
788,4
1200,7
2200,11
1200,11
600,11
1800,8
1577,11
1400,8
4000,13
978,15
1100,11
2000,8
1350,11
3500,14
1200,11
1800,11
1200,14
1500,5
1500,13
900,11
1200,6
850,9
1200,11
1100,11
1030,11
788,6
900,11
1300,8
3000,11
2000,14
650,0
2950,8
2200,2
847,11
1060,15
1500,11
1000,5
2500,9
880,11
1100,11
0,2
900,4
0,0
2400,11
1200,0
1375,3
1000,8
700,7
1500,11
1400,4
2000,11
2200,0
1500,8
1200,8
1500,4
1000,11
1000,0
1200,11
1144,8
2000,4
1500,11
788,11
700,8
1000,10
1500,2
950,5
1046,11
2800,14
850,11
2200,6
2000,6
1000,11
1300,8
1200,11
1600,11
1500,8
1500,8
2500,11
1500,8
1200,4
1000,11
1400,11
1200,11
2600,14
2600,2
1200,11
850,0
1200,8
1200,11
1500,3
920,11
788,7
800,4
1010,6
800,8
1200,4
2000,4
350,4
1000,11
1300,3
1500,11
1250,11
2800,8
1200,6
700,0
1500,11
250,0
1200,5
1320,5
2000,11
1100,11
3000,7
1000,9
1000,11
1300,1
1090,7
1300,11
980,11
2100,4
1100,11
1500,11
900,8
1500,5
1000,11
1200,11
2500,9
1900,14
0,8
1000,4
2000,12
5000,15
500,11
1576,5
800,11
1330,11
4000,15
800,11
6500,11
4000,15
1300,4
4000,11
3500,11
1500,0
4500,15
2100,11
1500,9
1500,9
1800,4
2300,6
4500,11
480,0
1200,8
2000,10
1100,9
1800,8
2000,11
4500,14
3500,14
2500,15
0,15
5000,15
3000,14
3500,13
900,11
1200,1
500,3
788,8
820,3
1000,4
3000,11
1300,8
3000,4
1550,11
1200,4
788,1
1000,2
1500,11
800,4
1100,11
1100,7
1576,14
500,11
0,4
2300,11
500,11
910,11
788,4
2200,11
400,11
1098,11
1200,11
3500,11
500,4
680,8
300,11
500,7
500,4
788,10
200,0
200,4
1200,3
788,11
890,5
720,3
900,11
1600,11
2100,11
2000,8
0,0
1500,11
894,8
2300,11
1200,4
10000,15
788,6
11000,15
2300,5
2000,12
5000,15
1500,11
1200,11
1200,3
400,8
1680,11
12000,15
1000,6
2000,10
1000,9
10000,8
2000,11
2300,11
1400,15
5000,15
1100,4
1550,11
1400,8
3000,11
1500,11
2000,11
1600,8
900,11
2500,11
2000,11
1500,8
1400,5
1300,9
2500,4
1000,7
1880,11
1200,11
5000,15
1500,10
1300,2
1300,11
1500,8
2000,3
1500,4
1500,9
3000,11
1900,9
1600,4
2500,8
800,11
700,3
15000,11
2500,2
1200,8
1000,5
788,5
1200,8
900,9
300,7
800,10
980,15
1800,5
2200,4
2000,4
900,11
800,9
2000,8
1200,4
1300,4
2200,11
1200,7
1000,12
2400,11
1650,6
1000,9
2200,11
1500,11
2800,11
700,5
10000,15
9500,15
9000,11
900,8
2000,15
1000,8
1000,5
1500,8
1200,4
1112,4
1600,11
1500,11
1600,5
1500,13
1200,11
2000,11
2300,11
2000,11
800,4
1400,8
2500,8
100,2
1000,11
600,5
1500,12
3000,11
1039,8
1600,11
2600,11
2500,15
2000,8
1500,8
3000,11
2500,4
300,0
1050,11
1300,11
300,8
5000,7
1300,11
800,4
1000,15
800,11
1200,3
1000,11
1800,11
100,4
600,3
1000,0
900,4
1534,9
7000,11
1600,11
1300,15
2500,8
1000,15
0,11
2000,11
3000,7
10000,15
3700,15
1300,2
788,3
1600,7
2000,11
1100,4
1020,11
1400,10
1500,4
500,15
1500,4
1600,11
2900,15
2000,7
1000,3
2000,10
1300,11
800,3
3500,11
1800,11
1200,4
1200,7
2550,11
800,3
5000,11
788,4
500,3
1500,15
600,6
3000,11
700,5
1500,4
600,11
1300,11
1800,11
1700,4
3200,7
5000,11
1700,9
2800,7
1500,8
4000,15
1000,4
2500,6
1700,10
1800,11
1600,11
1000,7
2000,3
1500,7
1460,6
1000,10
7500,15
3000,13
2600,15
2300,11
1500,11
1800,7
2000,11
3000,5
1800,10
2400,11
400,8
900,8
2000,11
1500,5
5500,4
4000,11
940,7
450,9
1790,5
800,5
930,5
900,5
450,5
1600,8
2500,11
2500,8
2800,11
2000,11
2200,11
2500,9
2000,11
1300,0
2000,15
2300,11
2500,15
2800,0
2500,8
2500,15
2000,8
3000,8
700,8
3000,13
800,0
788,4
1000,8
1400,6
800,13
1200,7
2200,13
1700,15
3500,14
3000,13
970,10
1500,8
1500,11
1300,11
1380,11
1200,0
800,0
15000,13
3000,11
2600,15
3000,15
1600,15
2500,11
100,3
1000,0
1576,6
2200,8
1600,6
2000,4
3000,8
1300,11
6000,15
950,3
1200,11
1800,7
3000,11
1500,11
1500,4
788,8
1576,15
1600,11
2300,11
3400,15
1300,8
2000,7
1500,5
1500,8
1650,4
900,2
640,0
1350,4
1800,7
1200,11
1500,0
700,7
1200,11
2000,13
1500,11
1800,4
1150,4
3500,15
800,8
3000,15
3000,11
2300,11
3000,11
5000,14
7500,11
5200,15
5400,15
3000,11
2500,8
5000,0
1800,15
1100,11
2000,11
800,8
1100,8
900,5
1950,11
1200,2
1250,11
1200,8
1200,11
1800,11
1070,11
400,8
2800,15
800,0
1100,9
2000,5
1200,11
1200,11
1500,11
1800,11
2600,11
1200,11
1200,0
800,9
900,4
3500,15
1700,12
1500,11
1100,11
1200,4
970,5
788,4
600,4
2600,11
1000,11
1200,11
1160,4
1222,11
1012,11
1290,11
1380,8
2700,15
1800,8
2200,11
1500,11
4800,5
1500,12
2000,7
5500,11
0,6
3800,11
800,13
1600,8
5000,15
2000,10
3000,6
3600,11
908,11
1200,11
3000,11
1400,4
1067,4
3000,13
1300,3
4000,11
0,4
5000,11
2700,15
5600,15
3259,11
2000,11
4000,11
5300,11
1600,11
8000,15
1200,10
900,15
2100,5
1520,10
1700,8
1900,6
1000,8
2300,11
2000,7
4000,11
1516,11
900,11
650,5
1350,8
2800,8
2500,11
1440,5
1600,8
940,8
1300,8
2800,15
2200,15
800,11
800,5
1000,8
1400,11
800,12
2500,5
2364,13
1550,11
3000,15
3300,11
5000,10
1000,8
1200,11
950,6
15000,11
1800,11
788,4
788,11
1000,4
1000,8
788,7
1200,4
1000,8
2000,11
2000,11
2300,15
1200,11
1600,11
788,8
1000,10
0,0
1200,6
1000,3
1000,8
910,4
1000,8
1200,4
0,0
15000,15
30000,15
5000,14
12000,11
1000,11
1200,8
1600,5
1700,11
1800,15
1800,11
1075,11
200,11
1700,8
1200,10
0,11
3000,11
1000,8
2800,11
1400,11
1500,11
2000,11
1800,15
1000,11
2200,11
1500,15
2000,7
1000,2
5000,11
1800,11
1800,5
2210,8
1300,15
2000,11
1500,4
2800,8
1500,8
1700,15
800,7
1200,8
1400,15
1200,11
788,0
1500,4
6000,5
600,4
2800,11
1500,5
1200,9
788,14
800,4
5000,8
1000,12
1000,10
788,5
20000,15
10000,15
3500,12
1600,8
1880,11
15000,15
2700,11
8000,15
3500,15
2500,11
3500,15
20000,15
8000,15
4000,14
7000,15
19000,15
5000,15
2100,11
1500,15
14000,15
1200,11
1000,7
5000,11
1200,10
3700,4
4000,15
1235,11
1500,5
10000,11
1100,11
1000,11
2000,4
1100,8
600,13
4000,15
400,6
100,11
1800,11
2200,14
1000,10
1800,8
1700,8
800,10
788,11
1200,8
820,5
3200,11
1100,0
600,4
800,8
1800,11
1600,11
1500,11
1100,11
1500,11
2500,11
1300,4
3100,10
1800,15
2000,11
2300,15
600,3
850,11
1500,11
300,4
6000,4
900,4
900,11
2460,15
1200,7
2500,11
837,4
2270,15
2000,11
1500,11
3500,11
2000,8
2000,15
200,14
700,11
5000,15
1000,9
2260,15
800,11
900,11
1200,11
1800,11
788,8
1200,10
1200,7
1900,4
1500,11
1300,4
2000,11
500,11
4000,11
3000,11
2700,11
12000,8
3000,8
2400,5
950,11
788,5
2000,11
1300,0
1400,11
1450,11
150,11
1600,8
1300,11
1000,4
3500,0
2000,11
5000,11
1300,9
1350,11
1600,11
399,5
1200,11
2000,15
4000,14
2500,5
2800,15
3000,15
3800,15
1200,11
2000,11
2000,15
900,4
4500,11
940,10
850,5
4000,15
2200,13
2500,14
8000,15
1200,11
1500,15
1500,15
5000,15
2800,11
7000,15
1600,11
2000,11
1200,6
250,1
2500,11
2000,9
788,11
5000,15
800,5
900,9
2000,11
1200,8
1000,11
900,3
2400,7
1300,11
1900,7
1100,11
1600,11
2500,11
1500,6
1300,11
1800,11
2000,8
920,7
1500,11
1400,11
900,8
750,2
1500,9
1000,8
788,4
4000,5
1000,0
300,0
700,11
2000,8
1000,8
900,8
300,4
980,15
1200,11
0,2
1300,5
400,11
0,11
1600,10
600,0
1500,10
4000,6
1700,11
1600,15
1500,11
4800,15
3500,11
2000,8
8000,15
300,4
5500,11
5000,15
1000,11
1380,15
1900,4
5000,11
1300,11
2000,15
1200,10
1500,11
1000,15
1300,15
1112,11
1200,8
3000,11
200,4
1500,11
1200,15
200,0
280,5
1100,11
1700,2
1500,4
1500,9
1200,8
1800,11
990,6
700,0
1100,11
1500,5
1800,11
1393,5
4500,3
1500,5
1400,4
940,7
910,7
1600,5
1200,11
1550,4
400,4
2500,3
3500,11
850,2
2100,11
4200,13
1400,11
1000,3
700,8
1800,5
788,11
1200,11
1600,7
1000,5
830,15
1200,11
600,0
905,11
2000,11
1400,15
1700,11
1100,11
1200,11
18000,10
1800,8
0,8
2000,7
0,0
3000,11
2000,15
1200,9
500,8
900,11
790,0
550,11
600,11
9000,11
1300,12
2100,11
1800,9
2148,11
3000,15
2800,11
1600,8
2500,11
2300,7
2500,12
1500,15
2080,1
2900,11
1200,11
3000,11
2000,7
1400,11
1500,4
1500,5
1015,3
400,8
1200,4
1500,11
2364,15
1400,12
1900,11
1698,11
2500,11
3100,15
1900,11
3500,8
6000,11
4250,15
10000,14
1800,11
1700,7
1600,15
1000,4
12000,15
5000,13
1700,11
1600,10
1200,11
1200,11
6500,11
3000,8
2000,5
1000,11
520,0
850,5
1800,10
1750,5
1200,8
2500,3
980,11
1600,4
1300,4
2000,8
1050,1
1600,8
1400,14
3000,15
2000,11
2000,14
4000,14
700,11
1500,15
1059,15
2500,11
8400,13
1500,14
4000,15
5000,14
13000,15
7000,15
7900,15
10080,15
4500,15
4000,15
10900,15
8000,15
3400,11
11000,15
3900,12
1000,8
1900,15
2000,15
1900,11
900,15
2500,15
1700,15
9000,15
3000,13
5000,15
5000,15
10000,15
15000,15
5000,15
2500,8
2000,0
2000,6
1800,4
2000,8
1000,11
2000,6
3500,11
1500,5
1800,11
2500,11
1000,3
1900,11
1800,11
1900,11
1750,8
1500,3
400,4
2200,11
2500,4
0,4
2364,11
1000,8
2300,14
1100,15
1500,8
2000,8
6000,15
2000,11
4000,11
2000,5
2000,11
3000,5
2000,9
2500,15
4000,11
1200,11
900,5
3000,11
1600,11
500,8
2000,11
900,8
1500,11
1576,11
2000,15
3000,11
3000,4
1200,11
1400,3
900,13
1600,8
4000,15
1800,4
2000,11
3000,5
1500,8
1500,12
2300,11
1200,2
2500,11
700,4
1200,3
800,0
1500,5
1200,11
1085,11
2000,8
3000,14
1880,10
788,11
3000,11
2000,4
5900,15
3200,14
900,9
1070,11
4300,15
2000,9
1200,8
2000,11
1600,11
2000,10
1500,11
1000,4
2000,11
2000,11
2000,11
2500,11
5100,15
900,11
5000,15
2400,11
1200,11
1500,11
4100,15
10000,15
788,8
600,8
1500,9
5000,4
900,9
1500,4
700,9
600,5
2000,9
788,8
1577,10
3000,15
1500,11
800,4
200,3
800,7
905,11
900,4
5000,15
1500,4
900,10
1700,11
1400,10
788,0
1800,6
788,12
2000,11
2000,14
2000,11
935,11
1100,8
1200,8
1000,8
993,13
3000,11
788,4
2500,11
800,4
850,5
1500,11
720,8
1500,5
788,5
10000,4
250,5
1700,5
941,10
3300,15
1200,8
3500,12
2400,15
4500,4
4000,13
1500,15
1000,11
4000,11
3200,15
4000,14
4500,15
3800,10
788,8
2000,15
5000,10
3000,5
2470,15
0,4
1200,13
4000,11
1300,8
1200,3
500,4
3000,11
1500,11
1920,6
1200,4
400,4
1500,5
100,8
1447,4
400,11
788,11
1700,4
788,9
1400,15
1100,0
7500,8
0,7
2500,4
1300,0
1100,6
1500,2
1600,4
2800,4
1300,8
3400,11
2100,10
905,7
788,8
1450,8
1500,2
1000,5
1700,8
900,7
300,7
2000,4
600,5
905,8
2500,5
1000,8
1300,11
1000,11
1500,15
1400,9
1000,11
1127,6
2300,11
1500,4
6000,15
2200,8
2000,11
420,8
2000,5
1400,6
1500,11
1200,8
1500,8
1200,8
1000,11
900,3
1010,6
1100,4
1900,4
1200,4
1100,0
2000,5
1430,7
300,2
1050,9
1300,13
2000,13
1200,7
850,0
1100,0
2800,4
1200,3
850,4
3000,7
2000,3
1800,8
2000,11
1100,11
1300,15
1873,11
1500,11
2000,15
3000,13
2500,11
4500,14
900,14
2000,5
1000,11
5000,13
2000,15
1000,8
2500,15
800,0
2000,11
1500,11
1800,14
1700,8
1800,11
1000,11
1600,11
2500,4
1200,11
1980,11
788,11
2200,15
1600,8
1300,15
2000,12
7000,15
788,11
8100,15
10000,15
14000,15
1500,13
1500,3
2000,14
15000,8
4000,15
2100,14
5000,15
3000,11
6000,15
2000,15
8000,11
8000,15
10000,15
1500,0
10000,11
2500,14
1200,3
1190,11
1576,2
4000,11
2000,15
1200,4
1600,3
2100,8
1500,7
900,11
2500,14
3000,11
900,3
2000,11
730,1
1300,4
1600,8
3200,11
1200,0
1200,10
1216,11
1200,8
1200,11
2100,4
1200,0
1900,6
0,4
0,13
1500,6
1500,11
2000,11
1600,11
3500,15
2000,6
3200,11
2000,11
2500,8
3000,11
1200,8
2200,4
2000,4
1000,5
905,11
1100,3
3000,10
1500,10
3000,15
3000,12
1500,11
2200,11
2400,8
1500,0
1000,0
1600,5
1300,11
5000,15
2100,8
2500,12
3000,12
1200,7
1200,9
2000,15
500,0
1100,11
1576,15
2364,11
2200,11
2000,13
3000,15
5500,14
500,6
2000,11
1800,11
1100,11
2000,6
2500,11
1500,11
2800,11
8000,12
1500,11
2500,8
2000,15
5000,4
2200,8
3200,10
1600,4
4000,4
1400,11
1800,5
1170,11
4000,8
2500,11
1850,4
1200,11
900,4
3800,15
1300,0
1000,4
1700,2
0,4
1200,8
1500,11
3000,15
2300,8
788,4
0,11
1000,11
788,3
788,3
1400,0
5000,11
3000,5
788,11
700,7
1200,8
1800,11
1200,4
1200,10
1500,11
0,11
2200,11
1000,11
3000,8
780,4
5000,15
4300,11
5000,11
3500,11
40000,15
2135,8
900,6
2000,4
780,11
6000,11
10000,11
2000,14
3000,15
800,4
1600,0
3000,11
905,9
1400,11
1400,4
2000,11
1800,4
1300,5
2000,5
900,5
1300,11
2600,8
5000,4
1200,11
880,0
980,0
1300,4
1500,0
1500,11
4000,11
5000,11
2400,13
2000,0
1200,11
2500,7
790,0
1500,11
1097,8
788,11
4000,8
2800,2
1500,9
2200,11
1900,11
400,11
900,8
900,1
1500,11
800,3
2500,6
1500,4
4000,15
1500,15
7000,15
3000,5
10000,15
1000,5
1800,11
3000,8
1600,8
788,11
2000,11
1500,11
1200,5
1200,11
3000,8
6000,14
10000,15
900,11
5000,11
2000,11
1000,3
1100,11
1200,10
1200,7
800,5
2000,7
850,8
800,3
900,9
788,11
1500,11
3000,10
980,9
1000,5
1400,6
900,8
1500,5
1500,11
1400,5
1700,5
3000,11
2000,15
1200,8
2000,11
3000,6
1500,5
2000,11
1000,4
1500,4
1100,4
50000,11
5000,15
20000,15
4500,15
1800,15
1200,15
1000,5
1000,11
2500,4
1219,11
1500,5
7000,15
2000,11
1500,11
4000,15
1600,5
12000,6
1600,11
1800,15
1400,12
2500,15
2800,15
2500,14
1200,15
1233,11
720,5
1500,9
6000,11
4000,15
1008,11
280,6
1080,11
1000,8
1000,11
1120,11
500,8
1100,11
1400,14
1800,13
1200,5
300,4
1100,6
850,11
788,5
250,4
1500,6
2000,4
820,4
1100,11
400,9
2900,4
1600,5
730,8
916,11
1300,11
2100,8
1200,11
20000,15
5000,13
701,15
1500,11
1008,11
140,8
1900,15
12000,15
4000,14
4000,13
3000,11
300,1
980,11
1100,11
3000,8
2000,15
1500,5
1600,7
900,8
700,0
2800,8
1200,11
2300,15
1300,11
1000,11
900,6
1100,11
400,10
788,5
5000,11
3500,11
1200,8
900,11
1800,11
1800,7
1200,11
350,0
1000,8
700,4
0,8
1300,11
1100,11
1200,5
1200,11
1100,8
2000,8
3400,11
700,8
2000,11
2300,11
1300,8
1800,11
2000,15
1700,15
800,15
1000,0
1300,15
6500,14
600,11
1400,8
960,7
1000,0
4800,15
5000,11
2000,15
2700,8
480,4
788,11
1700,11
4500,15
1500,15
3500,15
11000,15
1500,15
10000,15
788,9
10000,15
7000,13
5000,8
7000,15
788,4
10000,15
3780,11
7000,15
800,11
1300,9
2700,11
3500,10
2000,5
400,0
700,4
1050,11
1300,5
800,11
4000,11
1600,11
4000,11
5000,15
1200,13
1500,14
1500,8
1500,13
1372,11
1500,0
1300,0
788,0
1500,0
320,0
840,0
500,0
2300,8
900,9
2000,15
2500,10
2400,15
2000,11
3900,11
1700,7
800,11
1200,8
780,8
1200,9
1000,15
1500,11
1000,0
0,15
2000,8
1400,4
1900,11
2500,6
800,4
2500,11
1200,5
3900,4
80,0
2000,11
1600,11
1500,0
2500,11
2000,4
1500,7
500,0
2000,11
850,7
2000,13
2300,11
1200,8
2000,9
2000,4
350,11
2200,6
2500,4
1000,8
560,9
1500,8
3000,9
3000,11
1019,11
2000,13
1150,8
1200,11
1600,0
3500,11
788,11
1800,11
1300,8
1200,10
800,8
1600,6
4000,8
2000,5
500,11
2500,11
2500,15
1000,11
1500,11
6000,11
3750,14
6000,15
2700,15
2500,11
750,3
1600,11
1500,8
1200,11
2000,11
2500,15
1400,11
1900,11
3700,12
1600,11
4000,3
3400,5
100,3
5000,11
1500,11
1500,0
4000,15
1100,11
2000,11
2000,8
1200,4
2600,11
1800,11
1100,11
3000,13
440,9
800,4
1800,5
300,0
2300,15
3000,11
1500,11
1200,11
1500,3
1200,11
2000,8
3500,11
2000,15
4500,15
2700,14
2000,11
3000,4
1900,11
7500,15
3000,11
1000,11
2600,11
2560,15
1900,11
1000,8
1600,11
1400,11
1600,11
10000,11
1050,10
1090,11
1000,14
2000,11
1800,9
1500,8
1500,4
1200,4
800,11
1300,11
4000,15
3500,3
1000,15
3000,11
4000,15
500,9
1000,11
788,7
4300,15
1200,8
3500,4
2500,11
2000,11
1200,9
800,0
856,8
788,0
820,8
1100,10
2000,3
1200,12
3000,11
1300,11
1500,0
3900,11
1500,10
1300,8
4000,11
2100,8
2000,15
1300,8
3000,5
1500,3
1600,7
3000,0
1029,4
1800,4
5000,4
1700,6
2500,11
4100,9
4000,13
2500,11
1200,11
4000,15
30000,5
5000,15
1400,4
1250,11
3000,8
2400,11
1900,8
1200,1
788,4
5000,14
0,3
1000,4
4000,11
1250,8
2000,3
1100,11
2000,0
1200,4
900,0
1720,0
1000,10
2800,11
1000,3
1000,10
1800,8
2500,11
5000,15
800,2
1200,11
2000,7
10000,15
832,4
3000,11
1800,5
1000,15
2000,4
1600,6
350,2
1200,8
1100,6
1600,4
2500,7
1500,8
250,7
450,4
800,0
2000,4
200,8
1600,4
1200,11
1500,11
2000,15
6000,15
1400,11
3500,11
1000,11
2100,11
1200,11
1200,6
2700,11
2000,4
800,11
1200,11
5000,11
1300,5
2200,8
1000,6
900,4
1200,10
1600,8
2000,8
1200,11
900,8
2500,11
1500,5
1100,1
1500,15
2000,11
5000,11
350,6
1700,15
11000,15
2200,15
58000,15
4000,15
850,11
4000,15
5980,15
3000,8
25000,15
5000,15
10000,15
5000,13
1800,11
7500,13
3600,15
788,15
6000,15
1200,15
800,4
2400,15
5500,15
10000,15
9000,15
2300,11
2300,15
5000,11
3100,11
3500,13
1000,11
5000,15
3300,13
920,15
2500,13
1055,15
3500,11
17000,15
2500,11
4500,13
2800,11
2500,4
950,11
4000,14
6000,15
2500,9
2400,11
1000,8
1300,4
3100,11
1500,6
2500,4
600,8
1500,5
2500,11
1400,11
1000,8
1500,11
2800,12
750,4
2200,15
1035,4
1500,11
1200,11
1400,11
2800,11
1700,11
6520,15
1200,11
4000,15
2500,9
9700,15
0,11
4000,15
3000,15
8000,15
7000,15
18000,15
3000,11
2900,15
4000,15
60000,15
2000,8
12000,15
6500,15
5000,15
6000,15
3900,15
10000,15
1200,15
6000,15
6800,15
3500,14
2800,15
8000,11
1800,11
3000,11
1400,1
800,11
1800,11
1800,11
2000,15
2500,11
400,0
2500,0
1200,15
788,3
1600,6
1000,11
2000,5
1200,1
1200,14
5000,11
9000,15
1500,7
10000,15
2000,15
5000,15
3000,15
8000,15
5200,15
6000,15
1500,6
2500,11
1000,7
6000,15
9000,11
1500,2
900,15
9000,14
5000,13
4000,11
4000,13
1200,13
3500,11
10000,12
3000,14
1300,9
1100,11
3000,11
2000,11
1400,11
2700,11
2800,11
1800,11
8000,11
1000,5
2500,15
6000,15
3000,15
788,4
2000,8
1000,15
7000,15
4500,11
5000,12
5000,15
4000,15
2300,15
5800,15
5000,13
15,0
200,15
1078,11
10000,15
1200,11
15000,15
2300,14
1500,15
500,11
2300,11
1500,11
4200,11
4100,12
250,11
2000,8
3500,8
820,7
1500,15
2500,13
5000,5
2000,15
5000,15
13000,15
5500,15
1600,15
12000,15
4200,11
1200,3
2800,15
4000,15
788,11
20000,15
2500,15
1500,11
1700,11
1500,11
6000,15
1300,8
5100,15
3000,14
15000,15
1500,3
720,8
1000,11
1300,0
1600,8
1000,8
1500,8
1300,11
1200,4
788,11
0,4
2200,15
1200,4
1600,11
926,7
900,8
1000,4
3000,15
3500,15
10000,15
7000,15
12000,15
7000,15
6000,14
5000,12
1000,15
5000,15
10000,15
2000,11
3900,15
5000,15
12000,15
1500,13
1300,11
8000,15
9000,15
5000,15
12000,15
10000,15
1400,7
3500,15
1000,6
6000,15
5000,15
900,12
905,14
2000,15
8000,15
1800,11
600,11
1090,11
916,4
1100,11
788,4
900,7
1800,4
1200,4
500,15
8000,15
10000,15
1000,11
10000,15
9000,15
2500,13
5800,15
400,13
5500,15
1268,11
4592,15
7000,15
5000,11
0,11
5000,11
788,4
1000,15
4000,12
3700,11
3000,11
1000,8
1000,11
5000,15
3000,14
1700,8
1800,13
1500,12
6000,12
5000,15
3000,11
2000,12
1500,11
3000,15
1200,8
1500,12
1400,11
300,2
1200,3
800,4
788,8
788,11
700,11
1300,11
1300,15
788,8
788,11
2000,6
1500,13
800,8
1300,8
450,11
1200,11
390,11
2000,11
916,4
6000,11
1000,8
2000,9
1200,8
1094,11
5000,5
1000,11
900,11
1600,11
1000,13
2000,8
1500,15
2000,0
2500,11
850,4
800,11
2500,11
3200,5
10000,15
15100,15
4000,14
3500,11
3000,8
1800,8
8000,13
7000,15
3500,15
3300,11
6000,13
2000,11
1500,15
1400,11
15800,15
3500,12
6000,13
5000,15
4000,12
600,11
5000,11
1500,8
2500,11
7900,15
4000,15
5000,11
6000,11
5000,10
2000,15
7000,15
1350,11
3000,11
2700,11
800,11
2400,14
3500,15
4000,8
1100,9
1800,11
1500,8
1600,5
1000,10
1000,15
1600,11
2000,11
1600,5
1100,11
1200,11
2300,11
800,15
700,11
2500,15
8000,15
2400,11
5000,11
1200,11
900,6
1900,14
500,8
4000,15
788,11
2300,11
3500,15
300,2
2800,7
800,0
600,11
1000,11
1700,3
1000,11
1200,0
600,8
650,11
1400,11
4000,4
5000,15
13000,15
18000,15
2250,15
5000,15
48000,15
8000,15
8000,15
8000,15
2100,15
8500,15
6400,15
1800,15
19000,15
900,14
4000,14
5000,11
6000,15
2200,14
3000,11
800,13
2000,15
450,9
2300,15
1900,8
1800,15
2500,15
1500,8
2300,10
425,1
1520,12
1250,11
8200,15
500,8
1454,15
3900,15
8000,15
4000,15
5000,11
2000,11
500,14
7200,15
5400,15
5000,15
1700,9
3000,15
600,15
1100,13
3000,14
788,8
5400,15
2000,4
850,5
1200,10
1500,8
2200,11
4500,15
1400,8
1200,4
5000,15
2000,11
996,8
1500,4
850,11
800,15
3500,4
4000,8
788,4
1200,2
1500,0
900,6
2000,8
1000,0
1080,5
975,11
1400,9
800,12
2000,15
800,11
2000,11
4000,11
1900,11
3500,15
920,8
2200,15
2800,11
3000,15
1100,11
1570,10
1000,7
3000,14
1500,11
1600,7
1300,11
1500,4
1250,8
4000,12
1200,4
2000,15
1200,15
1350,11
2000,15
1300,7
3000,7
3000,11
3000,13
1500,10
4000,14
1500,11
1000,11
3500,8
0,10
1110,11
2000,11
1500,6
750,8
3800,6
1600,11
1100,6
3000,11
1200,11
840,8
1500,11
788,9
1600,1
1600,8
4874,11
2200,15
1700,11
1200,8
1450,11
1100,4
900,11
1500,8
1300,8
1500,6
2400,10
1000,11
3000,15
1300,12
3000,4
2000,7
2500,11
1300,0
1800,7
1400,11
2000,4
1800,11
1800,3
3000,11
1800,11
200,1
4000,6
1600,4
1500,6
1500,11
2234,4
2000,4
1780,8
1200,11
2500,11
1100,5
1500,11
1600,7
10000,11
860,10
2000,14
2200,11
2350,11
1600,5
3500,11
2000,8
3200,11
1900,7
1600,8
650,8
1800,8
1200,8
850,1
1300,11
2000,8
4000,11
500,11
1900,13
1600,12
2100,11
1800,11
1400,7
1100,8
840,11
1000,11
2300,11
5000,11
3000,13
1100,11
1200,11
980,15
150,9
900,12
788,4
1700,11
2100,11
1800,4
3000,15
2500,11
2000,8
2200,11
1500,11
1000,11
300,11
3500,5
1000,11
500,10
1000,11
788,10
350,6
6000,11
3000,11
1000,11
5000,15
10000,15
1400,15
2500,12
1700,11
600,4
1200,11
2100,11
1500,2
1200,11
1100,9
2000,11
788,11
1500,8
1200,1
788,11
1200,2
1400,5
3000,11
7000,11
1800,8
1500,4
1200,0
1800,4
1490,8
1200,3
1700,7
1200,11
1500,11
15000,15
1600,11
1800,11
7000,15
7900,15
11000,15
900,11
1078,5
800,8
850,3
788,11
1500,7
1800,6
1000,4
320,8
350,2
1500,11
1350,5
1500,12
4500,15
6000,14
5200,12
5100,11
6500,15
3500,14
5000,15
4500,12
1600,11
4300,14
3500,11
3500,14
3500,11
3900,11
4000,15
3000,11
10000,14
10000,6
13000,15
10000,15
9000,15
800,11
5000,15
2500,9
1300,11
1570,11
1722,11
1000,11
4200,11
2000,3
980,11
5000,13
1400,11
1500,10
1300,14
1800,6
1500,11
1300,6
1600,4
2480,11
1900,3
1500,5
1300,8
800,5
1300,11
1400,3
1500,11
3500,10
1600,8
1083,11
1500,8
1600,8
950,8
1000,11
900,4
1100,6
950,2
1800,8
500,11
2800,8
1500,11
1200,11
1400,11
3500,15
1000,14
3000,11
788,11
5000,15
4000,11
1000,0
1200,4
1100,8
3000,11
1500,11
4000,15
2000,5
8000,11
2000,4
5000,15
3000,15
4500,15
3941,13
38000,15
11000,15
3000,15
23000,15
48000,15
10000,15
1500,11
1665,11
2000,11
1000,10
2000,9
2500,11
1200,4
1000,11
788,9
800,3
2400,8
916,2
3000,11
1080,4
1430,10
3500,11
1500,13
1500,13
788,11
1600,0
1500,6
2900,12
900,8
1670,5
1600,8
2000,8
1700,11
1000,4
1000,11
900,8
1000,11
1900,11
1000,0
1200,11
1650,11
1500,11
8900,15
3200,15
7500,15
6800,15
2500,11
1000,15
1500,11
7000,15
1500,8
16000,15
8000,11
5000,14
13000,15
6000,15
5800,15
4500,15
7000,15
1800,11
4600,15
6000,15
6000,15
2304,11
4000,11
5000,11
3000,11
2000,7
700,8
600,5
3000,15
3000,15
400,11
1700,8
2000,15
5000,11
1500,11
1600,8
1200,8
2500,11
1300,15
15000,15
1500,11
4600,15
2018,15
1200,4
3000,15
850,11
1500,8
1400,15
788,5
1000,8
2500,10
800,4
2500,5
788,10
2400,11
2500,11
900,4
1500,0
1600,11
4000,15
1000,15
3000,14
1500,10
3000,7
1372,11
1800,11
1200,13
900,11
1300,11
2500,15
2500,11
1500,4
1200,6
920,7
2000,11
2000,11
1500,11
2800,11
2300,11
950,0
700,7
1200,11
1700,11
1100,8
1200,9
1000,5
1400,5
2000,11
780,4
1500,9
1000,5
1000,11
1000,11
788,4
1500,5
1800,15
2000,13
6000,15
2500,15
4300,15
1500,8
2200,15
3000,11
1200,11
6000,11
5000,15
1600,12
916,12
1500,11
1000,3
2000,8
2000,11
3500,4
2000,11
860,7
2800,11
2800,9
1100,8
1000,4
1500,11
2400,7
2500,11
4500,15
1200,11
1650,13
1000,6
5000,15
5500,8
1400,10
2500,14
3500,10
2500,14
2400,15
3000,15
5000,13
5000,15
25000,11
4000,15
2600,12
1500,15
1900,0
2500,15
5000,15
2300,15
2000,15
1600,14
3500,15
500,8
7000,15
3268,15
2500,4
5000,14
5000,15
2300,15
1000,11
15000,15
3000,15
6000,15
6000,14
12000,15
12000,13
8000,15
10000,15
3000,14
4000,15
11500,15
3000,4
1800,11
800,11
2500,0
3200,12
3500,15
1500,2
1750,11
2300,10
1600,8
1800,15
1100,0
1500,0
400,5
1600,8
2500,15
1500,0
800,11
1088,11
4000,11
2000,11
2200,11
3500,15
800,11
900,8
2000,3
500,0
600,0
1300,11
916,10
800,8
1500,11
1500,11
1000,11
2000,11
1200,8
950,12
2000,8
250,0
800,11
1400,15
2000,11
2000,5
788,11
1800,11
916,4
250,8
5000,11
1200,0
1622,11
1200,4
6000,11
1503,14
3500,11
1400,10
1800,15
3000,11
3000,13
5500,11
800,4
1200,15
2400,11
8000,15
3000,15
3000,8
1000,0
2000,11
1600,14
800,5
3500,15
5000,15
2000,11
2000,11
600,11
990,8
788,7
950,11
200,2
1400,0
1000,4
2000,11
788,4
3300,8
5000,8
800,8
850,4
2700,3
1500,8
2900,11
1800,13
6000,15
4000,15
1600,4
2000,11
1500,1
670,10
789,3
800,8
788,0
900,4
815,0
1000,8
1600,0
1500,8
900,11
1200,6
1200,0
1200,3
1000,4
1000,5
7000,15
3800,15
2000,8
1500,4
2000,13
4500,11
7000,15
3000,15
6000,15
20000,11
7100,14
6000,11
3000,11
3000,15
12000,13
7000,15
7000,8
788,4
1500,11
3000,11
1600,12
2000,14
1050,6
1550,5
400,7
1500,3
1200,0
600,11
400,8
1100,11
1500,11
2000,11
2400,12
1180,11
1300,13
1600,11
1770,11
6000,15
4000,0
1500,11
1000,7
2500,15
2500,13
1073,11
2300,7
1500,3
1400,11
2500,4
480,12
1500,11
900,11
3100,12
1000,11
1500,8
1600,0
1500,11
3000,11
3000,15
3000,15
1200,11
3000,11
2000,11
10000,15
3000,15
3500,15
4200,15
9000,14
1200,15
5500,15
788,11
1085,11
2500,10
1400,0
4000,12
500,11
11000,14
800,11
2500,11
500,3
8000,15
1600,11
1900,12
2500,13
725,11
500,15
4000,15
200,10
1500,10
755,11
900,5
1200,11
1000,8
900,0
2500,11
2000,11
1400,4
1800,11
10000,12
2500,15
2000,12
1000,0
1300,11
800,11
1700,10
1200,8
2300,8
0,5
1500,0
1000,11
0,4
900,8
2500,12
1100,11
788,5
1100,0
1300,0
980,6
500,5
1200,5
1600,4
1300,1
780,9
1000,10
2000,4
700,7
3000,11
1500,11
700,12
800,11
2500,15
3500,4
1500,11
1000,11
1120,4
1000,8
1100,10
3000,11
2000,15
1890,6
2000,10
1500,0
1000,3
0,4
788,11
1850,4
300,4
788,10
1335,3
1500,11
200,4
600,9
800,11
2300,11
300,6
2500,13
1600,11
1500,8
3500,15
1000,11
1000,15
1500,11
2000,15
1200,11
1200,5
2500,11
1200,11
1100,11
1000,5
1850,11
2000,9
2400,11
1500,8
2000,11
2200,15
1600,11
1300,6
1800,15
788,12
1600,12
2400,11
980,11
200,11
1200,11
1500,0
1500,0
788,11
1200,8
2000,11
3000,11
1000,0
300,8
1000,11
900,8
1800,11
1300,11
2300,11
788,0
1300,11
800,11
300,4
1200,11
1500,8
2000,11
3000,14
1650,0
780,15
1200,11
1300,4
1100,11
1800,11
1600,11
1000,8
1200,11
1400,11
1200,8
1000,0
1800,11
1400,0
2200,0
2000,0
2500,5
1400,0
780,0
1180,0
7000,15
5000,15
5000,15
11000,15
1000,15
10000,15
16000,15
3000,15
15000,11
6500,15
10000,15
7500,15
5000,15
4000,15
3500,15
3200,15
3000,15
5200,15
7600,15
3500,15
2500,15
11000,15
3000,12
480,6
5500,15
2000,11
2500,11
2000,11
1700,11
3000,11
1000,12
5500,15
2500,4
10000,13
2500,11
1600,15
1400,11
2000,11
4500,7
2800,15
0,12
1200,11
2500,11
10000,13
7500,14
8000,13
320,8
1600,6
1200,8
1500,8
800,8
800,4
2000,11
1300,8
600,12
3500,11
1000,10
1750,4
7000,11
1300,7
1088,11
170,8
200,8
1200,9
905,0
800,5
7000,11
3000,11
400,11
3500,15
6000,15
1500,8
2800,15
2200,15
1360,5
2300,15
3000,14
1300,0
4000,15
1000,8
1450,2
1600,11
1100,0
1700,14
1300,9
2500,15
1600,11
4000,14
3500,15
2500,13
1300,15
8500,15
5000,11
5000,15
4000,15
850,0
1000,15
1500,5
1300,6
2000,4
1500,14
2000,13
1800,11
1000,4
1500,9
1200,11
500,3
1000,13
1000,8
400,11
2000,4
400,11
1600,9
800,10
500,2
788,8
1600,11
1300,9
1800,8
1900,12
4000,11
1200,8
3500,8
4000,6
1500,7
1200,5
600,2
960,11
1300,4
1000,8
1600,11
1200,11
1500,4
1000,5
916,8
788,6
2500,4
1000,10
1218,10
1140,8
1000,7
1200,5
1200,11
1800,11
2000,0
1300,8
1000,10
1000,8
1400,3
1240,6
400,11
1600,9
858,0
720,11
1200,4
1600,5
1000,2
3400,11
2300,11
15000,4
485,7
1700,11
500,6
2000,8
720,6
3100,4
1500,11
1100,11
916,3
4000,4
1200,11
2500,6
1500,2
2500,5
1300,11
1600,5
890,5
1600,4
1041,11
3000,15
1500,9
2500,2
1580,3
2100,8
960,4
180,7
1500,2
180,4
1325,4
1300,11
1200,7
1200,4
1112,0
950,11
1600,11
15000,15
0,15
30000,15
1500,11
15000,15
7500,11
13000,15
12000,15
7000,15
30000,15
10000,15
6000,15
24000,15
12000,15
4000,15
20000,15
8000,15
1800,7
2000,10
1200,14
2000,11
1500,14
1200,12
1500,11
1100,11
1000,11
1500,4
1000,5
2000,11
1500,11
1100,11
1500,4
1200,5
1600,5
1000,9
1200,0
2000,0
1300,11
2000,8
2000,11
2000,11
1800,11
2400,15
1200,14
3500,4
4500,11
3200,15
700,11
400,7
853,11
1000,9
1073,10
3200,15
12000,15
8000,15
14000,13
8000,11
1000,15
3000,15
14000,12
5600,15
8000,15
6870,15
1800,13
12000,15
2500,12
1900,14
15000,11
5500,11
15700,15
20000,15
10000,15
15800,15
3000,15
20000,15
20000,15
10000,15
17000,15
20000,15
9000,15
7000,15
10000,15
600,13
10000,15
10000,15
7000,15
8000,15
7000,15
1250,9
700,11
420,11
960,4
960,8
300,4
300,15
900,4
788,1
1200,4
788,8
500,4
1005,8
2700,11
1000,2
900,11
2200,11
200,1
1300,11
2500,4
1500,11
6000,11
4300,6
1000,3
3000,11
1200,8
150,6
1280,13
1300,9
800,1
2000,11
1500,11
1000,4
1000,4
1200,4
1200,3
1250,11
1500,11
1200,6
300,14
1300,11
2100,4
1000,1
2000,15
1700,15
1280,11
100,8
3500,6
1200,11
788,8
1600,11
1500,10
1500,11
1000,11
1050,7
1500,11
1400,15
1200,8
1900,9
1500,13
2500,11
1500,11
1200,11
2000,8
6000,11
2000,11
5000,15
1300,11
2500,11
4000,7
7000,14
3500,9
1500,11
788,10
1200,11
2000,15
1000,7
1500,13
1500,15
1500,4
1600,6
1100,11
2500,11
3000,14
5000,15
1180,3
1500,13
400,11
3000,15
800,6
1700,15
9000,14
800,4
1600,11
1500,2
3800,15
3500,15
12000,12
4000,14
2000,15
2500,11
13000,15
10000,15
200,10
2000,11
2000,11
2700,12
2000,8
5000,12
7500,12
2000,10
900,11
2200,6
980,11
3500,6
2000,8
1800,4
2100,8
1300,11
2000,13
9000,15
18000,15
10000,11
20000,15
10000,15
3500,11
5000,15
3000,15
3000,15
950,0
1200,0
1600,4
2200,8
2800,11
1200,15
788,12
2500,8
1000,4
800,15
1086,11
2200,15
3000,15
1100,5
3200,11
2000,15
600,10
400,12
1000,5
2800,4
6000,15
450,0
3000,15
16000,15
6000,15
4500,15
14000,15
5000,15
3200,15
8200,15
13000,15
1270,11
800,2
1900,11
1600,8
1800,4
2300,8
788,2
2000,11
1600,8
800,11
1250,10
1500,0
1500,11
1000,11
4300,11
3500,7
1000,11
1800,7
5200,11
1500,7
788,7
3000,11
2500,11
1400,11
600,4
1412,11
1000,7
1000,11
1200,9
1000,8
2000,15
2200,8
800,8
788,4
2000,11
2250,4
1200,11
1800,7
1600,11
914,5
1200,3
1100,12
2600,6
600,5
2000,8
1100,5
1000,3
788,8
1000,5
1012,0
800,8
500,7
1200,12
3000,4
1200,0
1300,11
6000,11
1000,8
2100,1
1300,0
1500,11
600,8
700,11
1250,8
1200,4
2000,11
2300,15
2100,5
1509,7
1500,12
7000,8
2000,14
1500,9
700,10
1200,6
900,8
1600,11
1000,6
1500,11
1400,11
1500,9
500,5
1300,8
1200,11
1600,0
1800,0
1000,3
1900,7
1400,8
1000,4
800,11
1008,4
1200,11
1350,8
1000,12
1200,5
1500,5
1200,7
1200,5
1590,8
1500,4
800,6
1300,6
1200,5
1580,10
1140,4
880,8
2000,11
800,11
3000,11
1200,11
600,11
1500,11
1200,15
5000,6
680,11
1500,8
788,11
1500,11
1000,8
2500,11
500,1
1300,13
2000,3
2000,11
1100,11
2600,11
1000,11
1200,11
1300,8
550,11
890,11
1500,11
2000,11
900,11
700,9
2000,13
500,15
400,11
3290,6
1200,11
1200,11
3200,11
14800,15
4500,15
6000,15
7388,15
3500,15
4000,15
14000,15
0,11
8000,13
8000,15
50000,15
5500,15
17000,15
14000,15
10000,15
3000,15
8100,15
800,15
7700,15
10000,15
11000,15
5000,13
8000,15
7854,15
8000,15
2800,15
10000,15
1200,4
1500,0
1200,11
2000,9
4000,15
1000,5
1000,0
2000,8
600,0
1000,8
2000,0
300,0
1810,8
800,4
3000,15
1700,11
1300,0
1100,11
1100,0
1000,15
1400,11
2200,11
2000,11
4500,11
1062,11
4000,8
3000,4
2000,11
2000,4
1200,5
1300,0
4500,11
1700,11
2000,4
1000,13
1500,11
800,5
2000,11
1500,8
950,4
1400,11
2000,8
1700,11
2200,15
3000,11
2000,11
4000,15
1800,11
1500,11
3000,15
2000,0
3500,0
3000,15
1700,11
2500,8
2500,14
400,15
1500,12
788,11
1300,8
1000,9
2500,11
1500,8
2000,13
1500,14
900,10
5000,11
0,14
2200,7
1400,5
3800,15
350,6
1500,6
180,4
1600,11
1900,13
1000,3
2000,6
800,13
1500,11
1200,11
1900,14
1500,11
960,5
1800,11
5000,12
1250,11
1400,4
900,7
50,1
1350,4
1200,10
2000,8
3000,15
15000,11
4500,15
3000,7
6000,14
20000,15
30000,15
900,2
6000,15
7000,11
1500,15
12000,15
5000,15
8000,8
5000,15
12000,15
3000,15
12000,15
1200,11
3000,0
6000,15
1000,12
10000,15
5000,5
7500,15
5000,11
20000,15
2000,15
10000,15
4000,7
3000,11
1600,8
2000,10
2500,11
6500,15
6500,11
1520,13
1600,11
1250,11
2000,11
1350,11
1650,4
1690,11
2800,15
4500,15
800,11
4500,11
13000,15
1200,8
800,3
1350,14
10000,15
10000,15
600,0
3000,11
3500,15
1100,0
2500,11
1000,11
800,11
1200,11
4000,11
1800,12
1500,11
2300,15
2300,11
800,8
2600,11
1200,11
1100,11
1300,11
1100,11
1250,11
6400,11
3200,15
2200,15
12000,14
12500,8
3500,15
3500,15
10000,15
2500,8
4500,15
8000,15
7000,15
1500,4
1800,6
850,0
2000,11
1500,8
1500,9
1000,8
280,3
1300,8
0,0
2000,11
1600,5
2000,6
999,11
1400,6
820,5
2300,11
750,7
700,11
350,8
788,6
1100,11
1096,8
1300,8
920,8
3000,8
880,3
4000,11
2000,4
1200,5
2000,11
2000,10
5000,11
2400,8
2000,15
2000,11
1200,11
2000,11
1300,11
3500,15
2000,11
1500,12
900,4
2800,14
2000,6
1300,11
1200,11
1400,3
350,3
788,8
5500,12
1200,0
2200,11
700,12
3500,12
1300,0
1300,12
1200,0
1288,8
1000,3
750,0
2000,12
1200,12
1050,12
3000,12
1400,12
2000,8
1200,15
1500,11
1250,8
1119,10
2200,14
2400,15
500,6
1200,11
2700,12
5000,13
640,4
3000,15
1200,7
2700,15
4000,13
2500,15
1100,11
3500,11
480,10
10000,15
788,11
3000,11
3000,15
2000,11
1100,12
700,11
2000,11
1700,12
10000,15
3000,11
300,14
13000,15
4000,15
17000,15
2500,11
4000,15
9800,15
12000,15
16000,15
15000,15
5000,15
1500,0
1000,0
1500,4
1400,15
6000,15
10000,15
10000,15
8000,15
7000,12
2400,15
4000,5
3500,11
3000,8
1200,14
1500,4
1200,13
900,4
2000,13
4000,15
5000,13
3500,15
4670,15
1200,12
5000,13
1600,15
14800,15
15000,15
6800,15
10000,15
11000,15
10000,15
10000,15
6000,15
20000,15
95,15
30000,15
20000,15
25000,15
900,15
16000,15
5000,15
10000,15
35000,15
80000,15
16000,15
25000,15
11000,15
15200,15
5000,15
4000,15
980,8
4200,9
2200,11
4000,15
1500,11
8000,15
3200,14
1400,11
4000,15
3700,15
3000,11
1200,4
870,10
1306,9
1000,11
1200,4
1300,11
2600,11
1500,3
1500,2
1100,4
920,15
2500,15
1300,11
1200,14
1500,4
2500,11
1000,11
1300,5
1600,11
1300,10
1200,15
1680,7
1600,6
860,0
1200,12
2000,15
1400,11
1600,11
2000,11
690,13
2000,15
1600,15
3000,8
1200,7
2500,11
1000,0
4000,11
2500,8
1600,10
2200,15
1600,4
2300,15
4500,12
3200,11
2200,8
1800,11
1200,11
1600,11
10000,12
4500,15
3000,14
3000,15
7000,15
10000,15
5300,14
1000,15
3000,11
5000,14
1200,11
3000,11
15000,6
2500,15
5200,11
1500,0
6000,15
7500,15
6000,12
12000,15
2500,11
788,15
4000,15
3100,11
2000,0
1100,11
2400,15
5500,15
1500,11
1300,11
8000,15
3000,13
400,8
5000,14
2000,11
6000,15
5000,15
788,8
1000,0
4500,0
2000,11
1000,4
700,11
100,11
2000,10
3000,11
2000,11
3200,11
1200,10
1800,12
800,5
900,5
820,7
1000,11
1140,0
3000,7
1200,15
2300,9
1200,11
1800,11
3000,15
2500,14
1315,11
1200,4
1300,7
2000,11
1576,11
4500,11
788,11
15000,5
2300,11
3000,11
3800,15
3890,15
2000,11
1200,4
4000,15
788,8
1800,11
2200,11
1100,7
10000,12
5000,12
1800,7
4600,11
2500,8
4000,15
1500,4
1800,11
752,2
800,3
1700,11
3200,15
1720,5
1500,8
5000,10
788,11
788,11
1800,11
1350,5
5000,15
1200,9
2135,8
3000,15
1400,11
3600,15
1495,11
800,2
1300,10
7000,11
900,8
3000,4
1200,11
1500,11
2700,8
1700,11
1500,11
18000,15
8000,15
3000,15
7500,15
1500,15
5000,13
1100,12
5000,15
1600,15
4000,13
2300,7
3950,15
2300,4
3000,12
3700,15
7000,15
8000,15
700,15
4728,15
1000,11
1500,14
1280,11
8000,15
2700,15
5000,15
5000,11
2700,14
3000,15
10000,10
3500,15
6000,15
12000,15
2400,11
2364,11
6500,11
4728,15
4000,0
3000,15
4500,8
4000,15
1600,13
1500,4
1500,11
8000,15
2400,15
2500,15
5000,12
2400,15
2700,11
6000,15
3500,12
5000,13
1200,8
5000,15
3000,15
3500,15
2000,15
8000,15
750,15
7000,15
700,8
5000,15
2000,11
1700,8
3000,11
960,8
1000,15
5000,15
3000,15
3000,15
15000,15
1000,4
3000,10
2000,13
7500,14
1500,11
1700,11
3000,15
5000,11
4000,11
1200,10
6000,11
1600,11
1500,11
5000,15
2000,15
2000,11
1500,11
1500,7
2000,8
1400,13
2000,8
1200,9
872,3
1200,1
700,1
1600,7
800,8
1000,8
1300,11
800,0
1200,6
1123,11
1400,4
788,6
1800,11
1500,8
3000,11
2000,14
1000,11
3000,11
1200,8
1500,11
1350,8
1800,11
700,15
1000,13
4000,11
1000,11
788,11
1500,15
3000,11
1300,11
1500,11
300,8
2000,11
300,8
1200,11
1200,9
1080,10
1000,5
1050,8
1500,15
1500,8
788,11
2500,14
2200,11
4000,11
3000,13
1000,11
3500,14
2000,8
1500,9
1500,7
700,7
2000,7
1400,7
1000,5
788,4
7000,11
1000,10
1500,7
1500,5
2000,4
700,9
3500,11
2000,6
905,11
1144,0
1500,8
1400,11
480,4
788,4
1000,8
1200,7
3000,15
2500,11
3000,8
4000,13
1500,4
600,4
1100,10
1200,0
1700,5
1400,0
1377,11
750,8
1100,4
240,8
1400,0
2500,11
1200,8
1500,4
1100,5
4000,8
180,9
800,11
1800,9
1500,4
2200,11
1950,8
3000,15
1500,0
2000,11
2000,8
2000,8
2800,12
3000,11
2500,12
1200,11
1500,4
2000,0
3500,11
5000,11
2000,15
1000,5
1600,11
2000,15
2000,4
1300,0
1500,11
8000,15
5000,8
1200,11
2300,0
2000,11
1500,0
2300,11
2000,8
2200,9
800,8
10000,15
12000,13
17000,15
20000,15
20000,15
3000,15
1800,11
2100,11
3000,15
0,15
15000,15
3000,11
10000,15
1650,14
2200,14
2000,15
5000,15
6000,15
10000,15
8000,15
17000,15
4000,11
3000,15
6000,15
1500,15
18000,15
10000,13
3200,15
2000,15
4800,15
1700,11
2500,15
2000,15
3000,15
4000,14
2000,15
4000,15
2000,5
5000,15
8000,15
9000,15
8000,15
6500,14
2000,11
2500,15
788,13
1500,11
788,8
3500,4
2000,11
4500,15
1000,15
800,11
2250,4
3500,8
1300,15
1200,2
2200,6
2000,15
1500,15
4200,15
4800,11
9500,15
3000,15
3000,15
6000,15
20000,15
6000,15
6000,15
5000,15
4000,15
1600,11
4000,15
10000,15
15000,15
5000,15
7000,15
800,4
1200,11
1000,8
2000,8
3000,15
2200,11
22000,15
8000,15
1600,11
6000,15
8000,15
5000,15
3000,15
800,0
2300,12
2000,11
3000,15
2000,6
1700,11
3200,5
1600,8
400,8
985,11
2300,12
2100,11
4500,15
2000,15
3000,11
2300,11
3100,15
4500,15
1500,4
4100,14
2000,11
3500,15
6000,15
7000,15
2300,15
3500,15
6000,8
1500,4
30000,15
11000,14
15000,15
3500,9
15000,15
30000,15
6000,15
7000,15
0,15
2000,8
520,11
2000,4
1600,9
700,7
2000,5
1000,11
5000,14
1400,8
3000,2
1200,0
3000,8
1300,0
2000,7
1400,8
1700,8
1000,8
1800,0
788,10
480,11
3400,11
3500,11
2400,15
1241,4
1000,11
2000,6
30,9
1121,0
910,11
1800,9
500,3
1200,9
1500,11
2500,8
3000,11
800,4
1500,5
3000,11
3000,15
3000,14
4000,14
3000,11
700,4
3200,11
2000,2
1300,11
1250,4
2200,14
1900,5
1200,11
2300,15
1500,12
1000,10
500,15
1200,4
4000,13
3000,7
1576,11
2000,11
1000,11
2400,11
910,6
2700,14
1100,11
2000,11
5000,15
1200,11
2000,11
2700,11
2000,0
8000,13
30000,15
10000,15
6000,15
10000,13
5000,12
4000,14
1577,11
788,12
2000,11
2100,15
3000,12
9000,11
8000,15
2300,15
1200,5
400,11
2200,5
1200,4
2000,4
400,0
1500,8
1100,10
3000,11
1500,11
2000,14
1100,4
10000,9
788,13
550,4
1500,10
1500,4
1100,8
1800,11
800,11
2300,6
2500,11
2300,11
1300,11
1100,8
2200,11
1400,6
1000,10
2000,4
1500,15
15000,15
1400,8
1800,8
5000,15
5000,15
1800,12
5000,11
1430,11
850,0
2500,11
1050,8
1500,11
700,4
2500,5
1300,5
1680,6
1100,4
1600,10
700,0
4500,13
5000,15
1128,7
3200,6
1020,8
1400,5
1300,4
4000,15
700,10
1500,5
5000,8
1500,4
1170,8
2000,10
160,11
900,11
5000,11
1800,15
3000,11
12000,13
1000,15
2000,8
5000,15
1700,11
25000,13
15000,15
10000,12
4000,15
12500,15
5000,15
3000,11
15000,15
15000,15
5000,12
10000,15
4000,15
1500,11
7000,13
10000,15
6000,15
33000,15
6500,15
2700,15
11000,15
1000,11
18000,15
17000,15
40000,15
8000,15
20000,15
20000,15
15000,14
5000,15
10000,15
2000,11
1000,11
3200,8
3000,15
6000,15
2000,11
4000,11
1500,4
2200,8
1200,6
1200,12
1600,15
1900,15
1800,8
2500,12
790,12
1200,4
1100,4
788,5
1500,11
1100,5
1900,15
8000,15
1500,11
3000,15
3000,15
800,12
2000,15
1000,15
400,11
1580,10
4000,11
1600,11
12500,12
4000,15
2500,1
1200,9
2100,11
1000,11
850,11
4500,15
2000,12
1200,11
3500,15
6000,15
1800,11
1800,15
1800,8
2000,11
1200,1
2000,14
2000,11
2000,11
3000,8
2000,11
3000,11
2500,15
2000,11
3000,15
2000,11
700,7
3000,15
1098,11
1200,6
1300,14
2800,11
2900,11
10000,15
25000,15
2000,15
8000,15
2500,11
16000,15
6000,15
8400,15
15000,15
7000,15
3000,11
3000,11
10000,15
16000,15
7250,12
6000,15
7500,15
2500,11
12800,15
400,4
2000,4
1150,11
2200,15
1200,15
400,6
1100,11
1000,8
1200,0
1794,11
1000,11
800,11
2600,8
2000,15
2800,13
3200,13
1100,4
3000,11
1500,4
1000,11
2100,15
2400,9
1200,8
2000,15
2500,11
1000,10
3500,11
980,8
1400,8
700,5
850,11
1000,4
1000,11
2000,11
1085,11
1400,11
840,8
788,4
1000,8
500,11
1240,11
400,4
400,11
400,11
1600,11
788,2
8000,15
1500,15
3000,11
900,8
600,1
500,0
2700,13
1000,4
3000,4
900,8
1000,10
1500,11
1000,15
1500,4
600,11
800,6
1500,15
0,11
788,3
2000,11
1000,11
15760,15
3000,15
1300,9
700,11
1250,5
0,13
2000,7
2000,11
5000,15
1300,8
4000,8
2000,8
2300,15
3000,12
1900,13
2100,11
8000,15
980,11
4000,11
12000,15
7000,15
4000,15
1800,11
1800,11
400,8
4000,5
850,8
600,11
1600,10
1500,10
1000,9
2000,7
1500,11
3000,13
2500,8
5000,11
3500,15
1100,8
1800,11
2500,11
1000,8
2500,9
1500,8
788,11
800,11
1500,4
1000,8
200,5
1500,5
1600,11
788,11
3500,11
1500,11
2000,6
5000,11
1000,4
2000,11
1100,8
1000,0
4500,11
500,6
500,0
1100,3
7200,11
950,8
300,5
900,8
1400,11
1000,11
1400,11
1600,8
550,5
2000,15
2000,15
5000,15
2000,11
980,6
1600,5
1750,11
5000,4
2000,8
1500,4
2000,15
10000,15
2200,9
1800,15
2000,4
0,8
2000,15
5000,15
14000,15
3000,15
2500,9
2800,15
2000,5
2000,11
1200,8
1500,3
400,12
4500,4
1415,11
4000,8
1200,8
2500,5
1800,11
800,10
1800,11
788,4
5000,15
900,0
1500,11
2000,11
10000,15
4000,13
3000,6
800,3
2000,11
1600,8
1500,6
3500,4
1800,4
1800,12
2000,11
800,4
2000,4
1800,8
905,9
2000,8
3000,10
2400,4
1050,4
1200,8
2000,11
850,4
1782,9
1100,11
2400,8
1080,3
1800,11
1000,8
1500,3
1000,7
1050,4
300,0
1250,11
1172,7
2200,4
1200,11
1900,11
4000,11
5000,15
4000,15
2000,15
1000,8
1800,12
2000,15
1000,4
3500,15
788,0
0,0
788,4
1800,11
1300,11
3000,11
6000,13
8000,15
3000,15
4000,15
800,8
1100,8
2500,8
1000,8
800,4
2000,8
0,8
1100,4
1650,11
1500,8
0,4
7000,11
1000,8
1200,8
788,11
1060,11
1600,5
788,3
980,11
1030,9
850,8
0,0
1179,0
1500,10
1800,11
1600,11
1300,8
1600,8
800,8
800,6
1380,6
1500,11
3000,11
2000,11
4000,14
2300,11
1500,8
2364,8
1000,15
2000,14
920,7
2500,11
3000,15
4500,15
1300,11
1045,8
1700,11
1280,10
1400,15
2500,14
1000,12
1500,11
1400,11
1390,11
2000,11
3000,8
788,0
3000,0
3000,11
3500,11
150,11
1700,11
788,4
1400,4
1800,8
1850,13
1600,14
1300,11
1420,5
2000,11
800,4
2500,12
1820,11
2300,15
2500,9
3000,11
1800,11
7000,15
2500,11
6500,12
1000,11
1500,11
3000,3
1500,11
0,4
3000,11
1200,4
1500,11
1300,11
5000,3
1100,8
1600,4
1600,10
1600,11
3000,3
1500,13
1800,7
2500,11
4000,5
16000,8
700,15
2200,10
1500,11
2300,13
900,13
1200,11
1800,7
2300,15
1000,8
1000,8
1800,8
150,6
1500,11
300,8
1200,4
1800,11
1200,4
2600,15
9000,15
2000,6
1100,4
2500,11
3000,11
788,5
3000,4
1500,11
5000,15
2200,8
1200,3
900,8
2000,11
1500,8
1200,8
2000,11
904,11
1300,11
1400,10
500,15
1075,15
800,11
1500,8
1500,11
3000,13
2500,13
2150,15
1800,8
1000,0
1600,11
1200,8
1900,7
2200,11
1200,4
1000,5
2200,11
2000,2
1200,4
2000,11
1800,11
1800,11
1000,8
2200,15
2000,11
1500,11
1500,11
1900,11
3500,15
1900,11
1700,11
5000,13
2200,15
1754,11
788,11
1400,11
1500,11
2000,11
2000,11
1800,14
1300,11
1100,4
1400,11
1400,11
1100,9
1100,11
2000,7
1400,5
788,0
2000,8
600,11
3500,11
2500,11
2000,15
1100,4
1100,11
1576,8
1576,7
1600,11
2000,15
2900,15
1000,11
788,11
800,9
1800,11
3200,15
1000,0
1000,11
2500,11
1400,11
460,5
3500,8
1000,4
800,8
1500,11
2000,8
2900,15
2600,11
1300,11
2600,11
1085,11
1500,15
1300,15
900,5
1400,15
2000,15
1100,8
1200,11
200,7
1000,5
788,7
1500,8
1800,7
2800,11
1200,10
3500,8
4000,15
1600,11
2000,8
7000,8
2100,11
2800,15
1500,11
1200,11
2500,8
1200,5
900,4
2000,11
1800,4
1000,6
1500,8
1200,0
1800,0
1000,11
3800,11
1300,11
1500,8
1500,11
1500,11
3000,4
300,12
1000,11
1500,8
7000,8
5000,15
300,0
600,4
1200,8
1000,9
1200,11
1600,11
1500,11
788,8
2000,7
3000,12
5000,13
2100,11
10000,15
1200,11
2000,7
788,4
300,11
1500,10
1700,8
1000,15
1000,4
1200,6
1200,15
1000,5
2500,11
2000,8
1000,5
1000,0
1600,8
1200,11
1500,11
1300,4
3000,11
3000,5
5000,11
1000,8
788,8
2000,15
15000,15
2000,15
8000,15
700,7
1500,6
2000,13
2500,4
400,5
1500,7
2500,11
2800,8
3300,12
4000,4
1000,8
1000,0
1500,10
1500,3
1800,10
2500,14
1800,7
2000,7
1000,11
1300,11
2500,11
2500,11
800,8
1500,4
1200,11
1500,10
1600,11
1200,10
800,7
900,5
300,5
1500,5
420,4
300,3
2000,8
2500,10
2100,11
1600,1
1200,0
1500,14
788,11
3000,8
2500,5
2900,15
2350,4
2500,13
350,11
3000,11
5000,15
1500,11
2800,15
4500,11
2500,11
788,6
3000,10
800,15
2000,14
1500,11
1000,4
7000,11
3000,11
1200,11
6000,11
3500,15
1000,11
1500,0
1500,11
3000,11
1200,11
2800,15
1102,11
2000,11
1100,11
700,6
500,11
600,7
2000,4
1200,7
1200,11
800,4
2500,15
1000,6
1200,11
250,4
600,15
800,11
1000,8
2800,11
1200,11
600,0
1400,7
1390,11
1000,9
788,5
200,10
1200,13
2000,11
900,10
1000,0
850,8
1500,5
1000,15
1000,8
1750,11
1000,11
1500,11
1000,5
788,11
2000,11
2000,11
1200,4
1000,8
2500,15
1900,11
2000,11
1000,11
1700,8
0,11
900,8
800,13
1000,3
800,0
0,12
1012,11
1300,11
788,4
517,11
2000,15
3500,0
2700,8
2400,11
1700,11
1500,8
2000,8
400,0
1200,11
2500,11
1290,13
1150,5
1200,8
1000,13
800,7
1500,14
2000,11
3000,11
1090,15
650,15
1900,4
780,15
1500,11
2000,14
1000,11
1200,2
1100,7
1800,11
1500,9
1200,11
2000,9
2300,14
2300,8
1800,3
2300,8
1500,9
1980,11
500,8
5000,7
1600,11
4000,11
2000,6
670,10
15000,15
1300,4
800,4
700,15
1400,5
3200,11
3000,11
788,10
1200,11
700,11
1500,11
1500,11
800,0
1800,4
4000,11
788,4
4000,8
3000,11
300,0
1320,5
2000,8
2000,3
2800,11
1500,3
6000,10
1500,2
1050,11
3000,11
2500,14
2500,11
890,11
1100,4
1400,15
3000,9
1300,11
1200,4
2000,11
5000,15
1000,14
1500,10
788,11
1500,11
1800,11
1600,15
3000,11
1020,8
1600,11
2300,11
3000,11
1800,8
1500,11
1200,8
1200,11
5000,13
1200,2
2000,8
640,5
1800,12
1000,11
900,11
2000,7
900,8
1800,0
1000,11
900,5
926,11
2000,7
1800,11
700,11
350,4
3300,11
4000,14
788,13
1300,11
874,4
400,11
788,15
10,3
6500,15
905,11
1100,11
1900,15
7500,15
15000,15
5000,15
3000,15
3500,15
1800,15
10000,12
1600,15
1700,8
2600,11
1600,3
1000,7
600,4
1360,11
1500,11
1500,11
1100,4
1600,15
1600,11
1020,1
1500,0
920,4
900,0
1000,11
1500,6
1500,8
2000,8
2000,5
1200,8
1800,4
2000,11
1200,11
1500,11
800,5
1576,11
2800,15
3500,4
2600,11
1100,4
2600,0
3500,12
1400,15
2300,12
700,0
1500,11
2000,8
2000,11
1500,9
2000,11
2500,8
1300,11
4200,11
2300,10
1200,8
1800,11
2100,11
2000,11
2200,7
1200,9
2000,0
1000,11
1800,4
3500,11
2300,11
2800,8
1400,5
1000,8
2000,11
1400,4
2000,8
2000,11
850,3
1500,1
3500,11
1100,12
1500,6
1500,7
3000,11
3200,14
2100,8
1500,11
2000,0
3800,11
2500,14
20000,15
2200,7
800,4
788,3
2500,8
3000,9
4000,15
1060,5
150,0
788,13
2500,12
5000,6
600,0
1500,8
10000,15
1500,14
850,2
1255,11
1100,11
1200,8
1027,5
1200,3
3000,11
1375,6
1300,3
1200,3
1200,12
788,8
1200,2
1370,9
1200,5
788,0
1500,8
850,4
1600,8
5000,12
13000,15
1000,4
1000,8
1000,8
13580,15
1500,7
2000,15
4000,14
1400,7
1250,3
3800,11
3000,15
5000,15
1450,5
2500,11
1000,4
1040,8
1400,0
2100,7
1700,5
1400,8
1700,11
2000,8
1003,15
1600,3
1200,6
1800,11
1000,11
2500,15
4500,15
1500,9
7000,11
1500,15
2450,11
4380,15
3000,15
2200,7
2500,7
4000,11
3000,15
2000,11
2000,15
1380,15
0,4
400,8
1611,8
1500,3
1600,11
1000,11
1200,11
2000,11
800,12
1500,7
2600,13
5000,11
800,9
1000,11
2400,11
1200,11
788,6
1100,11
10000,15
1300,9
2000,11
1600,4
4000,11
1200,5
1500,6
700,3
1300,5
3000,11
1700,11
1500,8
2000,11
3800,11
1500,11
3000,15
2000,11
3000,15
2700,11
1400,11
1100,6
1000,15
1200,11
1400,8
2000,15
1300,4
1500,12
1150,11
2000,10
2000,6
788,11
500,5
2200,11
3000,8
2000,6
2000,0
2800,10
2500,11
5000,11
800,0
2000,4
2000,11
1800,11
300,5
800,7
2100,14
1200,11
1084,11
800,8
1500,8
1800,10
3000,4
788,11
320,5
1100,11
5000,11
2000,11
3000,6
1300,8
1300,4
300,0
1000,4
160,4
5000,11
800,11
1000,4
1000,12
3500,11
2100,15
1500,4
2800,11
1500,5
1200,11
1576,11
300,7
750,4
1200,11
1300,7
0,8
1500,0
1200,0
1200,0
2200,0
1200,8
3000,13
1000,11
1500,15
900,1
900,8
1300,9
1200,3
600,4
900,5
500,0
788,6
1500,6
1000,11
953,8
900,11
788,4
300,5
0,0
2400,5
2000,11
2600,9
1600,4
1500,4
1000,7
1100,5
0,14
10000,15
1000,12
2000,11
1500,7
3500,6
1600,5
1200,8
1500,11
1112,0
1600,8
2500,15
1170,5
1005,0
2000,11
3400,14
1400,8
2000,11
1300,11
8000,13
2300,11
1800,8
3000,5
700,11
2000,11
2000,11
2200,15
2000,5
950,4
1500,4
1320,11
2300,15
600,10
2500,11
3000,11
2000,7
788,2
2000,11
3000,4
150,3
3500,3
2800,3
2000,11
788,4
1500,3
3000,11
2000,4
1500,11
3500,8
788,4
3500,8
1109,11
2000,14
1100,0
1600,8
1500,0
1500,7
1500,11
350,11
2500,11
2600,7
1500,4
2000,7
1300,11
1580,11
2900,11
2500,14
1400,8
1800,0
1300,9
1040,8
1800,11
2500,11
5000,15
5000,11
7000,15
3000,6
1200,5
1300,8
2000,8
4200,11
5000,11
4900,15
3000,11
5000,8
1000,8
6000,15
2500,11
2400,11
1500,11
860,11
1200,7
2400,11
1700,11
1500,8
800,9
1200,15
500,4
820,9
2000,4
2500,6
1080,7
1200,2
1200,4
1700,11
788,5
2000,4
1000,11
1300,11
1600,8
870,11
1100,7
300,8
1300,10
1000,4
788,8
2000,11
1600,11
4000,14
1200,11
2900,11
1800,8
1200,5
1120,6
789,0
1200,5
788,12
200,0
790,0
700,0
2000,14
2300,15
2500,11
3000,11
4000,14
3000,15
2000,15
1500,5
2000,11
1600,11
2000,8
1500,8
2500,15
5000,14
3000,11
5000,15
2500,10
5000,11
2500,15
2200,15
1900,11
2000,8
6000,15
1200,5
2000,11
3000,15
3000,4
1200,2
1900,11
2500,15
1100,11
1600,6
6500,10
2000,11
3000,14
1000,8
1500,15
1000,8
1200,5
2500,11
2000,10
1024,10
1100,11
15000,11
3000,15
800,4
1200,0
1600,4
1200,6
2000,11
1200,12
8000,15
2200,12
3950,11
788,11
1800,11
1650,11
1600,11
1700,11
700,7
1200,5
2000,8
1300,10
600,10
600,3
560,4
1100,4
1800,4
1300,4
926,11
1200,5
2500,4
1200,3
2500,8
1700,4
1200,2
2000,6
0,7
2500,8
1300,11
788,0
1800,1
1500,7
20000,15
1100,15
27000,15
6000,15
5000,14
1100,11
700,2
725,8
1590,15
1200,4
400,8
1600,6
2500,8
1500,14
3000,8
1500,12
4500,11
1800,10
1000,9
1200,5
2000,15
500,9
2600,8
1200,4
1500,3
1200,8
990,4
1100,11
1700,11
1400,7
300,5
3000,11
3900,14
5000,8
1900,8
1700,15
3500,15
2000,11
12000,15
2400,15
800,11
2500,3
2500,11
1800,11
1260,11
2800,11
3000,11
1025,4
5300,15
2000,13
2200,11
1200,11
1000,7
4000,15
3000,11
2500,11
1700,15
2500,11
4000,15
4500,15
2140,15
1750,13
788,11
12000,10
5000,15
6000,15
1500,5
5600,15
5000,11
1500,11
1300,11
800,11
480,11
1800,11
2200,3
1600,8
2381,11
1300,10
1500,4
6100,14
1500,9
1200,6
956,9
3500,11
1560,11
1070,11
2800,6
2000,15
1700,3
2100,11
993,6
2000,11
1700,11
1500,8
1010,10
1800,3
1600,5
1200,8
1800,11
1700,11
1500,11
5000,12
500,4
200,12
2364,14
11000,15
6000,15
15000,5
2500,13
1300,15
1100,0
6200,15
4000,15
3200,14
1576,11
3500,15
1300,11
2000,11
2000,5
9000,12
1500,11
1150,11
1700,11
788,14
4000,15
800,2
2500,4
788,6
2000,1
1608,0
1500,11
2000,4
1100,11
2500,11
300,8
1200,7
2500,8
1500,6
2000,11
1200,11
2500,10
5000,15
2900,15
788,11
2000,6
2000,3
3000,12
800,0
1200,9
1400,4
1000,0
960,7
1600,11
1000,4
450,5
4000,11
2000,11
1000,4
20000,15
1500,4
7000,11
4500,15
10000,11
3000,11
5000,11
800,11
4000,11
2000,11
20000,11
500,14
1000,0
900,4
788,3
1100,4
4000,8
2500,8
7882,4
1200,8
5000,8
900,4
1200,11
3000,11
1800,10
1200,0
1000,5
1900,11
1000,8
500,0
1500,4
788,4
788,4
3200,11
2600,4
900,5
900,0
790,12
900,11
750,8
720,11
780,3
1400,11
6000,11
700,10
2100,0
788,3
700,4
900,4
3200,11
3000,11
7000,11
1200,8
4000,13
3000,15
1500,4
2100,8
2400,8
1890,15
2500,15
5000,11
3000,11
1500,11
3000,11
2000,0
780,0
3500,15
788,8
1200,8
1300,11
788,11
1700,12
2000,12
788,2
1130,10
1230,8
2500,11
0,2
900,7
1600,8
5000,11
1000,8
1700,11
1150,12
2000,4
1500,8
850,4
3500,11
1630,15
2000,5
500,11
2000,13
4000,8
3500,0
2100,12
2300,11
2300,11
1800,8
1000,0
1800,8
2000,11
1200,5
2000,11
1550,6
3000,8
3152,15
2000,11
1000,11
2500,4
2100,11
1800,8
1200,8
1100,7
2500,11
3000,15
2500,11
1100,11
2500,11
1800,11
1500,11
1600,5
1200,12
900,8
1800,4
1800,7
3000,11
3000,11
1600,5
2500,14
1200,5
600,0
2000,4
1500,10
700,8
2000,11
960,4
2000,11
2000,11
2300,11
2100,0
3000,11
1800,11
4500,11
2800,8
800,4
1300,5
2364,5
850,11
3200,11
2000,7
1800,11
1200,8
1500,5
2300,6
1600,10
2100,10
1600,8
2200,4
2500,11
900,10
2200,15
1200,15
3200,8
900,7
1580,15
2700,4
4000,11
1600,8
2000,8
1800,11
1100,8
2000,11
1350,11
2000,0
2000,4
1500,0
1500,11
1500,4
1500,2
2000,5
1200,11
4000,11
2000,11
1100,7
1700,11
2000,4
1500,11
1800,3
1060,3
500,4
900,4
800,4
1200,0
860,4
450,3
7000,15
868,0
950,5
1000,2
3000,4
12000,15
4150,15
950,6
0,4
5000,7
3500,15
1500,5
1500,11
1100,0
2000,5
0,0
0,0
0,0
1100,5
2500,4
1200,7
0,4
1600,5
1300,5
700,0
2364,8
2000,8
1200,11
4167,11
500,8
1875,6
0,5
3000,5
1700,8
788,8
1033,11
375,4
1400,11
400,3
1180,7
1400,8
1200,8
400,5
3500,10
2000,8
600,8
10500,5
0,4
5000,3
2364,4
1500,5
1180,9
0,0
1000,13
0,0
2026,4
350,4
0,4
1150,8
500,4
1400,9
900,8
600,7
1132,4
0,5
1200,11
3000,11
1500,0
1300,8
1000,8
400,11
2400,6
1550,8
600,3
10000,10
1500,9
1418,10
150,5
1500,11
1400,8
1200,11
1070,11
1200,11
2500,11
7500,15
2000,11
2000,8
1000,12
10838,11
1300,4
1100,11
2800,13
600,4
2000,11
4000,11
1000,11
1500,4
788,4
788,5
700,1
1100,11
1000,11
1600,15
1000,11
2500,15
2500,15
1990,11
2000,13
1000,4
1500,11
5000,12
4000,11
2100,15
1200,13
2500,15
3000,15
8900,15
1000,13
788,11
2200,11
640,12
7000,14
4500,15
5000,13
3000,14
4000,15
1000,15
9000,15
2500,15
3980,15
3500,15
2200,11
16000,15
10000,11
5000,8
2000,11
1400,13
2000,11
5000,15
2500,11
3500,15
2200,15
10000,15
4000,15
10000,15
4500,15
8500,15
8600,6
4000,12
4000,15
2400,15
4000,11
3000,11
7000,15
10000,15
2000,11
3000,15
10000,15
8000,11
25000,15
6500,11
11000,15
20000,11
6000,11
4000,15
21000,15
20000,13
8000,15
5000,15
600,11
10100,15
10000,15
5300,15
7500,15
30000,15
8000,14
3500,15
20000,15
10000,15
15000,15
5000,15
5000,15
20000,15
16000,15
15000,15
4500,10
16000,11
4000,15
12000,15
200000,15
1000,11
5000,15
8000,8
400,15
5000,15
21000,15
14000,15
7900,15
14000,15
5000,15
30000,15
14000,15
6000,15
4000,15
24500,15
3000,15
2000,15
12500,15
25000,15
7280,15
15000,11
2500,15
1500,11
2000,9
1200,8
1000,2
1000,8
1000,3
2200,11
2000,8
750,11
2000,8
3000,11
1100,15
20000,11
2200,15
4000,11
8000,13
1800,11
1800,4
3940,8
2100,8
3000,5
2000,11
1850,11
5000,15
1800,5
1500,8
1450,11
1500,9
400,4
1300,5
900,5
3000,8
950,1
2300,11
800,10
6000,15
1300,8
4000,15
4200,15
2000,8
5500,13
2000,0
1400,11
4000,15
2400,11
9000,15
2000,11
2200,13
1500,7
1200,11
5000,15
7000,15
1400,0
1000,11
4000,11
3000,15
8000,15
10000,15
5000,11
1500,14
1150,14
500,9
6000,11
1200,5
1500,8
5000,15
3000,15
3000,15
20000,15
4200,11
2500,12
4000,11
1000,8
15000,15
3000,10
4000,12
1300,8
12000,15
1350,11
19179,15
1800,11
2500,9
300,8
2600,13
3300,14
1500,11
5000,14
3000,11
4000,15
3400,15
3400,15
2500,8
1800,15
700,13
1300,11
3000,8
1500,11
1000,11
10000,11
3200,15
1200,14
2500,11
2000,13
3800,12
5500,15
6000,8
4000,11
1840,15
3200,15
1200,11
1500,14
2000,11
1000,12
2000,5
2500,6
1200,11
48000,11
5000,15
4050,11
5500,15
800,11
1030,11
1100,12
2000,6
4000,12
2100,10
1000,4
5000,15
4500,11
6500,14
900,15
2300,0
300,7
1150,8
900,7
1300,11
1000,11
3200,12
6000,15
1700,11
2800,11
2000,11
2500,11
3000,9
2000,5
1800,11
788,8
788,7
2000,12
1500,11
1500,11
1900,11
1500,11
3500,13
1000,3
5000,13
2400,11
3000,11
700,14
5000,15
15000,15
3000,15
3000,15
3000,11
1500,8
5000,11
4000,15
7000,15
1500,6
10000,15
2000,11
30000,15
12000,11
30000,15
2000,14
2500,14
3000,15
788,15
1200,15
5000,11
1500,7
1500,7
2000,11
10000,15
4000,12
10000,15
4000,15
4500,15
5000,13
2500,15
1200,11
1200,8
5000,13
3000,8
15000,15
1800,11
2500,15
1200,15
5300,15
9000,11
3800,8
3500,15
1650,0
5000,11
1500,11
788,11
2000,11
4000,11
5000,15
10000,8
5000,15
1500,11
10000,13
1200,15
900,8
1300,8
1200,4
2000,11
2200,15
2000,11
4000,14
10000,15
1200,15
6000,15
2500,15
4000,11
0,4
1000,15
500,15
2300,15
2500,15
10000,15
1230,11
1500,11
1200,8
4000,15
1200,5
1500,13
3500,15
5200,13
1500,15
8000,15
3000,15
2000,12
6000,13
700,8
2500,14
3500,11
2000,11
1800,15
3000,15
1500,11
1500,11
3000,11
2500,11
1200,11
3500,14
3000,11
4000,15
7000,15
6000,11
3000,11
2000,5
3000,13
1200,11
4000,15
6500,15
3000,15
5000,11
2000,11
3500,15
1600,11
2500,11
5000,15
2500,15
2500,15
1600,15
1600,0
800,11
4000,11
3680,15
1600,8
2000,0
2500,11
800,11
1000,4
300,11
1000,0
3000,15
700,0
2500,15
2000,15
1000,0
1600,15
788,6
3550,11
2000,11
1600,8
1000,4
1250,11
2500,11
9000,15
4500,15
2500,15
4000,15
3500,15
2090,13
4000,15
6000,15
770,5
20000,15
4000,15
1500,5
1400,8
2000,8
1200,0
2000,8
1600,11
1500,4
1200,4
3000,12
3000,11
4000,15
4000,15
4900,15
6000,14
1500,11
1000,11
1200,11
3000,15
6000,11
2200,15
1100,4
5000,15
1600,8
788,4
2000,0
1600,15
5000,15
20000,14
10000,15
4000,15
788,11
1600,8
2600,11
2500,11
2700,14
10000,15
3000,14
2300,14
2000,11
3500,15
3000,15
5500,13
2500,11
8000,15
5500,15
3000,15
1800,11
1300,2
2000,11
500,5
1500,4
2800,15
2150,10
2300,11
4800,11
3500,14
800,4
2200,12
4200,15
6000,15
1300,4
1100,8
988,2
1000,4
4000,15
4000,11
8000,8
10000,15
10000,15
1200,0
3000,8
3000,0
2000,8
2500,15
0,4
1800,12
1500,8
2500,11
1000,0
788,5
1800,11
2800,12
2300,11
2000,5
600,8
1200,11
2500,9
2000,11
3000,14
5000,15
788,4
2000,11
1000,11
788,15
1000,8
2000,8
3200,4
2000,2
2000,11
3500,8
5800,11
1500,11
1000,11
1300,11
3000,8
1457,11
1800,4
1700,0
1200,11
1500,13
1600,3
900,2
800,8
8000,14
2000,4
2000,8
300,8
1400,8
1900,11
2200,11
1700,11
1300,7
1000,5
975,9
15000,15
2500,15
3000,13
2000,11
1000,11
1500,11
2500,11
4500,15
1400,14
2000,11
3500,15
4000,15
3000,15
5000,15
3500,15
4000,15
3500,15
4000,15
4000,15
5500,15
3500,12
7000,11
5200,11
10000,15
3000,15
4600,15
6200,15
7000,15
3468,15
3000,15
13000,15
300,11
4900,11
1500,15
2500,4
2500,15
7500,15
20000,15
20000,15
5000,15
11000,15
13000,15
10000,15
4500,11
7000,13
30000,15
7800,15
16000,15
7000,15
8000,15
20000,15
15000,15
2000,15
15000,15
2500,15
20000,15
11000,15
8000,11
15000,15
9000,15
2000,8
400,10
1500,4
1200,11
4000,11
5000,15
300,14
2500,15
985,8
15000,15
6000,15
8000,14
15000,15
4500,11
13000,15
2500,11
1700,11
6000,11
5000,15
1250,11
1900,13
2000,15
2000,15
2500,14
10000,14
4000,15
1500,12
2750,9
10000,11
2500,11
1600,8
2364,15
7500,4
3500,11
2200,13
1600,15
2500,11
1500,11
3500,11
5000,15
7000,15
900,10
2100,11
3000,15
850,5
998,12
1500,8
3500,14
2000,10
3600,11
1000,7
2100,8
1200,7
3000,11
2000,11
1400,3
1000,3
1800,8
900,5
1000,3
1000,8
1800,10
1500,15
1600,11
1600,11
2300,11
4300,14
1800,11
3000,11
3800,15
788,12
2500,8
788,12
1000,11
1200,11
2000,11
400,5
2000,11
2200,12
1600,8
1000,11
788,8
2500,15
1000,4
1700,10
3000,15
788,8
1000,11
4000,15
450,11
1800,8
1500,11
2000,11
28000,15
5000,11
1576,8
7000,11
1400,14
5500,15
10000,4
3000,15
4000,11
12000,11
6000,15
7000,15
1200,10
4000,11
1000,11
3000,11
1070,12
2400,9
1400,5
700,4
2000,11
2800,11
2200,8
2200,6
1500,11
1500,11
1500,8
800,8
1000,8
8000,11
3000,15
1000,11
2000,11
1000,6
1500,8
1500,12
2500,8
1300,0
1200,6
1800,11
1200,10
1200,11
1500,9
1300,4
750,8
1500,8
2000,11
1250,11
15000,15
5300,15
3200,11
788,15
3500,12
6000,12
2000,15
6700,15
13000,15
900,4
2500,15
1500,11
2000,11
788,11
1700,11
1000,5
4000,11
1200,15
1100,11
1650,11
5000,15
5000,15
4000,11
1500,10
2000,9
1300,8
850,8
2400,11
2500,9
2000,11
600,4
1300,11
2500,9
2500,11
1800,11
3000,11
1000,11
400,9
6000,15
2000,11
2000,11
800,2
2500,11
1500,4
1500,11
2000,13
1500,11
2000,8
1200,11
1100,11
800,5
1200,11
1800,15
5000,14
2000,8
1300,9
1900,8
900,0
1200,11
1200,8
1600,6
1800,4
1000,15
2500,10
2500,11
788,8
1200,11
1500,5
800,7
3000,11
2000,8
300,0
2000,2
1000,0
1700,4
500,4
400,5
2000,5
1500,11
5000,8
1600,6
1200,4
4000,15
580,11
1000,11
5000,12
950,4
1100,9
300,4
788,4
2100,11
1320,8
4500,11
1600,11
2200,15
2300,11
1800,11
3500,10
2000,7
8000,15
2000,9
2300,11
3000,15
2000,15
1300,11
1200,11
5000,12
1200,0
2000,8
1200,7
3500,11
2600,12
1000,7
5000,13
1400,6
7000,10
6000,15
4000,15
3775,5
8500,15
2000,11
900,8
1200,3
1100,11
2000,8
400,3
1800,4
1070,11
1600,9
4000,15
5000,11
1300,11
1200,13
788,5
2000,11
1000,11
2200,11
2600,11
1700,9
2000,5
4000,15
1500,11
1800,11
1200,11
2200,13
3000,13
400,8
2500,11
1200,11
1200,6
1200,8
1000,15
600,3
900,11
1600,4
240,8
2000,8
1000,4
1600,6
1300,8
3000,15
1500,12
1000,7
2000,11
1700,11
2000,8
1300,11
500,0
2000,4
2400,11
1500,11
1050,15
1700,4
1500,4
1071,7
1236,8
1500,3
850,11
788,3
1100,7
788,11
900,0
930,0
1400,5
1000,11
2000,11
2500,11
1400,4
150,5
1400,5
800,4
1500,5
1300,7
1500,11
1500,4
1500,9
1500,11
1200,0
600,5
1250,8
1650,6
3500,5
2000,11
2000,11
1400,11
1800,3
2000,11
2800,11
1800,8
1300,0
1500,15
1200,11
1300,8
2000,5
1000,11
1000,15
1500,11
1080,10
5000,14
300,0
1300,11
1200,5
1700,0
2100,0
1200,8
830,1
1000,15
1000,4
1100,11
2100,14
1500,0
2500,11
1060,11
1500,9
1250,7
1200,4
1300,11
1500,0
500,5
3000,2
2500,2
3000,11
600,0
1000,6
300,12
1576,8
1100,15
2700,10
0,1
1200,4
1576,4
5000,14
1300,11
1400,11
900,3
1700,6
900,11
400,1
1500,4
5000,15
480,11
1200,7
7500,14
1250,14
1500,8
1200,5
2500,13
6000,11
5000,13
1650,11
850,3
1350,11
4000,15
4500,12
3800,11
1500,11
3500,14
1650,10
1200,0
670,7
2500,4
1200,11
650,2
788,8
1600,11
1200,13
880,7
1200,4
3000,11
788,11
1500,11
950,6
1300,4
500,8
1900,11
1000,11
400,5
1600,0
450,11
2000,11
1600,3
1700,11
1200,8
1200,13
1000,8
850,0
1500,12
600,11
2000,11
1500,4
1100,10
2000,14
4000,11
1600,12
100,0
1499,0
1600,12
1900,8
1000,8
1600,10
1015,9
1200,6
600,11
1300,4
1200,2
250,11
1300,8
500,4
1000,8
700,0
1300,9
1500,5
1900,8
350,7
750,5
1100,8
0,3
1628,13
800,8
2000,8
1200,11
1200,11
1500,4
240,3
0,0
1200,10
1100,11
1000,3
1500,8
2500,11
924,4
1400,5
2500,7
1300,5
988,6
1200,8
480,8
560,4
900,11
240,0
380,10
1500,2
974,0
100,4
3500,15
3000,15
0,15
3000,7
1600,13
1600,11
1500,5
1500,11
1500,2
3000,6
900,11
2500,15
5000,11
2280,15
1800,13
1920,11
2000,8
1090,14
3000,7
1250,11
3780,15
1500,14
400,11
5500,15
4000,15
1350,8
1350,11
1014,11
4000,11
200,0
450,15
3000,7
1550,14
950,9
10000,11
5500,15
3000,11
788,12
1800,11
200,8
1300,4
2000,2
1200,11
1010,5
1060,11
2000,5
1110,5
2300,8
0,11
1110,11
1300,8
2000,8
1180,8
1800,12
1100,11
2300,12
2350,11
0,0
3000,13
5000,8
50,4
700,2
1350,8
900,4
3500,8
1200,12
3000,12
1150,4
0,5
2200,11
3000,6
400,4
0,8
0,0
0,0
0,0
1115,11
3000,15
0,8
0,8
1800,11
1100,8
0,1
1800,8
1015,4
1016,8
3000,15
1800,11
5000,15
1500,15
1300,15
788,11
1500,12
788,8
788,0
1100,8
1100,0
980,11
2000,11
806,0
1600,11
1400,15
1000,11
1500,4
850,8
1300,15
1600,0
5500,12
1000,3
1500,0
1000,0
3000,6
0,4
2900,15
0,11
500,4
1400,11
1400,10
2500,8
1575,9
1500,11
3000,11
900,11
1400,11
2800,11
0,7
3500,11
0,11
1080,5
800,4
850,4
874,8
300,3
2100,7
950,6
1800,11
2800,4
1200,7
1100,2
1600,11
4500,15
1200,4
800,7
0,10
1000,11
788,10
2300,13
2500,3
1500,8
2000,10
1300,14
500,4
1576,11
1650,10
1000,5
1100,11
1600,0
800,5
1500,4
3000,4
1200,0
800,6
400,4
3000,11
3000,15
2000,11
250,7
0,15
8000,15
1100,11
800,4
3000,11
2600,14
2300,10
2300,15
1000,4
0,5
2000,8
0,4
250,0
1000,11
788,11
0,0
400,2
300,0
300,4
1800,4
800,3
0,4
1200,4
2500,14
4000,11
1800,11
3000,11
800,4
1200,4
8000,15
2000,6
3000,15
4000,11
2200,11
700,5
1600,11
1279,4
700,4
2500,10
2400,14
1400,4
2150,3
1200,5
1250,8
1000,11
1000,11
600,13
1023,11
1000,4
2000,11
2250,11
1250,8
1000,4
788,10
1200,11
1500,13
1000,11
7000,13
1200,4
1200,4
1200,5
800,5
1200,6
1500,2
500,4
3000,11
2000,2
2000,6
5000,15
1100,13
1300,2
1670,15
2800,15
2700,4
1000,15
1500,8
5000,15
400,13
0,2
1200,8
985,4
1350,11
2000,11
788,4
10000,13
5000,15
2500,15
4000,11
1500,9
2000,12
1000,7
950,3
1800,12
1300,12
788,2
1400,11
5000,11
2000,13
600,0
2300,11
1200,4
1200,11
50,11
1700,11
1000,0
400,0
1000,11
0,4
0,4
0,3
0,3
874,5
400,2
800,5
1000,11
788,0
1150,15
1500,2
1200,5
300,0
600,8
0,3
1200,7
10000,15
3000,4
1500,12
1100,11
5000,15
920,15
5000,15
1200,9
1200,15
1400,8
1000,11
1500,3
1500,11
5000,15
788,11
800,4
1200,3
1300,4
1500,11
2000,8
700,3
788,8
1250,7
5000,15
900,5
1500,5
788,5
1000,10
80,11
788,2
900,15
900,2
1500,11
1590,3
2500,0
900,11
2900,12
1200,8
4000,15
2000,15
400,5
5000,1
1800,4
5500,4
1200,11
2000,6
2000,5
1200,0
900,4
1000,5
1500,5
1050,4
1500,11
1000,12
1740,10
700,9
1300,8
2000,11
1000,0
2500,11
4000,8
750,11
1200,4
17000,4
1500,4
1200,11
600,2
1600,14
3000,12
2000,8
4500,13
1500,10
1200,15
3000,11
2100,4
1500,8
1200,11
4000,9
3000,11
1500,8
1200,11
1800,8
2700,11
1100,15
2400,10
2000,11
2000,11
1300,8
2000,5
1800,11
2200,11
3000,0
1800,4
1800,4
1550,0
1200,8
1600,11
1300,8
120,0
2500,11
1200,5
1300,8
1850,8
1580,5
1000,11
1900,3
2600,11
1500,7
2300,11
4500,15
30000,15
1000,11
12000,15
600,4
1200,11
1500,11
800,0
950,8
430,5
7880,10
788,4
1400,2
1500,0
1200,11
4000,15
2500,8
788,7
3000,11
8000,15
2000,11
2300,4
2700,15
18000,15
3000,0
1100,11
2500,12
3000,7
4000,15
1080,11
1100,4
3500,11
1578,0
500,3
940,11
2000,11
500,4
1500,15
4000,11
1000,10
1000,4
1200,0
1000,5
788,8
1600,4
788,2
800,3
3800,15
7000,15
2500,15
3000,11
8000,11
10000,15
18000,15
7500,15
6500,15
6000,11
2500,11
2000,15
1200,2
2500,15
800,8
4000,15
460,4
788,11
788,4
1100,8
1600,11
7000,11
2500,4
2400,11
400,4
1400,4
1105,2
0,0
1200,4
1050,9
1200,11
1500,8
1300,0
700,4
1600,0
800,11
1800,8
1500,5
1665,4
200,4
1500,1
1032,4
800,9
1100,10
1200,7
1200,0
788,6
1200,4
3700,2
788,4
788,5
1200,10
3000,14
1000,8
2500,11
1035,8
416,4
800,4
8600,14
788,9
2000,8
2000,7
500,8
350,0
650,1
850,3
75,4
850,11
14000,4
400,0
300,12
1110,0
900,8
0,0
500,4
400,0
1000,4
2000,0
500,9
100,3
788,0
1850,11
1200,6
4500,11
3000,8
6000,15
150,11
1740,12
1000,6
1200,11
4500,11
1280,11
1577,12
340,4
9100,12
1300,11
1340,15
400,4
2000,15
1300,15
150,10
4200,15
700,8
900,11
788,11
1000,11
5000,15
8000,15
350,10
3000,8
1600,11
900,8
1500,11
985,11
1200,11
900,11
1800,11
900,4
1500,4
1200,0
980,11
5000,0
1500,0
15000,11
500,3
500,4
250,0
3000,5
1000,4
500,3
3000,15
1500,15
12000,15
7800,15
4500,11
1500,15
7500,15
12000,15
8000,14
205,14
3000,15
10000,15
14000,15
1500,15
1500,15
2890,12
5000,15
13000,15
1300,4
1577,4
5000,14
790,9
600,2
1500,8
250,2
1200,11
1577,12
4000,15
900,11
1000,15
920,12
2000,15
6000,15
1500,15
4500,15
13000,15
1500,8
1100,12
3500,1
2000,0
788,11
1200,11
1300,8
1300,8
5000,11
4600,15
1000,4
5500,2
1900,11
1000,0
7000,15
4000,15
2500,15
1400,8
945,11
200,5
1483,11
940,2
1500,10
2000,15
2300,8
2500,8
2300,15
2500,11
2389,3
2000,11
1500,11
320,2
1000,5
788,6
788,11
1300,11
1200,11
3500,13
1800,14
1700,8
6000,15
5000,15
5000,15
2000,15
5500,15
1500,15
3000,4
8000,15
2300,15
850,14
980,15
2000,11
400,14
1000,13
680,14
400,12
900,15
900,15
2100,11
4000,14
1200,5
2500,15
5000,11
1000,8
9000,8
2800,15
3400,15
2364,11
788,11
1150,11
1100,11
10000,8
1400,0
1450,10
1600,0
4000,11
4500,8
1200,8
2000,15
3500,11
1000,4
4980,15
1100,2
1570,11
1577,4
5000,15
1400,4
5500,12
1570,5
2000,4
850,15
2000,15
3400,15
4000,14
800,15
1800,11
700,8
1500,11
1000,8
1800,10
13000,15
1600,14
1100,8
100,3
1576,9
1000,0
600,4
1500,4
1000,15
1500,8
1300,11
700,4
2100,11
2100,4
1200,0
400,5
2000,11
1500,10
2500,15
2000,11
1500,11
2000,11
1500,8
1800,4
788,0
5000,4
4000,13
700,5
1000,11
1050,5
2600,13
1000,12
2500,4
1400,0
12000,15
1450,11
800,11
5000,15
1500,11
1600,11
2000,8
1200,15
3500,4
6000,15
1500,10
3500,11
2000,15
300,4
3000,15
5000,15
800,4
2200,11
3000,13
3000,8
1200,11
1400,3
2000,11
400,11
788,4
2100,15
980,11
1800,4
1576,11
2300,4
1200,4
1200,4
1200,8
2000,11
2000,11
2300,10
1122,7
1400,3
1200,0
800,4
1200,14
0,3
2000,9
800,2
2000,4
625,4
1700,11
0,0
0,2
152,3
900,4
2700,11
1100,11
850,10
1250,11
2000,11
1000,11
2500,4
788,11
1300,7
1200,11
5000,11
2990,15
600,5
3000,8
6000,15
8000,15
7500,15
1550,15
1600,15
13000,15
2000,15
1000,15
1700,15
4000,15
1500,15
5000,11
1000,13
600,15
2500,11
3200,15
1500,13
950,11
2200,11
3000,13
14000,15
5000,15
30000,15
6000,15
800,15
0,8
7000,15
25000,15
1500,6
7000,15
1500,15
1500,15
3800,11
788,7
1500,8
5500,13
1100,15
400,1
4000,11
1000,14
900,11
2500,15
1000,12
1000,15
6000,14
7000,15
6000,15
8000,15
7000,15
2800,6
3000,2
1300,6
2000,8
2800,6
2600,11
5700,13
1200,11
2200,14
5000,11
1000,5
2000,10
800,11
2900,15
870,8
6000,11
1600,11
1300,15
1200,11
1400,14
1400,12
1500,11
1000,5
2000,11
1000,0
1200,8
1300,11
2000,11
2000,11
1400,4
5000,14
1500,11
7000,15
1500,15
1800,4
5000,15
2000,7
2000,11
7500,9
2000,11
1100,11
1100,5
2000,5
2500,11
800,6
950,11
1300,10
400,3
300,11
1400,11
480,0
1500,11
1250,11
1300,11
1100,10
1200,11
498,8
1600,8
2300,4
1100,5
1100,8
1000,11
3800,15
1600,11
2000,6
1200,6
2000,11
1180,11
3000,15
1000,7
1200,11
5,4
1500,11
788,7
500,4
1800,7
1800,11
1000,5
1000,2
1000,10
1000,8
850,2
850,9
1750,10
2100,15
1200,11
1500,11
1800,5
400,3
1500,11
1500,11
1000,8
800,11
1500,8
1700,4
1000,4
2500,11
1500,8
1000,3
8000,11
1200,6
2000,0
0,0
1400,6
2000,7
300,0
5000,15
1000,6
1000,11
800,3
900,8
600,0
788,0
1700,9
400,0
1200,11
1500,7
788,11
2000,8
1800,11
1600,5
2500,15
788,11
1700,11
1000,12
1280,11
1200,8
200,5
2500,11
1800,11
788,11
1200,4
2000,14
1200,11
0,4
1576,4
950,10
788,11
1130,11
788,2
500,6
1100,11
788,0
1500,8
1500,10
5000,11
0,11
600,0
1200,4
1250,0
1400,4
788,7
1985,11
800,0
930,0
5200,5
980,1
960,11
250,4
1300,8
450,3
1000,11
788,2
0,0
2000,5
1500,11
0,4
1600,4
900,4
0,0
0,2
963,4
1100,5
150,3
788,3
640,1
0,5
1180,8
600,9
0,0
850,8
600,0
640,8
2000,11
1500,11
7000,4
1300,8
2000,4
1500,6
1000,5
10000,11
1000,0
1000,5
1000,2
2000,11
600,7
4000,15
2000,15
500,0
7000,15
20000,15
700,15
1500,14
4000,11
1200,11
1300,11
2500,15
850,11
1200,0
2000,5
800,15
1000,3
1200,5
788,5
950,8
2400,4
1100,4
2000,4
788,2
100,11
500,4
900,7
2000,8
0,0
700,7
1600,5
0,4
950,3
1200,5
8000,15
1300,11
1200,11
6000,13
3500,8
500,11
1300,11
970,4
788,3
850,11
1000,11
3500,11
900,6
160,6
1400,9
1200,6
250,3
2300,6
3000,11
1500,11
5000,11
700,11
30,8
450,12
1200,9
2000,8
2000,15
3000,15
450,5
1800,11
2000,11
788,9
1200,5
1159,3
450,4
0,11
1100,2
14000,11
0,12
1170,0
5000,6
800,11
2150,11
1700,11
1200,4
1200,11
1300,6
400,8
350,0
900,4
1000,8
788,3
650,8
2000,7
1000,11
1200,10
950,0
1600,15
830,11
1400,9
200,4
2000,5
1500,11
860,11
2000,11
2200,7
2000,9
3500,11
1700,8
1600,8
2000,11
0,4
2000,3
815,6
820,1
2000,2
300,11
3020,15
3500,15
1500,8
750,3
2000,8
788,11
3000,14
1900,11
1000,8
750,5
1100,11
1400,11
3000,15
6000,8
6000,15
1500,0
3800,15
2800,13
950,14
2500,11
862,9
788,6
1500,4
1100,10
500,2
380,2
1050,0
500,4
5200,11
1000,8
1150,11
1500,12
4000,11
2300,12
1140,9
3000,11
963,6
1000,9
1200,8
788,0
700,2
975,6
150,0
788,0
1100,4
800,2
600,4
0,8
1200,3
1200,0
1800,6
1500,1
360,12
1600,1
1600,8
6000,5
3000,11
800,11
1600,0
1600,4
1600,8
2000,8
1200,15
1500,15
2500,6
1600,4
2200,1
2000,5
1100,11
1250,5
1200,4
1400,8
2300,15
1500,15
1000,4
2000,11
4000,15
2500,15
1900,15
8000,15
1500,15
1700,11
1200,4
10000,15
1600,6
2000,9
2500,4
4000,14
2100,8
3000,8
0,0
3000,4
2000,0
2500,11
1300,6
0,3
1200,0
4000,15
5000,15
1100,12
2000,9
1300,15
8000,15
1600,15
2500,11
4500,15
2500,14
1300,11
788,11
4000,11
3500,14
1600,8
850,10
3500,13
1500,0
1200,11
2500,12
3500,15
1500,11
1800,13
1500,11
5000,15
2700,15
2000,11
1300,11
7000,11
1500,11
2800,11
1400,11
2000,11
3000,0
1500,9
788,2
1300,9
2800,4
500,11
950,11
900,11
3500,8
2500,10
6000,13
4300,15
5000,11
1600,11
2000,11
1200,3
1100,4
1000,2
1400,15
1200,8
788,0
1000,11
1200,11
2000,11
1000,11
3500,13
2000,14
1200,11
2000,11
2100,8
4000,11
1470,15
1300,8
1250,11
780,11
0,5
1300,11
150,5
0,0
1000,0
2200,4
3700,15
1000,10
1200,9
900,8
820,10
1500,4
1200,5
2000,6
1100,7
800,4
800,3
1180,6
1700,5
600,11
200,7
2000,10
2000,5
1600,15
2300,11
1400,11
1600,4
2200,5
1250,11
2300,11
2400,11
500,2
2300,7
1151,5
1000,11
2500,11
80,0
1800,4
2000,6
2000,11
800,4
2500,7
700,3
1550,11
0,0
1000,4
2000,4
1500,8
0,0
1200,4
1900,15
1600,11
980,10
1500,8
320,8
1200,8
2000,11
1700,11
800,11
2500,15
1660,11
1100,8
1200,4
2000,15
1800,4
370,0
2700,12
750,8
2100,14
3000,11
790,11
800,8
4500,8
915,11
1150,3
1070,5
1300,4
900,4
1500,11
1500,11
1300,6
1200,9
5000,11
18000,15
14000,15
15000,15
12000,15
17000,15
17000,15
5000,15
20000,15
8000,13
25000,15
1500,4
2800,11
980,8
1100,4
2000,8
1100,4
2100,10
1800,15
3000,11
4000,11
2600,11
6000,15
988,11
1700,11
5200,15
1200,0
788,11
1400,11
1500,11
960,5
2000,6
3000,11
6000,11
1000,6
2000,8
1600,8
1000,8
1200,8
890,8
0,15
300,4
788,11
1380,5
300,8
1076,12
1500,10
1000,3
1300,8
890,5
1400,12
1000,4
980,12
800,11
1500,11
1700,0
3500,15
1000,10
1600,3
2300,10
900,11
1500,0
10000,15
5000,15
788,3
800,4
2500,5
1700,14
3000,11
2200,11
1500,4
500,2
1200,4
2100,8
1500,5
2800,8
4000,6
2500,11
999,8
27000,15
1200,7
4800,15
788,8
1000,1
1700,6
0,11
1000,4
8000,3
1300,11
450,3
800,5
0,9
50,0
1000,4
900,11
2000,7
750,11
500,1
788,6
2000,11
1500,12
788,11
2000,10
1300,1
2500,12
5000,10
2400,11
350,4
400,3
300,5
1100,8
350,11
2500,8
350,0
350,11
2000,12
3000,15
5000,15
1800,15
2000,15
1000,8
1500,11
1000,8
1500,11
900,8
2000,15
3000,15
5000,15
1900,10
1800,8
2300,8
2000,11
1200,9
720,3
2700,12
1800,11
1000,11
980,11
1010,6
1600,15
1200,5
2000,4
2500,8
3500,11
1500,15
1200,8
1600,11
1500,11
3000,11
250,8
2400,15
3000,5
3000,14
630,8
800,13
1500,11
200,10
1100,15
3000,9
1000,11
1600,4
2000,11
1400,2
5000,7
1500,8
450,9
1500,4
1140,5
1000,9
1576,8
2000,11
3000,8
1200,11
2200,5
1000,6
1000,5
1200,7
788,11
1200,8
300,4
450,0
1200,11
180,0
1190,10
1580,8
1400,12
1100,11
1300,11
1100,11
3200,8
4000,15
2000,14
1350,11
5000,15
10000,8
1070,11
5000,15
1500,11
0,6
7000,15
5000,11
850,5
2500,11
10000,15
2000,6
10000,15
1000,11
2000,10
1576,3
200,4
1300,4
880,4
0,3
1500,11
900,4
50,0
830,4
300,12
1200,7
844,4
2350,15
3000,12
788,8
1200,4
600,4
900,5
1500,11
600,3
2600,8
690,2
1400,8
200,4
4000,2
1600,15
1800,11
700,3
2380,11
7000,15
2000,11
800,11
4000,15
800,9
5000,15
2200,15
0,7
2500,11
7000,15
800,11
4000,15
2500,14
2400,8
1500,11
890,11
1800,13
450,8
811,8
5000,15
2000,11
1300,5
6000,11
200,8
900,5
1200,11
788,11
1500,4
1000,6
1500,4
2900,8
1300,15
1000,8
570,4
1100,12
400,4
1854,15
1500,4
0,11
1600,8
5000,4
500,4
3000,4
1600,15
1150,4
1100,14
500,10
2200,11
2300,10
940,10
800,5
1100,9
3500,15
1240,5
1500,8
800,12
3500,12
1001,3
1800,9
3000,5
1276,8
1000,5
1190,12
1500,4
1500,11
1125,11
1000,10
1900,8
1000,4
300,4
500,0
800,8
1600,10
1300,8
1400,11
800,5
1500,0
1400,11
1085,2
2000,10
600,4
2200,4
1130,4
3100,10
1200,11
4500,15
0,0
2000,8
500,4
1800,4
2000,6
50,8
960,11
788,11
160,4
1600,8
280,15
950,9
600,3
3000,15
4000,15
6000,15
2100,15
3000,4
2400,10
650,2
2000,15
1000,15
1200,3
5000,14
3000,11
300,15
1182,15
1500,0
0,2
1500,3
1300,4
1100,2
2000,15
1000,9
1576,15
0,3
2300,7
0,10
0,3
1800,11
900,10
2000,15
1800,3
600,0
1600,6
1000,4
150,4
50,11
1500,8
788,11
950,13
1000,5
1100,11
2400,13
876,11
2300,13
1200,3
1500,7
3000,8
450,2
2000,11
3500,15
2500,13
1200,11
400,7
1000,7
1250,5
1000,15
1700,4
800,8
1000,6
1000,4
1200,11
788,4
1090,11
5000,15
1123,8
1400,8
788,4
300,7
2800,15
3100,15
300,1
4000,9
3360,4
3200,12
780,0
1200,4
6000,5
15000,11
500,5
7000,15
3300,4
3000,8
1700,11
950,4
1200,11
120,0
788,11
3000,4
788,4
500,4
788,0
250,0
1200,8
2600,8
12000,15
1500,15
4000,8
5000,15
1300,11
12000,7
4000,15
3000,14
5000,15
10000,15
2000,4
2600,14
3000,11
5000,15
1800,7
7000,11
3000,11
1200,11
2300,11
4000,11
1800,11
788,0
3000,11
5000,15
3900,13
5400,8
1500,11
2000,4
2300,11
2500,11
5000,11
3000,11
1700,12
850,2
3000,11
1200,11
890,8
3000,11
3000,15
15000,15
2000,4
2000,5
3500,4
1000,0
2500,11
2000,10
2500,11
1000,4
2030,11
1700,8
1200,5
2100,11
1500,11
1200,8
300,4
1500,5
1400,7
1500,15
3000,11
788,4
1900,6
3500,11
1200,11
1500,11
3937,4
1200,6
2000,5
250,8
1800,11
1400,11
1500,11
2500,15
1000,0
1500,4
2000,4
900,4
3000,14
2500,11
3500,15
1200,11
1300,8
1500,15
2000,11
2200,11
1000,3
2000,11
1560,8
4500,14
1000,4
2000,13
1500,11
3000,11
2500,0
2100,8
3500,15
1400,10
500,4
2000,8
3500,13
2300,6
2000,14
1500,4
1000,15
1100,11
1800,11
800,4
4170,4
800,4
1400,11
4000,11
1100,9
2000,6
2000,11
1400,4
1800,5
1500,3
10000,4
0,4
1400,11
1500,4
800,15
924,6
2400,8
2000,11
1700,8
2000,7
900,12
1100,8
1100,4
900,11
1800,13
1500,11
1600,8
6000,15
400,12
4000,4
3500,14
1000,3
900,1
1000,0
788,11
1990,3
2000,11
788,0
1000,5
400,3
850,0
5500,8
1000,11
1100,4
900,0
1900,5
2000,5
1200,11
1600,10
1200,7
1200,6
788,11
800,6
120,0
1000,4
2000,0
788,11
5000,3
1500,0
788,10
1000,11
6000,11
1350,15
900,4
802,11
2000,15
1200,11
1800,7
1200,5
1500,4
1577,10
788,6
900,4
788,4
1300,10
3000,15
3500,10
5000,4
400,4
1200,4
1000,11
500,4
2500,10
600,6
1100,0
200,0
1600,14
1800,11
1410,6
2000,3
1000,12
5000,3
1620,11
1500,8
2500,6
735,8
1300,4
1100,11
788,2
1500,15
1020,11
788,3
1700,4
800,4
3000,8
1600,3
1500,5
0,4
1600,8
3500,4
1500,3
1800,10
1881,11
1600,11
2000,8
3000,11
5000,11
2000,11
4000,15
1650,15
950,4
1200,10
2000,11
2500,13
1100,4
1698,2
1200,5
1500,5
3000,4
1800,4
1889,3
2500,11
2000,11
3466,11
1200,11
2300,11
3000,11
3500,15
2000,4
2300,3
1532,11
1130,5
1200,4
2589,11
2200,11
7000,11
1700,10
2000,13
1000,2
12000,11
1100,12
3300,10
2000,15
5000,11
3000,15
7000,15
4500,15
10000,15
1380,5
3200,11
1200,15
2100,13
1000,11
1150,7
2500,4
1000,4
1576,10
2300,11
1050,6
1146,8
1000,5
1500,11
1800,0
1212,11
1080,4
1200,11
1500,11
700,7
788,4
1500,8
150,5
1380,0
1700,8
1800,0
1000,11
1500,11
2500,5
2200,7
1200,10
1139,7
1300,8
1660,14
1200,11
788,0
120,7
1760,15
200,3
1300,4
1200,11
1200,2
1800,10
2000,11
5000,15
5000,11
2000,15
1500,11
10000,8
800,4
1280,11
1576,6
960,11
1400,11
1300,11
100,0
200,2
1200,7
0,0
600,3
0,0
800,11
15000,4
1000,12
788,3
2000,1
25,3
2000,11
1800,15
0,3
2000,11
0,0
1500,0
0,12
2500,4
900,11
1200,3
120,0
350,4
3000,13
1200,11
900,11
800,8
1100,8
1500,2
1500,4
450,0
0,1
3000,15
800,0
600,5
500,2
1100,11
950,10
3000,14
1500,3
788,12
700,2
1600,5
800,3
788,7
4000,12
10000,7
1200,14
1500,11
4000,11
3000,8
1100,11
1200,11
1500,15
150,0
700,8
1200,4
1200,5
500,1
1500,4
915,8
1700,10
2000,4
1500,11
550,11
100,0
2000,2
100,0
200,11
2000,4
350,8
150,5
1500,11
2000,15
6000,15
1500,11
5500,15
2500,15
3500,15
7000,0
1000,11
4000,15
7000,7
2000,4
960,4
2300,10
980,11
1500,8
2000,11
650,2
2500,11
1900,8
1200,8
2400,15
3000,11
1400,11
1450,12
4000,15
3500,15
1500,11
5000,15
19000,15
5000,12
16000,15
2500,11
3000,15
2500,8
2000,4
400,4
900,4
3500,7
3500,11
1600,8
1100,7
1600,3
780,11
4000,11
1000,11
2000,8
3000,11
2000,11
4000,15
1000,5
900,6
1200,11
980,6
2000,8
900,11
2000,11
1200,11
1200,11
1500,6
1700,4
1200,11
1600,11
984,11
1200,12
1500,5
2000,10
1300,11
1200,4
1600,11
1900,9
2200,15
1000,4
788,2
5000,11
1500,8
2160,4
5000,15
1250,4
1300,11
750,6
3000,4
2200,8
1300,5
2500,8
1100,8
1600,11
2000,11
1000,11
2200,11
900,4
2500,11
2300,11
2000,4
5000,12
3500,8
4500,15
0,4
2000,8
800,11
3500,4
4000,15
4200,15
4000,11
1297,8
1500,11
1300,10
2500,15
2800,15
1500,15
1000,8
0,4
1000,9
0,4
500,9
2000,12
0,3
2000,11
0,2
1500,4
1500,4
1500,4
1500,11
1400,9
1000,6
1000,11
3000,11
1550,11
1900,11
3500,15
1300,15
1576,3
1240,0
1200,5
2800,11
2000,3
1500,11
1800,4
1000,11
400,4
1000,11
3500,11
5000,15
2000,8
1000,4
0,4
1300,4
1700,2
1600,11
1500,3
1200,9
3000,11
2000,3
1500,8
1500,6
5000,4
2000,9
900,4
0,0
1500,4
788,4
1500,4
1200,4
3555,15
2000,8
1400,10
1500,15
2000,0
1000,11
3000,15
1600,11
2500,11
2500,15
788,8
2300,11
1800,3
1576,5
2000,11
800,4
0,3
1500,4
2000,12
2000,4
2300,8
2700,15
1500,4
1500,11
6000,15
1500,11
3000,15
5000,15
2000,11
1600,11
2500,11
2000,15
800,4
1600,11
2200,15
2000,12
1000,11
1100,0
1600,4
2000,8
3000,7
2500,15
2000,15
4000,15
4000,11
1000,0
3000,13
5000,7
1200,12
3000,15
1500,15
7800,15
200,4
1000,4
2800,15
2600,15
3000,9
2000,11
3000,11
2000,13
2500,5
1157,7
2000,5
1500,7
2200,11
3000,0
3000,11
300,3
2000,11
1300,11
1800,6
3000,15
1200,11
2800,8
2000,7
1300,11
1500,7
300,3
7000,9
4000,10
5000,8
1600,11
12000,15
3800,11
3000,15
850,11
10000,15
3500,15
1000,5
2800,11
1200,8
11000,15
1800,11
2700,7
4000,11
788,5
5000,11
2200,11
1200,5
1600,11
3000,15
1650,11
2000,11
1800,11
1500,11
2700,11
1500,11
2000,11
2100,14
6000,8
1750,11
1000,11
3000,15
500,15
2000,1
1400,11
3500,8
3400,15
600,0
5000,15
3500,8
2200,11
1200,11
818,4
3500,11
1300,8
1300,11
1400,11
1500,8
3500,11
1300,11
2000,11
3500,4
1200,11
1200,11
2000,11
2500,11
1400,9
1500,3
0,4
2300,11
1200,0
1200,0
7000,12
2500,4
2000,8
10000,13
2000,8
1000,8
1200,11
500,4
2800,15
2000,13
2000,15
1100,9
7800,15
14000,15
7000,15
1200,0
2000,11
1900,11
3500,15
1500,8
2500,4
4000,14
1700,11
2300,13
1500,11
3000,12
1000,8
1800,11
2400,11
1500,10
2000,14
4000,7
1100,8
2500,8
1200,11
2400,15
2000,8
1300,8
3200,15
7000,8
1200,8
2000,7
1400,8
4000,8
600,11
2500,2
1600,8
2500,15
2100,11
3500,4
6000,15
1580,11
860,4
4000,8
5000,11
2300,15
788,5
2000,7
890,11
950,4
1005,13
950,2
3750,5
2000,10
1600,11
1500,11
1190,6
1900,12
788,4
1600,4
1600,11
2000,4
1100,2
1100,4
990,8
3500,10
1150,11
1403,11
2000,8
3500,15
2000,4
2400,15
2500,6
1200,9
2800,4
1500,0
2000,11
6000,5
2000,8
1500,5
5000,15
3000,11
1760,4
5000,15
500,4
5000,11
10000,4
2300,11
2100,11
1400,4
1900,4
1700,10
3000,12
1200,11
3900,4
1700,11
1900,8
1800,3
2000,8
2800,7
3500,11
1500,8
1700,8
2000,8
1200,4
3000,9
1400,11
2000,11
1500,11
2000,11
2800,10
1200,8
2000,4
1980,3
1200,11
2200,3
2300,8
1500,8
1100,10
3500,4
2500,4
1500,11
2500,8
3000,11
2000,11
3000,8
2400,6
3000,12
2500,11
6000,15
2000,0
1500,10
3000,8
1800,15
2000,15
3200,15
1400,11
10000,15
10000,15
6000,15
4000,15
4500,11
2000,8
6200,12
600,4
2200,11
2364,4
1300,11
2400,15
2000,11
3000,11
2500,11
0,8
900,11
3500,11
2000,11
788,11
8000,8
4000,11
1100,11
320,4
900,4
3500,15
1200,8
1580,11
400,7
1500,11
1300,8
2200,11
1000,4
1600,10
2000,8
1500,4
500,2
2000,4
2000,15
4000,15
3500,15
1500,11
20000,8
1900,7
4000,8
2500,15
980,8
800,0
1700,11
1500,11
2600,15
1100,8
1500,11
1500,11
2000,3
850,8
2500,10
400,11
1200,11
2200,11
950,8
1050,11
2000,12
2000,1
1200,8
2500,10
750,15
3500,11
3000,11
3000,4
1000,6
5600,2
3800,4
1257,8
900,2
1700,5
10000,11
1940,8
1450,10
1100,8
1600,7
2600,11
990,5
5700,15
2000,15
2400,11
1600,11
3750,14
2300,11
3200,11
2000,8
1990,13
4500,8
1700,11
3200,15
1500,5
2000,8
790,8
4500,6
1800,8
1500,11
1000,6
1157,11
400,2
1200,10
900,11
2000,14
1380,3
470,13
996,11
1200,4
981,11
788,15
1183,6
900,11
6500,15
1250,5
2500,15
1297,11
2000,14
1200,11
1400,5
2100,8
3000,8
2000,14
1800,15
3000,11
1600,8
1000,0
1700,11
1500,15
320,15
1100,11
1500,0
2060,4
4500,13
3400,11
1200,8
1500,9
2100,12
2000,8
600,0
1300,8
1200,11
6000,15
22700,15
2700,8
2000,11
20000,8
50000,14
15000,15
10000,15
4000,15
3000,15
1500,8
5000,15
6000,11
1200,8
2500,4
1170,11
6000,11
500,4
15000,11
6000,15
5000,15
4980,15
788,8
3500,4
1800,11
1500,4
3000,13
1000,8
1000,11
3700,13
1000,4
1050,0
788,0
1000,0
2300,5
1650,7
1300,6
1500,8
2000,15
2000,12
1200,12
18000,15
2000,13
5000,11
2500,15
1500,11
8500,15
1200,15
1800,11
3000,11
1500,15
2500,8
1700,7
1300,8
2500,11
2370,0
1400,11
2000,11
2500,11
1500,15
1650,11
3500,11
2700,11
2000,10
2500,8
3000,11
3000,11
1500,8
1500,15
2600,11
1500,8
1800,15
1500,7
800,11
600,5
2000,11
540,5
1576,10
3000,0
1042,11
1078,11
1200,8
3000,0
788,8
7800,10
2200,11
1500,8
1500,11
788,11
980,10
1400,15
1600,8
1500,13
1000,4
1000,11
1600,4
1300,4
2500,5
3000,4
2000,3
1500,8
2500,7
200,5
1500,0
2300,8
1400,8
2300,4
1500,7
1500,8
1400,3
1500,10
1700,7
1500,8
2500,11
788,8
1000,5
4000,11
3000,5
3500,15
2000,4
788,8
200,5
2000,5
2500,5
600,11
1500,10
3000,8
4500,15
1000,9
900,4
1576,8
5000,6
1900,13
500,4
1100,11
1500,12
800,5
1160,5
1500,6
1380,8
2600,11
300,4
2000,4
3000,4
300,4
2000,5
1200,3
1400,8
2000,11
5200,11
6000,11
2000,4
1500,11
3000,11
2000,11
3000,4
1700,12
1005,11
1150,8
1500,11
1400,12
1270,8
1500,11
1800,8
1300,11
1800,9
1100,11
1600,4
1400,6
1300,8
1400,12
0,4
1200,8
788,12
0,8
4000,4
1000,4
2000,4
0,4
1200,8
1000,2
1409,15
1200,0
6000,15
0,15
10000,15
1000,9
3000,11
1200,12
1000,5
5000,15
1800,12
3000,11
20000,15
788,5
3000,11
2000,15
1800,8
3000,0
1700,11
2000,8
13000,15
1800,12
5800,11
7000,15
6500,15
1000,13
3000,11
6900,15
1500,15
7400,15
1200,15
2800,6
1700,15
1600,12
16000,15
10000,15
5000,15
3500,13
3000,15
900,0
1700,8
1200,12
3000,11
700,15
5500,15
5000,15
1500,15
3000,15
3000,11
14000,15
3640,11
1600,15
10000,15
788,8
1500,11
4000,15
11800,15
4500,15
300,8
3000,11
12000,15
4000,15
4000,15
7000,15
3000,15
1900,11
4000,15
2000,8
1057,11
3500,11
16000,15
5000,15
15000,15
5500,11
2500,15
12000,15
5000,15
5000,15
1100,11
2000,15
2100,11
5000,11
7000,15
1200,8
1500,11
2500,4
2500,15
2600,15
10000,15
1200,11
2500,15
2500,15
4000,11
4000,15
2000,13
9000,15
3500,15
1500,8
1240,11
2000,15
788,11
1400,8
8000,14
10000,15
10000,15
0,14
3500,8
1400,11
1500,8
957,8
5000,15
1500,15
850,14
2500,11
1200,11
1000,2
1350,6
2000,4
1500,1
600,0
780,5
1500,10
2800,11
1120,11
2000,10
2000,8
3500,11
1500,11
3000,11
3000,15
3000,13
900,4
4000,11
1300,12
1500,11
1100,11
1000,8
1500,9
2600,4
3500,15
788,11
3000,8
1700,13
1700,11
300,0
2500,11
3000,15
600,15
2000,8
2600,15
1800,13
1200,11
3000,12
1500,11
2100,15
5000,11
1000,11
980,11
3000,15
2200,11
1500,11
3000,15
3000,15
700,10
4600,7
788,11
1500,11
1200,8
2500,11
2500,11
1800,11
1050,7
2150,11
3820,15
500,8
1000,8
1000,15
1500,8
1603,11
3000,12
900,11
5200,10
2000,11
800,7
780,2
2000,6
1500,11
1800,6
1800,5
1500,8
1900,1
3000,11
1200,4
4000,11
980,9
1900,13
4000,15
2300,10
1110,5
2600,8
0,0
1600,11
2400,5
950,5
788,4
2000,11
500,4
2000,11
500,11
3000,11
900,8
1800,11
2500,11
2500,4
1500,11
2500,9
1000,4
2500,11
2500,11
4500,8
1300,4
1600,8
5200,15
6000,14
1500,8
1100,11
2000,8
1150,8
10000,15
1500,4
2500,4
1500,8
3000,4
1200,11
2500,15
1800,4
1600,7
2300,15
2500,11
1500,10
2012,4
2800,15
2000,15
3500,7
2000,8
2500,8
1800,11
3500,4
2000,4
1500,8
2000,5
2200,9
1000,4
1200,8
1200,6
1200,10
1800,4
2500,9
1400,5
2000,1
2000,4
5000,11
3500,7
1400,5
1300,11
1700,4
2500,11
2000,13
500,1
600,8
788,8
2000,11
1105,4
3000,11
2000,11
1000,8
1400,10
1420,4
1500,5
1000,6
1800,11
1000,4
1000,5
2000,11
1500,4
800,4
500,4
788,8
850,4
1200,5
2000,15
1000,0
400,5
1400,11
788,4
30000,15
1200,5
280,9
1500,8
3000,11
1300,15
3000,15
1200,8
800,11
1000,5
1500,11
4000,11
3000,11
2000,3
1000,4
1000,5
788,8
1500,11
788,3
1300,4
5000,5
1000,7
1600,4
2000,15
788,4
788,11
1200,7
1500,12
1800,5
1100,10
600,6
1400,4
4000,11
1500,4
1500,4
250,11
1200,15
2850,7
3200,11
1200,12
400,3
7880,12
1000,4
1200,11
1400,11
3000,11
4000,15
1100,5
3000,8
1500,4
0,4
2000,5
6000,4
1500,4
1500,0
1500,4
2500,4
3500,10
1500,8
2950,4
1050,8
600,11
1300,8
1600,15
1200,9
900,7
4000,15
0,4
500,4
1500,11
0,4
200,8
2800,11
1100,11
700,8
1500,11
1200,4
2000,2
2500,5
2300,4
1000,11
2000,0
788,4
2000,12
1500,8
800,6
1500,4
4000,11
3000,8
2000,8
1200,11
1880,4
1250,8
2000,4
1000,4
2200,11
1500,11
2000,5
800,4
700,4
788,4
1200,12
1500,3
788,15
3500,15
10300,12
7000,15
2000,8
900,11
2000,11
1400,8
5000,15
4000,8
2300,11
2000,11
3000,5
400,12
1800,8
1400,11
1100,10
1700,12
399,7
2000,9
1050,7
900,6
1600,11
1390,3
2200,11
2500,11
1000,11
2000,4
2600,7
5000,0
1200,4
2500,15
3800,15
2100,14
788,8
788,8
3000,13
4000,7
2100,11
4000,4
800,8
2200,10
1600,11
2000,15
1500,11
2600,4
5000,11
1400,11
500,11
2000,8
3000,4
600,2
1100,3
2400,8
1250,8
3000,10
2000,11
4000,7
3500,11
3000,8
1000,8
9000,15
4000,15
3800,15
1800,8
1500,11
1500,15
2000,11
3000,15
3500,15
1400,12
1600,11
1700,11
2000,14
2000,11
2000,11
1800,8
1800,11
4000,12
1200,1
1000,8
1200,12
1600,8
600,8
2000,11
1250,11
1200,8
1800,4
3000,4
1700,11
1200,8
1500,0
1900,11
2000,8
1500,11
1100,11
2000,8
1500,8
1800,11
1300,9
1700,11
5000,8
3500,15
3600,15
3000,15
1400,8
1200,11
2300,15
1880,8
7000,15
2000,8
3000,11
1000,1
1100,11
1200,8
3000,8
14000,15
900,4
2000,8
2000,15
750,11
2000,15
0,15
2500,11
3000,11
4000,14
6000,15
4000,15
3000,11
1800,8
1200,11
2200,12
3000,11
1500,11
1500,11
1000,12
4000,8
1300,3
3600,11
6500,11
10000,11
2000,0
1800,8
3100,14
1000,8
3597,12
1900,3
2000,11
4500,12
2000,11
2700,15
1500,8
1400,4
4500,12
1850,12
2000,0
861,0
3500,15
5000,8
700,2
2000,12
7000,15
3200,11
5000,15
5000,15
5000,15
800,11
7000,11
1000,3
2000,11
1200,11
1200,9
0,11
1600,11
1500,11
1270,0
1300,0
1200,11
2000,14
4000,11
2000,7
5000,8
1500,11
1200,8
3000,0
1250,0
1414,4
1440,8
1200,11
2000,11
2200,14
2000,7
1230,11
1000,0
3500,13
2100,6
1250,8
1200,5
2500,9
3500,14
1900,11
2500,8
600,4
1000,4
4800,15
1900,11
3000,5
1400,3
2300,11
1800,0
1000,11
2000,10
1200,4
1000,7
2000,11
3100,11
2000,11
1800,11
1550,8
3000,8
1600,4
1800,13
5500,11
1200,4
2000,11
1100,6
2300,11
4000,15
1500,12
700,4
400,4
5000,11
2000,11
2000,11
2000,4
2500,8
1200,11
1000,8
3000,11
200,11
1300,5
1600,4
0,8
1200,15
1800,5
2000,11
1200,8
1800,5
1200,10
0,11
1500,11
2000,4
1200,4
0,2
0,2
1400,11
788,3
800,7
1900,12
2600,12
6800,15
4000,15
17000,15
8000,14
3000,15
6500,14
12000,15
5000,15
8000,15
1500,11
3800,11
1200,11
2100,8
3800,8
2000,11
2500,11
2500,12
1200,0
3500,11
2500,12
2000,11
3600,15
3000,15
2000,15
5500,15
5000,4
5000,14
800,8
1450,11
1700,11
1400,11
800,5
2200,11
3000,11
1800,15
1500,11
788,0
0,0
2700,11
1800,15
1080,11
4000,8
1000,11
2000,11
1600,13
1500,4
20000,4
2300,4
630,5
5000,15
1500,4
2300,8
788,8
900,7
3000,4
3000,4
1600,3
5000,6
1500,4
8000,10
1200,12
16000,4
4000,15
5200,12
1300,11
5000,13
800,4
1500,4
5000,4
5000,11
803,11
960,8
500,4
788,4
1700,4
4000,8
788,0
5000,11
15000,2
6000,11
1600,4
2000,4
5000,11
900,3
1800,5
2500,11
800,8
6360,15
1200,7
1000,11
2500,11
2500,8
2000,13
2000,15
7880,15
850,14
2000,11
5000,15
2500,13
4100,15
976,8
924,6
200,11
500,7
1100,14
3000,8
450,11
2500,8
2300,11
2200,11
3500,11
788,6
1300,10
1000,14
1800,10
1800,11
1500,15
1600,11
1600,11
1300,11
800,4
1900,11
300,7
1200,0
1200,11
850,6
3000,13
3000,11
3500,15
2500,15
2700,15
2000,14
900,11
5000,11
3000,7
700,4
800,11
2000,15
5000,15
1000,8
200,4
600,4
1200,11
1000,2
2000,4
1200,8
2300,13
1400,8
980,8
1600,7
1400,11
3000,8
1500,4
1600,4
1500,11
900,15
1300,3
0,4
800,8
1300,8
1400,11
1150,11
1200,11
2500,5
0,4
1500,11
5000,11
400,4
500,6
0,4
0,0
1000,8
800,4
1800,4
1200,4
800,5
0,2
400,4
0,3
3000,15
0,4
800,8
1600,4
788,7
600,7
788,8
1000,11
800,3
788,8
0,11
200,11
1100,12
4000,12
2200,11
2000,8
800,9
2500,8
1700,8
1200,15
1900,6
1500,1
1200,12
1060,0
2000,11
840,8
1500,12
1900,8
788,4
2000,11
1400,8
5000,15
2500,11
3200,15
2500,8
4500,15
2500,15
3000,8
1100,11
4500,11
2500,11
4500,15
2500,14
2000,15
1200,11
4000,4
1700,11
4000,15
2400,8
1100,8
2000,0
1200,4
1500,11
1677,5
1500,11
3500,15
1000,10
3000,0
930,7
2000,11
4000,11
15000,15
7800,7
8700,15
3000,15
3000,8
7000,15
4000,4
5000,15
15000,15
2500,15
1600,11
4300,11
5000,11
10000,15
5000,4
1800,8
950,4
5000,8
1200,4
1500,8
3600,4
3500,8
2500,11
3500,11
4000,15
5000,3
3000,4
970,15
7500,13
2800,15
3500,15
1300,4
788,11
9000,11
700,12
1500,9
1000,5
800,8
275,14
0,11
788,11
2500,11
5000,13
1500,15
2300,15
3000,15
1000,14
250,11
801,11
1200,8
1200,9
2700,15
1000,4
1300,11
0,4
1200,8
200,2
1200,0
1500,11
0,0
788,8
500,8
0,1
300,2
1250,4
788,5
2500,8
788,1
400,8
3000,11
0,4
0,3
1500,11
0,0
800,3
500,1
2000,11
0,0
0,0
400,3
1700,15
1500,11
2400,8
1400,11
3000,14
2300,15
3150,13
1700,4
3400,14
2000,11
17000,12
5000,14
3300,15
14000,15
2500,15
2500,11
2000,11
1500,11
1576,3
1000,15
1600,4
500,8
5000,4
1150,4
788,0
1600,11
0,0
1576,6
1800,11
1500,7
2000,11
788,11
1500,11
788,4
1250,0
850,10
2100,15
1000,8
1300,8
80000,3
2800,11
5000,15
300,0
4000,4
2000,11
800,0
1400,11
900,11
2600,15
2100,8
1576,11
3000,11
933,10
900,6
1500,10
1078,11
1400,8
6000,12
1200,4
2200,11
1200,11
700,11
1200,8
1500,15
4000,14
430,1
700,8
1500,4
1000,11
2000,15
1300,8
788,4
950,11
2000,15
3500,5
5000,15
2500,11
1300,8
1300,12
3000,11
3000,15
5000,15
0,15
3800,7
2000,13
1800,8
1300,8
3000,8
2500,15
1500,6
1600,0
2500,8
3100,15
1100,13
1480,15
1500,11
10000,15
1100,11
1800,11
1500,11
350,4
1200,4
10000,15
6500,11
4500,11
2000,6
6000,15
500,4
1000,4
3300,11
8000,15
600,11
1500,11
1800,11
1400,11
1042,4
1900,5
1500,4
4000,5
1500,5
2500,10
2500,8
1400,10
1500,11
3000,11
7000,14
2000,8
2500,11
2000,11
2400,0
2300,8
2600,0
2300,11
1200,0
1500,7
2700,0
788,11
1500,0
2800,7
1800,11
3500,2
2000,11
1000,0
3000,0
1500,0
2000,0
900,0
1500,0
2000,11
1600,0
2500,0
1100,8
1090,8
1600,5
2500,8
1580,4
3600,11
3000,11
7900,15
1000,8
1100,11
3000,8
1400,8
8000,15
2000,15
3500,11
40000,11
2500,10
1700,8
2000,15
600,12
1300,11
2500,11
1600,8
2500,11
1000,4
2500,11
3800,11
2200,15
4000,11
1200,12
3000,15
1000,11
2000,8
3000,12
3000,8
788,8
1000,4
2000,15
3000,11
2100,11
1100,5
10000,15
1300,11
2000,8
1500,8
3000,11
2521,12
3200,12
5500,15
3500,12
5000,11
2200,12
3500,3
10000,11
1300,8
2500,11
1600,11
2000,11
2500,11
710,12
788,8
1200,4
880,4
1100,7
4000,12
2800,11
1680,0
3000,11
0,8
3000,11
9200,15
1600,8
1300,11
4700,12
3500,5
950,12
5000,11
3000,13
1800,12
900,0
1300,8
1500,2
900,10
2000,15
1800,8
1100,11
1200,8
1500,4
1160,11
1900,8
1290,15
2000,6
4000,8
2500,8
3600,7
3000,11
1000,11
1500,4
8000,15
2500,14
1200,4
1000,11
12000,15
788,9
1500,4
4500,6
650,5
2100,8
0,3
1200,7
1500,4
2000,11
250,0
4000,4
980,8
2400,7
2100,7
1400,9
1300,8
1800,7
2000,13
1800,11
6000,15
5000,5
2500,13
4500,11
1500,11
2000,11
5000,15
2000,15
6000,15
1100,0
1200,13
4000,15
2100,15
8000,8
8000,15
1200,11
1075,11
1500,12
780,8
1200,11
900,11
788,0
1500,6
1100,7
2400,11
1500,9
2000,11
3600,15
2000,5
2000,6
1200,4
2000,9
1100,4
4500,15
6000,8
5000,0
1500,4
2000,8
1300,5
2200,14
4500,11
1300,15
1700,1
1660,15
1500,11
4500,15
3200,15
3000,15
11000,15
3000,11
3500,13
1300,0
4600,15
7200,11
2100,12
1000,11
2000,11
1500,14
7900,15
7000,9
2000,15
3500,15
943,11
4500,11
1460,9
1120,10
2400,11
1500,11
1800,2
2300,0
3500,4
2500,4
788,2
2300,15
3000,4
1500,8
800,12
1400,11
1800,4
1500,11
2500,5
1150,11
2000,11
1400,11
3000,4
788,4
1063,8
1000,8
1711,8
2800,15
1100,11
1500,0
780,0
1500,11
1000,10
2600,8
600,6
3900,11
1100,10
788,3
1200,5
500,4
905,11
2500,14
2000,11
1640,11
1500,4
400,4
2675,11
2500,11
1700,5
788,8
2000,7
1400,11
9000,15
1800,13
900,5
1000,8
2300,11
2300,4
400,11
400,2
850,4
800,11
10000,11
850,4
3000,4
3000,7
1200,7
1600,11
1000,8
3000,11
1500,11
900,7
1200,4
800,4
788,11
788,0
1600,15
1900,11
1100,8
788,5
850,4
788,5
780,8
788,6
1000,8
150,11
788,8
788,11
1000,3
1100,9
1000,8
1000,0
900,4
500,5
1000,8
788,4
800,4
1200,4
800,3
1800,8
2500,11
5000,15
1300,11
4000,15
1500,11
1500,14
1200,9
700,14
1200,11
1500,11
1000,1
2300,15
3000,11
1500,0
1800,11
2300,11
2000,11
1200,11
2700,11
1300,8
2500,11
1600,10
1600,8
3500,4
788,4
1500,5
1500,5
500,11
3500,11
1000,11
1600,15
1300,11
3000,8
2500,13
3000,11
10000,15
4000,11
2000,11
1100,11
2500,14
3500,15
2600,11
3700,15
5600,15
3100,15
3000,15
1700,11
1400,11
2200,11
7000,11
7800,14
3200,15
1500,0
3000,12
5600,15
3000,11
2000,8
0,4
2000,11
3000,8
0,3
1522,11
1800,8
7500,8
2750,12
300,11
7880,15
14000,15
9000,15
2000,15
0,2
0,11
1000,2
0,0
0,0
3000,4
1000,2
1300,8
1100,8
5000,15
6000,15
3200,15
788,9
2400,15
3500,11
1500,11
1200,8
3000,11
5000,15
2000,11
1300,8
1000,8
1700,11
1050,3
1500,12
1800,7
1100,6
1300,11
2200,11
1000,7
1400,11
788,11
1400,14
1000,11
2300,5
1200,11
1100,8
3320,10
2800,11
1300,8
1500,3
0,4
3000,8
2000,11
0,2
1500,8
7000,11
900,11
6000,8
2000,5
2500,5
1800,12
788,4
1930,12
1500,4
5000,4
800,4
2000,12
1000,5
4500,15
1400,4
3000,11
4000,8
1120,11
3100,8
3000,3
3500,11
1900,11
1100,11
2500,4
1000,11
1500,8
1000,3
2000,11
788,11
1000,8
2500,7
3000,8
1000,6
700,8
788,12
2600,15
2000,15
1800,8
2500,15
15000,12
10000,14
1000,8
1576,15
850,11
1576,11
1900,14
1200,7
2000,14
2000,11
700,8
1000,5
1200,11
1500,6
2000,14
1600,6
2386,11
800,8
2500,8
1000,10
850,5
1200,11
3500,15
2000,15
2000,5
2000,3
2300,11
4500,15
200,2
2000,15
2000,11
3500,4
2000,11
788,5
1560,8
1200,11
1200,7
2364,12
788,5
720,7
1500,11
1576,11
1200,9
800,11
2500,6
1576,6
2500,11
1576,11
1200,10
50,2
500,10
2300,10
1600,8
2364,15
1800,11
1700,8
300,2
788,11
1500,10
788,6
788,8
788,11
1576,6
1500,11
1000,8
8000,8
1800,11
2500,11
2000,11
4500,12
1500,4
3000,11
1700,13
700,5
1500,13
5000,15
1500,11
2400,13
2500,11
590,4
1500,11
3500,15
1500,4
1500,11
800,8
2700,11
1400,6
1300,11
813,5
2000,11
1300,8
1700,9
788,5
2000,11
1800,5
2800,13
800,0
2500,11
1100,8
1600,7
1500,7
1200,8
1100,10
1330,5
996,11
2800,11
800,11
1400,8
788,11
1100,10
1500,8
1480,8
3000,11
2000,8
1200,11
788,11
5000,15
1300,7
1000,9
2000,8
2000,6
1800,11
800,7
960,11
788,4
1576,11
3000,11
900,3
3000,11
1000,8
2500,11
1368,10
1200,3
788,11
100,3
1500,7
1490,6
1100,3
2000,9
1700,6
788,4
2364,15
2000,6
788,4
788,11
1169,11
400,9
900,5
788,5
1500,9
1218,10
1150,8
1450,8
1700,6
1300,11
900,3
1100,11
1500,9
1000,11
1400,5
788,8
788,8
788,11
788,7
1182,7
3000,11
700,6
1000,8
1200,2
1000,2
2000,3
1200,9
788,11
788,8
1000,8
4260,11
1600,8
788,4
700,5
1500,3
3000,11
1200,15
1500,6
800,11
250,3
788,4
1100,0
1120,8
600,5
2000,11
1400,5
4000,5
2300,10
900,12
400,8
1000,15
1500,6
1385,4
1050,5
2000,15
788,5
6000,15
900,11
4000,15
2500,14
1600,15
7880,5
1000,11
150,6
1640,11
860,8
150,7
2000,11
5000,11
0,11
5000,12
4000,15
5000,15
11000,15
6000,14
15000,15
7000,15
2000,11
788,5
700,1
1400,7
1600,11
1800,15
1800,11
954,9
2500,3
2100,5
3000,12
1500,6
3000,7
3000,4
0,5
1000,5
1500,10
4500,8
1800,13
2000,11
3500,5
800,13
3200,2
1200,11
1500,8
1310,10
1065,8
2500,5
1500,11
3500,15
2000,14
15000,15
3200,12
1500,11
950,2
2750,15
2000,9
5000,15
2000,12
1400,4
2500,11
10000,15
1170,11
1500,11
1700,5
2500,11
3000,12
2500,8
1670,14
2000,8
2600,4
380,3
3000,4
1500,5
350,8
1680,11
788,5
2000,11
1250,4
1500,3
788,3
1900,8
1500,4
2750,8
2000,15
788,5
788,7
2800,7
250,0
1000,11
1500,5
1500,8
1000,6
1200,5
1500,3
2000,5
2400,5
1500,5
788,0
1500,8
300,3
800,4
2000,5
3000,5
1300,5
1500,4
1500,15
1570,11
788,11
1000,5
10000,15
800,6
1500,3
1200,5
759,6
730,11
788,11
0,0
3000,11
15000,15
3554,15
5000,15
2300,8
1500,15
2000,11
3500,15
2000,15
200,11
1700,11
1100,8
1500,11
1000,11
2300,8
788,11
1750,15
400,5
1000,3
788,3
600,5
700,1
0,8
1000,2
1000,3
1100,5
0,0
0,0
700,6
1100,5
200,4
800,4
1500,5
1700,4
500,3
1200,12
1000,11
2000,5
1200,8
789,6
968,11
789,5
2000,8
2400,8
1000,9
3000,6
300,5
1200,6
2800,11
5000,15
1000,15
1100,11
1700,7
2500,15
1500,11
2000,11
900,12
2500,13
1200,4
1000,11
2000,11
1000,4
1000,10
1000,3
1500,11
2000,11
2000,7
3500,15
849,4
810,11
1200,11
1200,11
1400,11
8000,15
950,15
950,11
850,2
1300,7
1000,11
1100,11
1500,11
1600,11
700,11
1600,8
1500,11
1200,8
1300,2
2300,7
400,10
1200,8
1350,11
3000,12
2000,11
5000,15
1094,11
2500,15
5000,14
1600,11
280,8
980,11
2000,11
1400,9
1200,2
1600,11
1100,11
1000,11
700,11
1500,0
2500,11
1800,15
2250,8
4800,11
788,8
788,0
1800,12
788,8
1100,9
1100,11
1200,5
1500,8
1800,8
1200,8
600,7
1100,6
4700,15
1700,8
1500,10
3500,11
1200,7
3800,15
1900,11
3500,15
1200,8
1700,5
1500,11
1200,6
1400,8
2000,11
0,11
1000,5
1800,7
1500,4
3100,15
3000,11
1600,12
2000,15
1000,11
3000,11
1500,11
1000,15
2000,6
788,10
1100,11
1300,5
1000,9
1100,4
900,7
4000,8
817,11
560,2
2300,15
3000,6
1260,4
3300,11
0,5
1800,11
2400,15
1000,8
2000,11
1600,15
1100,15
1800,11
0,0
990,5
2800,7
3000,10
1950,11
4000,14
1500,4
2000,11
788,5
2300,11
1158,13
2200,14
0,5
1700,7
1400,15
2400,11
4000,11
1200,8
3500,11
1100,5
2500,15
1800,4
2000,14
1200,2
1500,11
500,6
2500,11
2000,11
0,13
1400,4
1000,5
3000,15
998,7
788,5
4000,11
1300,7
450,4
1400,9
1600,7
600,4
1100,11
950,7
788,5
1800,7
789,0
2200,8
7881,15
3941,11
3500,15
4000,15
600,14
4500,11
20000,15
10000,15
3200,15
7500,15
1400,4
2364,8
1000,11
3000,8
1500,12
1500,12
2000,4
1600,0
1200,11
1576,15
1300,12
1500,0
5500,15
1500,15
1700,12
789,0
350,7
1078,8
1800,6
5000,11
8000,15
880,12
1300,11
700,4
1500,11
450,8
2900,11
4000,15
3500,15
1500,8
5000,12
850,11
2500,11
2000,6
5000,14
2500,11
1200,6
2400,8
1200,11
1600,2
820,6
2500,11
1000,8
2100,15
1300,11
1500,11
1500,5
1200,4
950,7
2000,11
1200,11
950,11
800,11
1500,11
1200,12
798,4
600,11
788,8
2000,10
3500,11
1300,11
2300,5
350,6
2100,4
1400,5
789,14
900,11
4500,14
1500,13
700,11
1700,8
1500,11
1400,4
968,11
2000,4
1250,11
630,8
5000,15
1800,15
1200,7
4000,15
1300,11
5300,11
3000,11
789,12
3500,5
1300,4
1600,4
937,0
788,2
788,2
300,5
788,6
2000,7
1400,5
2000,8
940,6
564,8
1200,6
1200,11
950,8
1082,0
900,0
5200,8
789,0
1576,12
788,1
1000,12
1200,12
1800,11
1100,11
1100,8
3500,13
500,12
2500,11
0,11
450,8
2000,8
800,11
1500,12
2000,6
3000,15
700,10
1400,8
1600,5
800,11
1000,7
750,6
980,5
900,8
1200,5
1400,8
1600,9
3500,11
800,11
3000,12
1500,15
1200,15
1300,11
1500,8
1000,15
1060,8
1500,8
788,0
1300,8
2000,10
3000,11
1000,8
1053,11
1000,11
1200,10
1400,8
2000,11
1050,11
3000,10
900,6
788,4
0,11
1009,8
1500,11
1000,11
2800,11
2000,5
300,12
1000,15
2000,11
2000,15
1600,9
5000,15
6000,10
3000,11
0,10
2700,15
2000,11
2000,11
1200,5
788,8
100,2
3000,11
2300,15
3500,11
1300,11
2600,11
1500,11
2000,11
1200,5
1400,11
800,12
3500,11
2000,11
1200,11
1800,11
789,11
1100,8
789,15
6500,15
3000,15
3500,14
7000,15
1800,11
1000,11
1000,11
2500,15
1200,11
1000,10
900,11
788,6
900,2
1500,9
850,0
789,2
2300,11
2400,5
1800,8
1200,11
1340,11
980,15
1700,8
1180,9
2000,15
2300,11
2500,11
788,8
2500,4
700,8
2300,12
800,7
1000,12
2000,11
788,10
1600,11
1030,11
788,11
1500,11
900,11
2500,9
1500,1
2500,12
3000,8
1000,11
1500,11
2000,6
2000,11
3940,13
300,5
1200,10
2300,12
3500,15
500,0
10000,10
1500,12
1100,11
1500,6
700,10
1400,11
1500,11
1400,11
7000,15
1700,11
2500,11
3500,13
3800,15
1200,14
1000,11
2000,11
2000,11
1500,15
2500,12
1200,11
3000,11
2000,4
2460,3
1200,4
1000,3
1200,8
0,0
2000,8
450,1
1800,8
788,0
1500,15
800,4
1200,2
800,6
800,5
788,9
900,5
788,8
600,2
1000,4
950,4
900,11
980,8
800,3
900,0
7000,5
8000,4
1200,5
2000,8
1500,11
1200,8
788,4
1200,5
1500,0
1500,8
1000,0
150,8
1400,11
1800,11
788,11
1150,6
788,11
2800,11
5100,15
1500,11
4000,12
3000,11
2300,11
1600,4
1600,5
900,3
1000,1
1400,8
2800,9
1500,5
1200,11
1800,8
3200,15
2500,15
3000,14
2400,15
3000,15
5000,15
1300,15
1500,5
0,6
960,7
2300,11
1137,8
2400,11
2000,11
2300,11
2100,11
500,6
2100,11
0,2
2900,11
15000,15
1000,11
2200,11
2450,11
1000,4
0,0
4300,11
0,11
1000,8
2300,15
788,3
150,0
700,4
850,3
1200,15
1500,4
2000,4
0,8
1000,5
0,4
0,5
1400,15
0,10
1000,8
1000,4
830,2
600,5
500,4
0,6
1300,11
600,0
2000,15
250,5
0,9
1900,12
788,8
0,7
200,4
928,12
1000,10
1900,5
0,3
1600,11
1800,11
1500,11
900,5
1100,11
1500,15
2000,8
2000,11
1200,4
3500,14
3000,11
2000,3
3500,11
1000,4
1200,3
3000,11
2000,11
3200,11
1700,6
1168,5
2000,11
3000,11
2000,11
1200,9
1500,6
1700,9
1800,6
950,11
800,8
1800,11
1500,11
1500,11
5000,11
1000,5
3000,8
7000,11
4000,14
2200,6
1100,6
0,3
0,5
3000,5
250,4
1500,3
1905,5
1000,4
5000,8
1500,7
1200,5
1000,2
1500,7
1800,7
500,5
1400,6
1100,8
1000,4
788,15
1150,5
1300,7
1700,5
1000,3
1500,4
3500,8
800,9
1500,11
7500,11
4000,15
850,15
788,5
3000,14
2000,15
5000,10
3600,8
2200,15
4500,11
700,6
2400,13
1100,11
2300,11
400,11
4000,8
1400,11
1600,8
800,7
450,1
500,2
1880,8
980,5
400,9
4600,15
2500,15
1800,11
776,4
3000,11
1300,11
400,3
1776,11
2600,12
2300,15
950,11
5000,14
5000,15
5300,15
1200,9
3800,15
400,5
3300,15
1800,13
2000,15
5000,15
2000,12
5000,15
16000,15
6000,15
8000,14
5000,13
5500,15
5000,12
7000,15
5000,11
12000,15
1700,8
2000,8
400,8
800,1
1500,8
800,8
1500,11
2600,8
800,8
800,8
5000,7
1300,5
500,0
760,4
1400,11
1700,3
400,7
1300,11
1000,3
2500,11
1250,11
2500,10
3000,13
7500,15
2600,12
2000,8
500,5
3500,12
800,7
1200,7
3000,11
1500,11
1730,11
2500,12
4000,4
2700,11
200,6
800,8
6000,15
1500,0
1017,14
4500,11
0,3
3500,11
900,4
2700,5
1550,7
1500,4
1150,11
280,4
1300,8
1350,8
1217,8
1200,11
788,11
788,8
2100,6
1443,8
900,8
1500,11
4500,15
3000,5
880,11
5000,15
2300,11
3200,11
1500,2
3000,5
2900,11
1200,2
10000,15
600,9
3500,6
2500,4
3000,8
2000,11
7500,15
2000,3
4500,11
1500,10
1150,7
900,11
1500,11
300,8
4000,14
1500,2
1200,11
1100,13
1500,8
5000,11
15000,3
4000,11
7200,15
1300,8
5000,15
1250,11
5000,5
2500,11
2500,8
2500,11
2000,8
2000,8
4500,11
1600,8
2500,5
900,4
2000,7
500,4
10000,11
1200,15
1600,8
0,0
2000,4
600,3
200,5
280,5
3000,8
500,11
100,3
300,4
200,8
2000,4
2000,4
1100,4
1500,5
0,3
0,5
0,5
2500,4
600,7
6500,5
1000,5
800,11
900,4
0,5
1500,3
1300,11
1430,15
1000,11
3000,15
1100,5
3800,15
1500,15
1800,10
5100,13
4100,15
4000,12
800,11
2300,10
1619,15
1100,10
900,3
1500,4
900,4
2500,8
2365,11
3000,15
3800,14
1250,15
2000,11
1500,11
900,2
1500,8
600,5
788,6
5000,11
5000,10
0,11
800,11
2000,10
1200,15
3000,6
2000,11
2000,12
2000,11
2000,12
2000,11
1800,11
2000,7
2000,4
788,5
0,4
2500,15
800,5
3000,15
1200,3
1180,11
788,8
2500,12
1576,6
1000,2
1200,6
1600,9
160,5
1019,8
400,5
1000,4
950,10
0,4
1600,8
788,7
950,11
1200,5
150,5
600,6
350,2
680,5
800,4
0,7
5000,15
0,5
0,1
3200,9
1200,3
1600,4
1000,11
788,3
750,2
80,0
500,4
1700,8
8000,15
3000,15
2100,11
4000,15
10000,15
788,8
780,6
2500,8
788,11
780,5
2000,5
1500,4
1200,10
1800,5
1100,2
2300,7
1208,4
1800,5
1100,4
8000,15
1400,8
600,2
1000,7
1800,8
4000,8
788,8
2100,5
2538,15
300,5
1800,11
2000,11
1300,11
3000,5
1500,11
900,11
2400,15
5000,13
2500,8
900,10
1600,4
3700,15
3000,11
1700,11
1500,11
3000,15
950,4
1500,3
800,11
4000,15
4000,0
300,11
1000,11
2000,11
886,8
380,5
900,5
1100,15
200,15
788,8
480,11
660,4
1000,9
1000,0
400,8
400,5
0,11
1100,8
1200,10
1000,4
1300,4
1000,6
480,9
1400,11
0,8
1200,15
400,5
300,4
1000,10
5200,11
200,5
0,0
1100,1
800,11
1800,3
915,6
180,6
900,5
1500,7
4000,10
0,5
788,2
1500,7
1300,3
2000,10
1100,5
900,11
2000,11
0,8
1600,15
1300,11
1500,5
1100,15
1000,5
2500,15
930,11
1000,5
2000,5
1300,5
1600,6
4000,10
2000,11
1300,4
1200,10
1300,8
1300,7
0,5
0,0
1700,4
900,11
1500,6
1480,8
788,4
700,0
2000,5
788,5
5000,15
1450,11
3000,11
1500,8
2300,8
20000,11
50,15
2000,4
2500,11
1000,6
1500,8
1500,11
0,3
1100,12
4000,12
1110,4
1300,15
1200,7
1576,7
4664,15
50,1
7191,15
75,5
0,4
2000,5
1100,5
0,4
1700,11
0,4
2500,11
1700,9
1000,11
600,4
0,4
400,5
15000,8
1000,11
1080,5
4200,11
788,6
1000,12
1479,8
1200,8
2500,11
1000,11
1850,8
1589,8
2000,8
3500,12
0,5
788,5
2000,11
2100,8
2300,7
1200,11
2500,11
2500,15
300,6
0,5
2300,15
1600,5
2000,14
3000,10
13500,15
20000,11
1500,12
3500,11
6000,15
2500,11
2000,4
1000,11
3100,11
1200,15
3300,11
2000,5
1400,3
1400,5
1200,11
1600,4
0,3
3800,10
2000,11
1300,11
1200,11
4000,11
1100,2
2600,10
788,1
1000,3
3800,7
800,6
1200,9
1500,11
700,5
1580,12
2000,8
2000,12
1400,8
3000,14
12000,8
2400,11
800,6
1300,11
800,8
3500,15
950,0
3000,15
3800,11
2500,6
0,0
2300,15
1200,15
1700,11
1500,8
1500,11
1600,2
3500,12
2980,15
15000,15
980,8
2400,11
1000,11
1500,11
5000,14
1600,11
1000,8
3600,15
1500,15
2000,5
2000,11
700,0
1400,2
788,8
1500,11
3000,5
500,5
600,8
800,9
720,4
1000,3
1100,8
1000,11
1000,7
900,8
1100,6
1000,9
1800,5
1000,8
2500,11
800,8
788,0
1200,8
1400,5
600,5
1200,8
200,4
2500,11
650,0
1470,0
1300,8
1200,4
1200,8
1700,8
750,2
500,15
2200,11
2200,0
3000,15
1500,8
0,11
3500,15
500,15
15000,15
600,8
1000,8
850,10
1200,11
1600,3
900,8
1600,5
1000,5
1100,3
450,8
4000,11
1500,10
5000,15
1300,8
900,7
2000,6
800,5
1300,15
3500,5
4000,15
938,8
360,11
0,2
900,3
1600,11
380,5
1100,8
950,3
2800,4
1500,6
0,4
0,10
0,5
250,7
980,11
2300,7
0,11
5000,4
8000,11
1200,7
1300,6
1100,15
1350,4
1300,8
5600,11
4000,5
1900,15
0,5
2000,4
3500,5
1700,12
6000,4
3500,5
3500,5
2000,4
3750,6
450,7
2100,4
2500,5
330,4
0,0
1250,4
5000,5
0,4
1600,8
0,4
2300,0
2000,4
1200,4
750,5
0,2
3000,11
6200,7
1045,5
1600,4
1900,8
3000,4
1700,5
1000,7
300,1
2000,5
1600,5
0,11
1200,5
0,3
1900,5
1000,3
2500,13
2000,9
1500,4
2000,7
1100,4
1000,4
1500,15
788,4
740,4
2000,8
1000,15
2700,11
1300,2
1800,4
1600,7
1800,8
2000,7
2000,4
3000,2
1600,11
1400,2
900,8
1153,5
1700,11
1200,4
1700,11
1200,8
1600,5
1300,11
1400,7
2300,5
2079,11
2000,4
1000,11
4000,8
1500,11
2500,4
2500,5
1600,8
0,15
4500,8
2777,3
1500,5
2500,8
833,3
3000,5
1666,6
2500,8
1500,11
2200,8
1488,11
1600,4
2200,6
600,9
1000,4
3000,15
1900,11
6000,15
1090,13
1500,11
2000,8
1200,10
788,11
3000,11
900,7
800,0
788,8
3000,8
2800,8
1200,11
1100,8
2000,11
1200,8
1600,8
1200,11
2000,4
2200,11
2700,11
2500,15
1500,2
1350,8
2000,11
1700,11
1000,11
2500,11
800,15
1500,8
1200,11
1200,11
1000,7
1200,11
1500,12
3000,11
1500,8
2500,8
1200,8
1700,15
1200,5
3000,11
1200,11
1200,14
700,3
1300,15
5600,12
1577,0
2000,11
788,0
1500,11
1100,0
2100,8
1300,11
1450,8
1200,11
2000,11
1500,11
1600,11
1300,0
2300,11
1400,11
5200,11
1040,2
1050,8
1300,15
1800,14
2500,11
1200,15
3000,11
900,15
1100,4
3000,8
820,11
980,11
2380,8
800,4
788,8
1500,3
1700,11
900,8
200,3
4900,11
1500,11
2050,11
1000,11
3000,12
800,8
2300,15
2000,14
1300,11
6000,11
800,0
788,9
1200,11
1500,15
1500,8
1200,11
1000,11
980,11
2000,11
2000,14
400,14
1800,13
2700,15
2500,11
1200,4
788,11
2000,13
1300,11
1200,3
850,11
870,11
2000,13
788,11
1000,0
1200,7
1500,15
920,11
2200,11
2300,8
3500,11
2000,11
6800,11
6000,15
4500,11
4000,15
1770,11
13000,15
3000,15
5000,11
6500,15
1500,8
1200,11
1200,11
1000,11
2500,14
1500,11
3500,11
1900,9
788,8
2500,8
2500,11
1000,8
1700,11
1300,6
800,9
1500,11
788,2
1300,0
1600,0
1700,11
1200,5
1600,15
1500,11
2350,11
2000,11
2500,7
300,6
0,3
400,11
3000,11
788,11
0,5
1000,5
1100,11
2000,15
1300,4
8000,15
1500,5
800,15
1800,13
7000,11
788,11
980,15
1300,0
60,5
7000,0
788,10
1500,9
1000,11
900,8
1500,8
300,7
2000,11
788,11
1500,12
1060,4
7000,15
14000,15
1577,15
25000,15
1300,11
869,10
2000,15
1200,11
1700,0
2000,10
1010,8
0,2
788,6
1400,5
4000,11
1680,15
1800,4
1100,5
1500,6
3000,15
788,0
1000,11
1000,15
900,5
750,13
690,11
1200,8
1200,4
2000,10
1300,11
900,11
788,8
2600,6
1500,11
980,11
800,11
3500,11
2000,15
2500,11
900,14
1500,11
900,7
788,0
2500,11
1700,0
1000,5
500,5
1800,8
1200,8
1900,0
1500,3
900,6
750,0
700,8
1500,7
1500,11
1800,13
400,3
1500,7
3900,11
2000,6
1060,11
1800,0
1500,5
1000,10
0,4
2400,11
1500,5
2250,11
3000,11
2200,11
2000,4
480,7
1000,6
1200,15
1500,8
1200,6
1000,7
1500,4
1200,4
4200,3
3500,8
3500,12
788,8
7000,15
500,5
600,4
1200,11
4000,11
1600,4
2000,11
2000,11
1200,11
500,5
800,7
2250,2
250,11
1450,9
1800,11
900,5
1250,9
2500,8
580,3
2000,11
2800,12
1300,6
1500,15
1650,8
20000,15
300,3
800,2
1500,5
1600,15
1123,15
1500,11
1200,4
1300,11
1500,4
0,5
2000,4
2000,3
1000,4
4500,8
1200,5
3000,13
3000,15
3000,4
1000,4
4000,14
6000,15
900,12
1550,14
1500,12
1800,15
2200,9
0,3
100,6
500,4
0,5
1500,11
6000,4
2000,7
2000,11
1050,11
1500,11
2000,15
4000,12
1400,8
0,2
1100,15
1500,13
750,0
1000,0
1200,11
1500,6
1600,6
500,4
1053,8
788,6
1500,3
500,8
3000,5
3500,2
0,3
2000,4
3000,8
0,4
2800,5
2600,11
0,6
0,4
4500,4
1300,3
2525,15
1010,11
2000,15
10000,11
1200,4
2400,5
915,11
2400,15
800,7
2000,7
788,7
600,6
788,4
400,5
1200,7
600,3
1300,10
400,11
1100,11
420,5
500,9
1200,5
788,6
788,11
1500,11
900,5
5500,8
8000,10
500,4
1000,5
1000,5
788,6
788,3
2500,8
3500,11
1800,5
1600,11
1200,8
1450,7
788,11
1100,15
1200,6
788,5
3000,11
2500,7
3200,11
3000,15
2000,11
3500,15
1400,11
2000,11
1750,13
2000,11
1300,15
1900,4
1218,12
8000,15
1000,8
1000,15
10000,15
1400,11
1500,1
2500,9
1600,9
2000,11
2000,15
4200,15
1800,15
1200,8
3000,14
1600,10
2200,11
0,2
1100,9
2100,11
2000,11
4000,15
3100,11
1500,3
2100,15
1400,11
1000,5
300,8
2100,11
1000,9
600,11
2300,11
919,4
1335,11
2800,5
1600,11
2000,11
1500,5
1150,8
1400,11
788,8
1392,8
2300,11
3000,13
1200,6
2000,5
2300,14
1100,10
4000,14
3800,11
8000,11
1300,15
4000,15
3000,15
6000,15
7000,5
3200,15
1500,15
4000,15
788,4
0,13
700,3
200,11
2300,11
1450,5
100,5
1200,4
1000,0
300,4
800,7
600,3
1000,5
1625,5
70,2
788,2
170,5
750,5
300,4
3000,5
0,3
0,4
1450,4
1200,11
1500,5
800,4
70,5
400,4
500,5
600,0
1157,9
800,6
2500,11
1300,5
788,7
0,8
12000,15
1500,8
950,8
1000,0
0,4
1700,12
1800,11
415,4
250,5
0,4
0,0
370,5
0,3
0,2
0,3
125,3
1500,6
2700,11
2500,13
5000,11
5000,14
0,13
2000,15
2000,11
788,5
8700,15
1200,10
1000,8
1200,6
4200,13
3500,15
5000,11
4000,11
1700,11
804,6
1500,0
3000,8
5500,15
900,5
788,0
1700,8
800,8
1500,6
1200,5
998,11
2500,10
1500,6
1100,0
2000,11
1800,8
1800,7
1200,11
1600,3
2400,13
1200,8
2000,9
1500,11
1500,11
2300,11
1300,8
400,2
788,5
788,15
788,11
1200,15
790,5
2000,12
1700,15
2300,5
1500,5
920,7
3500,11
903,11
4500,8
1200,15
1200,12
1300,11
1300,10
1000,11
788,3
1000,4
2000,8
800,0
5000,11
4500,8
2500,1
2500,11
1100,2
1500,4
1600,11
1300,6
2000,11
788,5
0,10
4000,5
1534,7
6000,11
1000,8
1000,5
1800,5
1200,11
1100,4
1600,11
1300,11
2000,8
150,0
1650,8
950,9
1000,11
1200,11
500,11
788,6
2000,5
1200,8
2000,11
1500,5
5000,8
3000,6
0,4
5000,11
820,3
1100,4
2000,4
1500,11
2900,11
0,5
788,3
1270,8
1400,5
894,8
850,0
2364,8
1000,8
829,4
1100,9
2100,11
3000,4
3000,0
1100,10
2300,8
3000,8
2000,12
1380,11
3000,3
6000,15
8000,13
2000,11
1576,14
1700,15
3200,15
850,11
1200,12
6000,15
3000,15
1100,11
4000,15
1400,15
1700,11
2000,15
1800,11
5000,15
2200,12
1200,7
780,4
1300,11
900,4
1000,3
1000,9
0,5
800,12
1500,8
1900,9
0,12
1200,7
2000,9
1600,7
788,15
1300,4
1500,4
1000,13
4200,13
850,4
1500,12
800,11
3000,11
1200,15
4200,11
1500,12
1500,11
1500,11
7000,15
2000,15
6000,15
3200,15
1500,11
2000,15
5000,15
2000,5
1300,8
2000,10
900,9
6000,15
2000,15
10000,14
1200,11
2500,15
1800,12
4000,12
600,11
1300,0
300,11
3000,13
1600,8
1800,12
4000,15
5000,15
987,14
1200,5
500,8
1300,8
788,3
2500,11
4000,8
3000,3
1200,6
2500,8
1500,11
1500,6
1200,5
1500,3
1200,11
2500,15
500,11
10000,11
394,5
15000,15
1200,11
900,11
1500,11
2300,5
1500,11
2000,14
1500,12
2000,11
2000,7
2300,12
6000,15
2000,8
1042,12
1100,11
1300,6
2500,8
1200,11
1000,11
3000,8
1500,5
1100,5
1000,4
1000,11
1700,15
2000,11
1200,5
1068,6
1500,5
1500,5
2000,11
500,5
1200,15
2000,10
1100,15
1500,11
1700,15
788,3
900,8
1200,1
980,5
200,2
1200,5
1200,3
2000,2
3500,11
2000,5
1500,15
3000,12
4000,15
1200,6
1000,8
1400,5
3800,8
15000,13
1300,7
1200,9
400,0
1500,11
1000,7
788,4
1200,8
2500,14
3000,11
790,8
1200,4
788,4
1200,3
1500,4
1000,11
789,8
1500,8
1500,8
3000,9
788,2
2200,7
788,5
0,4
3000,15
8000,14
1500,11
1500,8
2500,8
1200,4
1500,8
1100,11
1300,2
900,5
938,6
2500,11
1200,5
1152,6
1100,10
850,8
1300,9
3000,15
1100,6
400,5
1000,6
800,11
3200,15
1400,11
1200,5
5000,15
4000,15
789,8
700,7
2200,8
1500,8
2000,11
1200,11
3500,14
500,12
2000,4
1800,5
1114,8
3000,8
5000,15
1500,5
1500,2
50,0
700,3
980,8
788,11
1200,5
1000,3
1200,11
850,8
1000,2
1500,7
1000,8
9000,15
3500,15
1500,9
1100,11
8000,13
1500,8
1500,11
1200,13
4000,15
4500,8
2000,15
0,4
1600,7
220,11
1000,11
1200,3
788,5
400,6
1100,7
1800,4
1000,5
1600,11
2100,12
1600,8
1200,8
1600,11
1250,11
1300,8
1800,11
1300,9
1150,11
0,11
1100,8
1300,8
1000,5
850,12
4000,5
788,11
0,5
1800,11
1500,6
0,8
3600,11
1600,11
1538,8
0,5
3700,11
1500,5
800,10
4000,8
2000,11
1500,5
3077,14
3000,11
2000,4
1970,14
500,15
800,6
1660,11
2000,11
2500,10
320,4
2400,11
850,5
394,3
1100,8
960,5
0,0
1500,1
1100,3
788,8
1400,3
0,0
1300,9
100,4
500,2
0,0
1500,11
1600,4
1576,4
450,5
420,10
788,0
0,3
7000,8
5000,5
3000,11
200,3
0,2
85,5
0,4
1080,4
0,4
100,3
2000,5
110,4
2200,11
2150,5
1295,4
0,5
7000,11
5000,8
2000,15
1150,11
3000,4
1600,11
1800,15
400,0
850,4
3500,9
1000,0
788,5
150,0
1600,6
300,6
800,9
1800,5
1600,6
1260,4
950,3
1000,6
200,8
1500,8
898,8
395,5
2400,11
2000,6
788,11
1600,3
1300,8
2000,9
1300,11
1200,4
600,1
2900,15
1200,8
2500,6
100,3
788,3
900,5
1600,15
1800,10
400,4
910,11
1500,11
2000,11
2300,11
1700,11
1500,11
1300,4
1600,12
2200,10
1500,7
1200,4
2000,10
1090,4
2500,4
1900,5
1300,9
1000,4
1100,7
1500,5
1200,7
2000,11
1064,5
3000,6
2000,9
1000,11
788,7
2300,15
900,8
1150,4
1000,3
1000,5
1400,9
600,9
2000,10
788,4
3400,15
4000,14
1000,6
2200,5
1200,9
2300,8
1500,11
1200,1
1400,9
800,5
390,1
2700,15
1000,3
0,3
1000,8
0,10
1500,4
1000,5
10000,8
3000,11
8000,15
5000,15
7000,15
4000,15
990,12
8000,15
8000,11
3200,11
1000,5
2900,15
2200,15
4000,15
3000,15
3000,9
2000,5
3500,15
900,11
4500,11
1627,11
1700,5
0,4
1000,11
800,7
2100,11
3400,11
10000,15
788,4
1500,11
2000,9
823,11
1200,11
2400,15
1221,11
1800,15
3000,11
2800,11
6000,11
1000,11
1200,15
1800,15
1200,11
2500,8
1500,14
2200,0
2000,0
1200,2
1500,11
1000,8
1800,11
1600,5
1400,11
3500,11
1300,11
1300,11
2400,11
3900,11
1100,6
1000,11
788,0
1600,3
800,1
5000,8
1000,5
2000,7
1000,7
1200,10
1500,7
900,11
2000,9
1600,13
1200,8
700,5
700,6
0,4
2000,11
20,0
788,1
550,6
700,4
800,0
5000,15
2200,8
2350,11
2000,11
16700,15
1000,11
1800,8
2500,15
3500,11
3500,2
1290,0
1200,15
1500,11
788,7
1006,11
1200,11
1600,6
1000,11
2000,13
5000,15
2500,11
1400,11
1200,5
1200,6
1600,5
2500,9
1500,12
1060,11
2500,11
1500,5
1000,10
1800,10
2600,11
500,4
2000,5
1400,12
1100,8
20000,0
8000,15
1000,15
3500,15
1250,13
1800,15
1500,7
8000,13
1500,15
6500,15
1860,6
10000,15
1000,10
1250,15
1400,5
1400,10
400,4
1200,10
1500,9
788,8
5000,11
990,11
1300,15
7000,15
1200,15
900,10
788,15
1053,11
1000,11
1070,6
1300,4
3000,15
400,6
1500,2
980,5
788,9
1350,11
1083,10
0,5
10000,15
8000,15
1700,15
1000,8
1800,0
1200,10
1000,0
2000,9
850,8
500,1
1400,3
2500,11
1200,5
1100,5
1150,5
1200,10
2100,6
800,5
788,8
5000,12
1350,4
1100,4
1400,8
1100,11
2000,8
500,8
1200,3
1800,4
1600,11
900,8
900,11
0,8
0,4
1100,8
1800,5
0,3
1600,11
4500,12
5000,14
1480,4
0,3
1000,7
0,2
2400,11
3000,5
5000,15
500,8
10000,15
3500,15
4000,15
9000,15
10000,15
3009,15
1173,11
3600,11
2225,12
2000,15
4200,15
1500,13
4800,15
2500,12
4470,15
3800,15
1000,11
2300,15
100,10
1500,15
0,4
11000,15
11000,15
5000,11
4100,15
400,15
2000,15
5000,15
2000,15
1200,4
3000,15
5000,15
4000,13
0,3
1500,15
1730,14
1300,15
400,15
8000,11
2400,5
5000,15
4500,15
3000,15
3500,15
4000,15
4500,15
1400,6
6000,15
4000,11
1600,11
6000,15
6000,15
7000,15
7500,15
1200,15
15000,15
4000,15
3000,15
7000,15
500,15
2200,15
2000,15
1900,15
1100,1
20000,15
2000,15
1613,10
3800,11
3000,15
5000,15
2500,15
4000,15
1400,11
10000,8
5000,15
820,15
5000,15
8000,15
2000,4
0,11
15000,15
2000,15
3500,14
2100,15
2600,11
3200,15
788,11
3000,15
10000,11
5000,11
6000,15
2500,11
1600,11
1500,11
600,9
1800,11
2900,15
2500,14
3800,12
5000,15
2000,11
5200,13
12000,15
10000,15
5000,15
0,11
11400,15
15000,15
3000,15
1900,15
10000,15
300,15
3000,11
7000,11
8000,13
6000,15
2200,15
12000,15
15000,15
16000,15
2000,15
5500,15
13000,15
7500,15
5500,15
2000,14
1500,11
6000,15
0,8
5100,13
3000,11
6000,15
4500,15
5000,15
6000,15
7000,15
6000,15
5000,11
1000,6
16000,15
7500,15
7100,15
3000,15
500,15
6000,15
12500,15
14000,15
10000,15
20000,15
5000,5
3500,15
3000,15
2500,15
7000,15
1300,15
7000,11
1200,15
12000,15
12000,15
10000,15
5200,15
10000,15
3000,7
1800,13
8500,15
8000,15
18000,15
10000,14
30000,15
5000,15
900,14
1680,11
500,11
1200,11
2500,2
2000,5
1250,5
1200,3
600,6
2000,15
788,5
1500,4
11000,15
2800,11
8000,15
1500,7
1850,4
1000,11
6000,15
1900,11
3000,15
1500,15
1200,11
5000,15
4000,14
2700,15
4800,11
1100,11
1250,11
1380,8
1200,15
5000,15
2500,11
1300,15
1400,6
1800,11
2000,11
1600,4
400,11
788,6
1500,10
1250,14
1200,11
3000,13
1500,10
5000,15
2500,4
1576,6
3000,15
2800,11
2400,13
5000,15
1600,15
1660,11
6000,13
3000,15
3000,15
1800,8
6200,15
4200,11
8870,14
3500,15
7000,15
2800,15
3000,11
2500,11
6500,15
8000,15
2800,15
9000,15
2800,15
4800,15
4200,15
7500,15
0,15
2000,15
5200,15
14000,15
5000,15
1400,12
3000,12
500,5
1000,11
2100,11
1900,14
3000,11
1500,15
1500,11
2300,11
788,9
1500,8
1200,10
788,6
1200,6
1000,10
300,5
1100,11
950,8
2800,12
2700,11
1800,13
2200,15
3000,15
6000,15
2000,13
3500,13
1200,11
1500,13
1500,10
1600,11
1200,5
1500,6
3500,8
1080,7
12000,15
700,11
700,0
1500,10
3800,15
3800,11
3000,11
3800,8
1200,11
788,1
1000,8
280,8
1400,11
1850,11
2780,8
1100,8
900,8
1600,5
1320,4
1040,0
800,11
2000,11
968,11
3000,11
1089,8
2000,6
800,11
3000,5
2000,8
555,3
2000,8
1300,4
850,3
1000,8
2000,5
1500,4
2000,11
2000,11
3000,15
20000,15
2000,15
2000,5
788,5
1500,11
2500,11
2000,15
1300,6
829,7
2000,8
850,8
480,8
1000,8
1075,0
998,4
9975,15
2500,13
2300,13
6500,14
1200,11
1500,12
1000,5
1500,5
3000,12
1800,13
7000,15
11000,15
2500,15
11500,15
3000,11
4500,15
1000,3
6000,10
1000,9
1900,6
1000,9
788,10
1400,2
1400,4
2500,0
800,10
3000,11
1500,15
900,8
720,9
150,5
1600,11
1200,15
0,11
2200,10
1433,11
5000,11
2700,4
1500,11
6000,11
3000,11
1000,15
1200,11
600,14
9000,11
1500,8
800,11
1500,11
1000,11
3100,9
950,4
2500,11
400,5
1500,0
1000,9
1200,8
1350,11
788,11
2000,14
5000,15
2000,15
2700,15
2500,15
400,11
100,8
2500,15
3000,11
1400,11
4000,15
3500,15
2000,0
2400,11
960,12
12000,14
1350,12
799,0
966,15
3000,15
2000,15
1400,11
1000,15
1500,11
2300,12
1600,15
5000,11
15000,15
6500,15
3900,13
15000,15
12000,15
3300,15
6500,15
6000,11
400,15
9500,15
2200,11
8000,15
12000,15
788,15
4500,15
6500,15
5000,15
950,14
19000,15
8000,15
3000,15
3200,14
10000,15
20000,15
27000,15
9000,15
20000,15
1300,12
1000,15
16000,15
7000,15
3500,14
17000,15
3000,15
2000,7
3000,13
7000,15
5800,15
788,8
2000,15
600,11
2800,12
15000,15
2300,9
2000,15
10000,15
3500,11
788,5
788,8
1161,7
1600,0
788,0
1400,8
1800,4
1200,4
1100,8
1800,8
2400,11
750,8
788,11
1200,3
1000,11
1400,8
928,7
1400,3
1600,11
1500,8
2500,15
2500,10
1600,4
1500,11
1200,13
1200,14
2500,11
700,0
1700,11
2050,11
5000,15
2200,11
4100,15
2000,11
300,10
788,14
1400,8
1600,6
950,6
800,8
1800,11
600,8
1000,8
1630,5
900,11
1500,2
1000,10
14600,15
3000,11
400,10
2000,11
2500,8
500,7
1200,2
1200,15
1000,2
3800,11
1500,4
2500,8
1200,15
9000,15
6000,12
1400,13
2100,11
2200,15
3800,13
1500,13
5200,15
15000,11
450,6
3200,15
1600,14
4000,11
1700,11
5000,11
1300,13
2000,10
2000,13
1200,15
2000,15
2000,12
3000,11
2200,11
500,15
1600,14
25000,15
3500,14
1000,8
2000,14
200,0
1100,15
2000,11
2000,12
4000,15
1200,8
4000,4
600,5
1100,2
4000,3
788,12
1100,10
1000,0
2500,8
1700,11
1200,11
1200,10
738,5
5000,15
2000,6
400,4
10000,0
788,8
1000,4
1400,8
200,4
5000,15
2300,11
2500,6
6000,8
800,15
880,6
1500,0
3000,5
700,11
1400,6
1000,3
2500,11
3000,11
800,5
2100,11
800,11
2200,11
280,0
1000,8
3000,11
900,8
600,8
1030,8
778,11
1500,8
500,2
1100,5
900,5
1000,6
1600,11
1700,15
1200,6
890,11
1000,13
1700,11
2000,11
2500,11
1200,3
950,7
0,6
800,11
400,5
2500,11
1230,8
0,8
1300,11
788,11
1300,11
1000,9
4000,11
1200,11
3000,15
800,12
1250,5
788,11
500,8
984,7
10000,11
600,3
900,11
1200,11
1030,11
1500,6
2300,15
2000,11
0,6
1400,10
789,15
1800,8
900,7
800,5
788,8
0,11
1100,11
2000,11
2000,2
1200,5
1300,8
1800,8
1500,12
4000,15
3000,11
1500,11
2100,11
2200,15
1800,13
1700,15
1200,10
3000,13
3000,11
2800,11
8300,11
12500,15
3000,15
0,15
3800,13
8000,11
1100,11
2800,3
788,11
1800,12
1280,5
2000,11
600,6
500,6
500,11
2200,6
788,12
1700,11
1500,13
1250,11
0,6
1034,11
2500,14
300,11
10000,11
1200,15
3000,14
3000,15
1500,15
1700,11
350,15
5000,15
830,8
600,11
4000,11
4500,15
3000,15
1648,11
2100,11
5000,15
3000,14
4000,11
1500,11
3000,7
2000,11
2000,3
1030,15
4100,0
4200,15
3000,15
1500,11
15000,15
8000,15
2300,11
7500,15
14000,15
5000,15
2050,12
2400,15
10000,15
5000,15
0,15
20000,15
14000,15
35000,15
14000,15
4000,8
20000,15
30000,15
1300,5
1400,11
20000,15
2000,14
12000,15
3500,15
1000,11
4000,5
1400,11
6000,11
1100,11
788,8
1300,5
3500,11
3500,15
1600,11
3000,15
1200,5
1000,11
1500,7
1500,7
1900,4
1500,4
788,5
1000,4
800,7
2000,8
2000,11
1500,7
1500,11
788,11
1000,5
1500,6
1500,11
2500,11
1780,11
1300,8
960,0
600,1
900,11
15000,11
1500,11
2400,5
1100,11
788,11
4000,15
0,11
1306,11
788,4
4000,7
1800,5
2400,11
1558,11
2600,11
3000,7
8000,11
14000,8
9000,11
8000,8
5800,15
2600,8
10700,15
1200,11
1200,11
6500,11
3800,7
3000,8
1000,11
800,9
50,11
1300,8
1800,9
3000,8
1500,5
2200,15
800,8
1050,8
1500,12
1000,7
1000,1
2000,11
3000,15
3000,11
6500,11
1000,0
700,8
4000,15
1400,11
450,11
7000,11
1000,9
3000,11
2500,11
0,2
0,3
1800,11
2000,11
789,0
3000,11
2000,8
1600,15
900,8
900,9
1000,9
780,11
1000,2
800,6
1200,0
1055,7
1500,2
1300,8
1200,10
0,6
1500,14
5000,15
1000,10
6000,15
1800,13
6000,15
1800,12
3400,11
1750,15
1400,11
4000,15
4500,15
4000,14
8000,11
1500,11
5000,11
9500,11
2000,4
5000,15
7000,15
2000,13
3500,11
7000,15
2500,15
1200,11
1200,8
765,3
1400,9
870,5
1300,11
500,8
950,3
1100,11
700,10
1800,13
4000,15
3900,14
4000,15
5000,8
3000,12
1500,11
1000,10
1576,15
11000,14
12000,15
80,11
3000,15
10000,13
4800,14
3500,15
1800,15
6000,15
2800,15
15000,15
1500,7
8900,15
7000,15
5600,15
2000,15
4500,15
0,14
3000,15
2500,15
4500,11
7000,15
0,11
1700,12
0,15
10000,15
2000,15
5500,15
950,13
3941,11
5500,15
16000,15
7881,15
6000,15
2000,15
400,14
3000,15
7000,13
5000,15
10000,15
1000,15
3500,15
3000,15
0,15
5000,15
20000,15
0,11
3500,15
8000,15
3000,15
20000,15
30000,15
5000,15
8000,15
10000,15
4000,15
18000,15
20000,15
800,15
8000,15
25000,15
15500,15
1000,15
15000,15
2900,15
10000,11
12000,15
20000,15
200,15
8000,15
2200,15
3000,15
1800,15
3500,15
30000,15
20000,15
2350,8
15000,15
25000,15
6000,15
5000,15
16000,15
8000,11
1600,15
8000,15
1000,15
21000,15
15000,15
10000,15
1900,15
8000,15
2008,15
7000,15
6000,11
10000,15
11000,15
7000,15
8000,15
2000,15
5000,15
1200,11
10000,15
10000,15
7000,15
0,15
5000,15
15000,12
2000,14
3200,15
3500,15
8325,15
8000,15
3500,11
2300,14
2500,15
1500,15
3000,15
9000,15
2500,15
17000,15
6000,15
15000,15
2000,15
10000,15
6000,15
1600,15
9000,13
4000,11
3000,15
3000,12
10000,15
900,11
1000,5
0,13
3800,15
2200,13
1550,5
1200,15
2300,11
4000,11
4100,15
5000,12
200,14
1200,14
2000,15
1700,11
2250,15
2000,15
14500,15
6600,15
2600,14
6000,15
2800,11
3500,15
2500,15
7000,15
20000,15
2000,11
14200,15
5000,15
1000,15
2500,14
3000,15
1500,4
1500,15
10000,15
500,15
2000,15
8000,15
20000,15
19000,15
25000,15
30000,15
500,15
3000,15
2500,11
5100,15
2700,15
20000,15
20000,15
18000,15
17000,15
5000,15
4000,11
1400,8
10000,15
788,11
880,11
6500,15
3600,15
15000,15
20000,15
2500,14
400,13
3000,14
15000,15
5000,15
10000,15
14000,15
8000,15
1700,12
1300,11
960,8
2000,11
5000,15
2000,11
6000,15
1200,15
3000,15
2000,12
9000,14
800,15
1500,11
600,14
10000,11
1700,11
2200,15
2900,11
2000,15
4000,15
5000,15
3000,15
10000,14
13000,15
1700,8
3400,13
1500,11
2000,15
2000,15
6000,15
1800,15
1500,12
4000,15
1500,15
5200,15
3000,11
1000,8
2000,12
400,11
1500,11
1500,15
1500,11
1900,15
6000,15
6500,15
4200,11
3200,15
5000,15
4000,14
4000,11
5000,15
1700,11
17000,15
200,15
1500,15
2300,15
12000,15
10000,15
1300,11
10000,13
8000,15
3000,12
5000,15
9000,15
2000,5
788,10
1500,10
5500,15
8000,15
600,11
5000,15
1600,14
1500,11
2200,15
1800,6
1300,11
2000,15
2500,11
1200,11
7000,15
2000,15
788,12
1300,14
1200,11
600,4
3500,5
5000,8
2500,14
1000,4
998,11
2000,11
2000,0
935,8
1200,4
788,11
1500,8
300,8
8000,11
788,1
1300,11
1000,11
870,6
1800,11
1300,3
2500,15
2500,14
2000,9
2000,12
1360,11
1800,7
500,11
6000,15
700,11
2300,12
3000,15
6000,15
2500,0
6000,15
788,11
1500,11
1500,8
3000,8
1500,6
1300,5
2500,11
2300,15
1700,11
600,11
4500,15
1100,8
788,5
3000,11
1400,6
1200,4
1006,11
1200,5
300,0
1258,8
2500,11
1600,11
2114,11
3000,11
700,11
2600,11
1200,6
3100,12
2900,12
1600,11
1500,9
970,8
1100,6
1600,5
1200,11
4000,14
2500,11
0,4
1100,8
1000,11
4000,15
1000,11
950,11
5000,15
2000,11
3750,12
2514,10
1500,8
5412,15
5000,15
1500,11
1000,3
788,7
788,8
6000,11
1500,11
4552,8
5500,15
1000,5
788,5
1500,5
1300,5
2500,6
1800,5
788,5
2000,11
1400,5
788,11
1200,4
1200,2
2000,11
1050,8
1300,8
4000,14
1100,9
1576,9
1400,10
1500,11
900,11
1400,3
1600,6
1100,5
5000,4
1500,11
1500,5
1200,11
2200,15
900,11
1854,15
1500,11
1570,10
5500,4
1855,11
2500,11
1600,11
1200,8
1900,9
1300,11
1200,11
1500,15
3000,15
5000,13
4500,15
1089,13
1400,1
1000,0
1576,15
1200,4
1300,8
450,6
900,11
1900,8
1050,5
1600,15
1100,6
1985,11
2900,11
800,3
3500,8
1200,15
1100,3
1000,11
1800,11
500,5
4000,15
800,13
5090,15
1900,11
2700,11
2100,15
1600,7
2000,14
1300,14
900,9
1000,12
2000,11
1200,5
2000,11
2000,11
1400,11
2000,9
1000,15
5547,15
1259,5
1600,5
1100,6
1200,12
70,9
788,8
1200,10
800,11
1300,11
1400,11
4000,14
2055,11
7000,15
3400,11
4000,15
1500,8
2500,15
6000,11
1300,8
1200,10
1385,11
2000,11
3500,14
2500,8
1200,11
2000,3
2000,15
1100,15
1600,15
19000,15
1300,11
1200,12
2000,11
3000,15
5700,15
9000,15
3600,15
1600,15
1000,5
765,9
1200,8
1300,0
1400,11
1500,5
1200,5
3000,15
2000,6
1500,5
900,7
1200,6
900,8
1500,11
11000,11
2500,12
1200,9
2500,1
10000,15
5000,15
4000,8
15000,15
7500,15
18000,15
4000,8
6700,11
15000,15
3000,15
6000,15
4000,15
3000,15
3100,13
10000,15
7000,15
19000,15
18000,15
2000,8
5000,15
1500,15
4000,15
6000,15
6500,15
600,13
18500,15
25000,15
6000,15
2000,14
13800,15
15000,15
12000,15
5000,15
10000,15
15000,15
7000,13
4000,15
2000,11
20000,15
10000,15
0,11
4000,11
4000,12
2200,10
4000,15
600,15
12000,15
4000,15
2000,14
500,9
12000,15
2000,4
1800,15
1500,5
1500,1
2100,8
1100,9
800,4
1000,11
7000,11
80,4
1200,11
1300,8
150,11
0,15
5000,11
8000,15
3500,15
6500,15
3500,11
1800,12
1700,8
1000,11
300,15
4500,11
2000,8
3000,9
1300,11
2000,1
2400,11
2300,11
1200,15
1100,11
788,11
160,11
6000,15
1200,11
2000,11
1500,11
1300,11
960,11
2000,15
600,5
1200,8
2000,8
1500,8
1100,4
788,4
950,8
900,9
1400,8
2800,11
2000,1
1700,11
2200,11
780,6
2000,11
2300,5
1580,11
2000,11
3900,8
1700,14
1000,15
1100,5
1600,8
20000,15
5000,11
6000,11
10000,15
5000,15
10000,15
2500,15
9000,15
18000,15
2000,15
2500,15
1745,6
1500,6
1880,7
500,4
1000,4
788,8
2700,8
1000,12
1030,11
1100,11
2000,9
1100,11
7000,15
4000,15
3000,15
2000,15
2000,13
3100,15
3500,15
6000,15
5000,13
1500,12
1000,8
1250,11
3500,4
1100,7
788,3
1500,8
1800,6
1300,8
900,2
1500,11
300,9
870,14
400,3
1200,9
900,11
1150,11
4600,11
4800,11
2000,15
1200,15
2400,11
500,11
3000,15
3000,11
2000,15
788,4
1020,11
2000,15
394,5
2100,11
2364,10
800,10
1500,11
2000,11
2000,11
1000,6
0,5
150,0
600,3
4000,15
1200,11
1900,11
788,12
1200,8
1000,4
1700,3
1100,11
4500,11
2000,6
1000,8
1000,11
800,5
1000,11
788,8
500,3
2300,11
2998,11
2700,9
1120,8
2300,8
1200,8
1100,4
1200,4
500,8
1100,5
2500,13
8000,11
1600,6
2500,15
5500,15
0,11
1200,7
788,0
2000,11
1200,0
1800,5
0,11
2000,11
5000,14
3000,8
0,4
2300,13
1200,5
1000,8
1500,5
788,11
1100,7
1500,8
1050,6
1200,7
1300,11
2000,11
800,6
800,2
1500,2
900,11
2500,4
2800,6
1200,0
1200,5
1000,3
1100,5
2300,5
900,5
1200,5
1200,7
1200,5
2000,11
788,3
1050,8
1000,8
1300,2
1400,8
1000,8
520,5
1500,7
4500,12
2000,11
2300,15
1000,8
1300,7
7000,13
1800,11
5500,11
800,4
800,5
1000,4
500,6
4000,5
300,5
0,5
800,5
0,0
600,6
5000,15
850,15
900,6
0,11
2000,5
0,5
1000,5
3000,4
1000,5
200,4
0,2
0,2
800,3
1576,8
1000,4
3000,7
300,4
120,5
1800,8
1500,5
1100,7
120,0
1053,6
300,1
2700,10
1700,11
1000,15
800,5
4500,15
2000,12
500,5
1200,2
800,4
920,3
1400,8
500,7
788,15
1200,7
1200,4
920,15
1800,8
950,8
1006,8
2500,11
788,3
3000,15
7880,8
788,6
1000,11
800,5
2800,8
2500,11
1100,11
1800,4
1100,8
780,5
1500,4
3000,7
600,4
1200,12
200,11
1200,3
800,8
1200,3
1500,9
1000,8
1300,3
1200,8
1500,5
788,9
1200,10
3000,3
394,10
930,11
150,0
1250,1
1000,4
0,5
3000,11
2500,11
788,0
2000,11
0,15
4000,12
2500,15
1200,11
350,5
0,3
135,5
0,4
2000,4
1000,11
2000,15
1500,11
1300,13
1000,15
1300,11
1400,11
500,6
1200,8
788,6
2400,9
800,3
3000,6
1100,15
1500,11
2200,11
2000,11
1000,1
2500,4
1100,4
1500,7
950,4
2400,8
1300,8
1700,11
2000,2
800,8
1800,10
1000,9
1780,11
2000,6
880,8
1400,11
1600,8
1900,8
788,5
1300,14
5000,12
1020,11
500,15
800,3
1350,11
5000,15
550,11
10450,15
3000,15
3800,14
1900,15
3900,11
2400,11
3500,15
7000,15
1400,8
600,11
2200,12
4000,11
2800,13
1100,12
1600,15
1007,12
2200,11
1200,11
788,5
1300,11
1200,5
900,11
788,8
1800,11
2700,11
420,8
1600,11
1600,8
4500,11
0,4
1200,8
10000,14
10000,15
2700,15
0,4
6000,15
10000,15
5200,10
14000,15
200,10
565,9
2500,11
600,4
500,6
1500,5
2200,8
1500,4
2000,12
1200,11
2200,11
1000,7
4000,10
3500,12
1000,10
2000,15
4000,11
0,8
2000,6
890,11
1800,15
2200,14
1100,5
5000,8
3000,12
600,11
1200,8
2300,3
1270,3
1500,11
1000,8
2200,11
5000,11
788,11
1100,8
3000,8
100,4
1550,8
5200,11
2100,5
200,6
2200,11
4000,15
300,11
2000,9
1500,5
6500,15
3000,15
850,15
5000,15
500,11
1100,15
2000,11
2000,11
500,5
1100,11
600,4
2800,11
2500,11
1100,10
2500,11
1100,5
3500,15
1000,8
1600,8
1500,15
5700,15
2000,14
1500,10
1400,8
1900,13
500,4
1006,9
1200,8
1500,6
2000,8
1900,8
2500,11
4000,4
500,8
600,11
0,11
0,4
2400,4
0,4
1400,5
1116,5
450,4
0,4
240,3
2000,11
1500,5
1086,8
1400,11
4500,14
2300,8
926,12
5000,12
2800,15
1100,5
1080,5
1080,8
1150,3
3000,8
2000,11
3500,11
1600,6
1068,7
1000,2
1500,5
600,5
700,5
1200,5
1500,4
3000,4
2300,5
200,5
0,0
0,0
1100,2
1000,5
150,4
0,8
0,2
1400,6
1100,8
1500,8
1000,8
1500,12
788,11
1500,5
788,3
870,11
1048,11
1200,11
2000,5
1800,14
788,3
800,8
1100,11
1500,4
1800,10
1400,8
2300,15
1400,8
3000,15
900,8
2500,15
1100,4
1000,4
1100,9
2000,15
600,7
4600,11
1300,8
1500,11
0,15
5000,11
1000,10
1000,8
1000,11
1200,10
3000,11
2800,15
400,0
0,5
1200,8
1200,15
1300,7
300,2
2500,14
45,0
600,5
750,1
1100,2
4000,12
11785,15
850,12
1186,4
788,0
788,8
1002,15
1200,8
1800,11
1000,11
395,4
1200,10
1100,5
1200,11
950,8
3000,7
2200,8
788,15
788,4
400,7
1200,6
500,1
450,4
700,1
600,4
0,2
800,4
0,4
0,2
800,5
300,5
0,0
2000,15
788,9
0,3
0,8
0,0
1700,12
1500,9
1800,11
300,4
1500,7
1600,6
1600,6
1700,11
2000,2
1000,5
1600,5
1900,6
800,4
600,10
789,0
6300,15
1450,7
250,4
4500,11
19000,15
3895,15
2500,11
888,4
1100,11
800,5
0,4
3198,15
788,10
789,6
2000,4
800,8
1000,11
1500,2
2000,11
778,8
1100,5
15000,15
1500,11
600,5
3000,8
1150,11
1400,8
1150,2
2000,11
1000,6
3000,15
6000,15
1200,11
2500,4
1400,8
1600,4
8000,11
2000,6
1500,8
800,4
0,2
550,11
1500,6
1500,4
2400,5
600,3
8000,11
1500,5
750,3
500,4
3500,1
9000,8
950,3
4500,6
6000,4
750,1
0,5
1000,5
0,4
500,4
500,4
1500,8
1350,15
2900,4
0,0
100,3
900,4
3770,15
788,1
0,3
788,4
1630,4
3000,5
500,11
788,4
200,5
800,3
2250,14
1570,5
4000,10
788,2
4000,12
2000,9
3000,15
1000,8
788,6
4000,11
3000,3
1000,6
400,0
1500,4
3000,2
1000,2
1500,4
1000,4
0,4
300,4
3500,15
2000,13
2000,11
1300,9
8000,15
8000,11
7000,15
1037,11
2500,15
11000,14
1200,13
2500,13
6000,15
0,11
1500,13
5000,13
4500,11
2000,15
2000,14
2900,13
2200,11
1600,13
3200,15
788,13
1000,15
1000,5
3000,13
940,8
788,5
1200,5
2800,15
1500,11
788,8
1600,10
1100,8
500,9
8100,13
12000,15
1500,8
3000,13
1200,11
2100,11
624,3
1400,11
500,11
3000,12
1000,10
1000,11
1300,7
1000,6
1900,14
2500,11
788,14
1000,1
600,10
1800,11
2600,14
5500,15
788,4
3000,15
2000,15
2200,11
3000,13
1700,15
900,9
1300,11
650,0
1500,8
1000,11
1600,11
788,6
1100,6
5000,15
1500,11
1600,13
976,12
1100,5
1200,15
2000,11
900,8
2500,8
2000,5
1500,15
1200,11
2000,9
2000,12
860,8
1000,8
2000,4
1400,11
1200,5
1500,8
788,5
1100,8
800,8
100,8
788,8
1500,5
788,5
200,5
1000,4
0,6
2000,8
1300,5
700,1
2700,11
2000,5
2000,15
1100,10
1000,11
2500,13
1098,11
2000,0
1100,11
2100,11
1100,11
1450,11
1400,4
2780,4
1100,3
100,8
950,5
1200,7
1700,11
3000,11
4000,8
3500,11
800,5
2500,11
4000,11
6300,15
1500,0
530,5
1900,0
850,5
1200,12
2000,6
1500,11
300,0
3000,4
1750,6
600,0
1350,9
900,3
1000,3
990,10
4500,3
800,2
600,5
788,5
1600,7
800,4
1400,11
3000,8
1100,8
1000,1
4000,8
1576,11
2000,8
2000,15
1500,8
1600,6
1800,6
1450,8
1500,5
1600,6
2000,7
1200,0
2000,8
1600,5
1200,11
1000,8
900,11
2000,11
1500,8
1500,3
2000,11
3700,11
1500,11
1500,11
1500,7
2500,11
2000,11
1200,11
1200,11
3000,15
2200,15
3000,11
1500,10
1150,4
1000,11
800,8
2800,8
2600,14
1100,11
2150,4
788,11
2200,3
1500,11
2200,8
1000,7
1100,1
0,1
1034,10
1400,9
2000,11
1400,11
2600,15
200,11
2500,15
3800,15
3000,8
788,11
1100,7
788,15
2000,9
4300,15
1600,11
2000,11
1600,11
20000,15
25000,14
2100,8
1300,8
200,12
1200,11
788,8
1800,11
2000,6
788,5
800,8
1200,6
1800,11
1200,7
500,8
200,1
788,2
850,10
350,0
2000,6
2400,11
0,11
3200,10
1100,11
880,5
3900,14
15000,11
2000,15
2300,7
300,5
2000,11
600,7
1500,4
200,9
1800,8
1800,15
0,5
3000,15
1200,8
3000,11
4000,5
100,0
2600,11
788,8
788,8
1500,5
600,5
1600,8
1500,3
1200,4
1000,8
500,5
1800,5
0,5
1000,5
1500,5
200,3
0,3
800,5
400,5
1500,13
3000,11
1350,14
4000,12
6000,15
4000,4
2500,10
5000,11
900,14
3500,11
1100,11
5000,12
785,5
2000,8
2000,5
1800,9
2000,11
1000,11
1800,15
1200,11
1000,6
2000,11
400,4
5000,9
788,4
1100,8
900,11
1100,8
2000,11
1600,6
250,6
1200,11
780,8
2300,1
900,4
1400,11
1200,8
2300,11
500,1
1100,7
1500,2
790,5
1500,4
1100,1
150,1
1100,8
700,5
1300,9
1200,6
4500,11
0,4
1000,5
3000,11
1200,3
2000,4
1500,8
1800,15
1100,7
1800,2
3000,14
2000,5
1800,8
950,5
1100,1
1100,6
1200,12
1180,5
1600,7
1000,6
3250,15
1300,11
1250,11
1350,11
850,11
789,10
1200,5
2200,15
800,9
1000,5
1200,11
1200,5
1500,8
3032,11
1600,8
2300,14
900,8
1000,8
788,11
1500,11
800,11
2100,15
1200,8
1500,11
350,4
2200,1
2100,9
3000,6
1200,15
800,0
2800,8
2000,11
8000,14
5000,13
2500,15
2900,14
500,5
1200,11
1059,8
1200,11
1500,11
1100,11
600,7
2500,10
1400,11
2000,5
1800,11
911,11
2000,14
3000,11
2300,13
4000,8
1200,12
1800,12
1200,12
788,4
800,8
1500,11
3500,11
788,7
2500,11
788,3
1000,0
1500,0
500,4
800,8
788,0
1800,11
1900,11
2300,11
1200,11
1800,11
2600,15
1900,11
600,0
2800,14
3000,5
3500,11
1800,11
2880,11
1730,11
1100,4
1050,7
1100,14
5000,14
1200,12
1200,8
1800,5
200,5
1800,13
900,4
600,4
788,7
788,11
900,11
1200,5
788,8
1200,11
2000,11
1500,15
1200,3
350,1
800,4
788,8
1500,1
500,4
2100,5
0,8
0,4
1560,1
300,1
3152,8
0,8
0,0
3500,6
1000,3
800,4
1200,15
900,12
175,0
1000,4
0,5
0,0
1100,7
1000,7
0,5
1000,8
450,4
1300,7
980,11
1500,3
500,5
0,10
650,0
1500,11
780,11
1500,6
1000,11
833,5
2000,15
780,4
0,2
1600,8
2400,6
800,4
1080,8
1000,11
1600,5
2000,7
1500,11
2000,15
750,11
350,4
250,0
900,7
5000,8
800,4
250,1
1500,4
1100,3
210,5
0,2
1331,8
1030,0
1250,4
1300,5
500,4
788,4
2300,4
1576,4
0,4
2000,5
850,5
1000,8
2200,4
9300,11
300,3
0,0
680,4
80,3
160,3
1000,4
250,2
2083,3
50,0
150,0
0,0
0,0
0,2
250,0
1800,11
2600,15
3100,12
1200,7
9600,11
1500,5
1200,5
788,1
1500,7
600,6
1000,11
2000,11
210,9
1245,11
6000,15
2000,7
1700,11
500,5
0,4
800,4
950,9
800,11
1200,11
250,5
9000,15
1300,11
788,5
800,9
1600,11
1500,11
1300,6
788,4
2800,15
0,7
2000,1
400,4
0,2
0,1
1600,5
2000,11
1500,5
1000,5
2000,4
788,12
1200,5
800,9
1200,15
1500,4
1000,10
2800,14
788,11
1060,6
1500,7
788,4
900,5
4000,8
3000,9
780,6
1500,10
788,0
1200,2
1100,4
2500,6
1600,10
788,5
790,6
1000,1
790,4
1100,5
3600,13
788,0
0,11
1200,11
800,0
1500,11
1200,8
1200,10
1576,11
900,8
3500,11
5000,4
1800,3
3500,10
2300,12
1400,5
1400,15
1000,4
2150,4
2000,11
2000,8
1100,1
300,0
1000,3
788,3
2000,11
5000,15
1900,11
0,5
1000,8
4000,7
2500,13
1700,11
0,5
550,8
1500,4
800,15
1500,11
1139,11
2000,8
788,11
1500,3
0,4
400,7
900,7
0,5
400,4
400,5
80,7
1000,8
200,4
4450,5
0,3
0,5
2000,11
1500,0
3000,15
1150,8
788,11
1300,11
2500,15
1000,5
1500,8
4000,15
2000,11
800,4
300,0
788,5
300,1
15000,2
1200,11
1200,11
395,2
890,11
1600,11
2100,11
2000,12
1400,11
1500,11
10000,15
1600,6
1053,11
1000,1
1500,4
1800,8
1500,10
788,6
789,12
1000,3
10000,15
880,3
1006,11
1800,11
100,4
1300,12
1600,11
3500,15
1000,11
788,6
3940,5
2000,11
5000,11
1300,5
1200,12
2800,8
2600,11
1576,11
1500,15
2100,14
2305,11
1500,5
1576,5
960,5
1000,15
8400,15
4000,4
1500,5
850,8
500,8
1500,5
2400,5
500,3
1000,7
2500,5
1520,4
600,4
0,3
1000,5
0,4
0,4
0,0
500,3
0,4
1544,11
788,5
525,3
460,8
1330,6
0,2
1200,5
2100,4
400,1
0,15
463,6
1500,11
2000,14
3000,6
1750,15
480,7
788,3
3000,11
950,4
1300,9
200,8
1200,9
2500,7
788,9
2400,3
5000,11
2000,14
1500,9
3000,11
850,6
1700,11
250,5
1500,4
1050,11
150,3
1300,8
100,4
970,0
400,1
1550,11
1500,4
1500,5
1300,7
1100,9
1300,7
2000,11
1600,11
2900,15
1400,11
2000,10
1000,5
1700,11
800,11
1100,11
2500,15
1500,10
3000,4
1000,5
1200,11
1500,7
700,8
500,1
2300,8
1700,11
2000,15
0,4
180,4
1500,4
2000,7
2500,11
0,3
0,4
1300,11
0,4
0,4
394,4
250,3
1574,12
1300,11
3000,15
5000,15
2300,7
1400,15
3500,11
1500,11
5000,13
2700,14
2000,5
1800,11
300,5
788,11
1000,5
500,11
1500,11
1100,10
1300,11
1800,15
788,4
2300,8
788,11
2100,7
1500,8
1300,5
1600,5
800,0
3000,8
850,3
3000,11
250,7
1200,5
800,5
3000,11
1200,8
1200,11
1500,8
2500,11
3000,15
712,11
3000,8
2300,13
1200,4
1500,9
1580,11
850,4
1300,9
800,7
800,4
1200,6
700,4
2000,13
900,11
5000,11
788,7
480,11
2000,13
1500,11
8000,12
1300,11
1700,5
1120,11
900,10
3000,9
600,11
1600,7
2000,10
1100,6
2500,11
788,6
1300,7
2300,11
788,11
2300,0
1900,5
1900,8
1000,8
0,8
1182,15
4000,15
1800,8
6000,14
1400,10
2500,15
1200,10
2500,12
1600,10
1000,6
750,0
1500,4
1000,11
788,11
1100,5
926,0
990,11
1100,2
1500,11
2400,8
800,8
980,2
1000,9
1000,4
1200,8
0,5
2000,11
2500,11
1000,11
2000,11
4000,15
0,0
200,8
1200,5
600,2
900,4
2000,11
4000,14
1800,8
500,8
1100,9
1200,11
1700,8
2400,15
1000,8
0,3
930,8
4000,15
3700,10
400,4
1200,3
1006,3
580,8
1500,11
788,15
980,4
2500,13
900,13
2500,11
930,5
2000,0
1800,11
1500,5
2900,5
2178,11
2000,4
200,1
800,4
1800,5
1800,11
960,2
1900,15
1000,8
900,6
914,11
1360,8
2800,11
1000,9
2100,11
1800,11
2364,15
1000,11
1800,5
900,7
2000,8
788,4
780,8
2000,5
1000,11
1400,2
1600,11
2000,11
1700,11
740,11
950,11
1800,11
4000,2
980,11
2400,5
1500,4
3000,11
2500,6
1600,5
1500,10
788,6
2000,11
1470,11
1300,8
2600,8
1000,7
788,8
1500,7
1200,9
1700,11
2000,12
900,8
1800,9
1500,9
2000,14
2450,9
800,11
1400,11
600,5
1100,7
2100,7
788,5
3500,15
4500,5
1600,8
1200,5
1200,11
1100,5
2300,4
1500,0
920,0
2000,11
2000,11
1200,5
1273,11
1400,8
800,8
4000,6
4500,14
1200,6
4000,6
2100,7
2000,7
800,1
1800,5
800,11
1200,15
2000,6
1200,7
2000,4
1500,8
1500,8
1400,11
700,15
1300,11
2000,6
3000,11
600,11
5000,11
1350,11
5000,13
1200,15
4800,15
600,7
1800,7
1000,9
2000,8
1600,6
2000,7
1000,4
1090,4
3000,8
1080,7
1100,5
2600,8
3000,8
788,8
788,8
1250,11
788,1
3000,2
1000,3
788,8
1788,0
1400,4
1007,6
3000,5
1500,5
2000,10
250,11
1300,8
1580,4
1800,9
330,5
1000,5
1100,4
980,8
2400,5
1800,8
3500,15
1500,4
788,8
1000,11
4000,5
12000,8
1000,3
900,11
1200,8
800,4
2000,8
7000,11
788,5
4000,8
1300,11
1300,8
1900,11
394,4
2358,11
1500,8
1200,9
500,8
950,5
1300,11
1200,5
600,11
1250,11
764,8
650,7
5500,8
400,5
650,3
2000,7
600,7
1350,4
3200,4
3500,5
1500,2
1300,11
4200,14
988,7
650,3
1650,4
1100,11
1576,4
2450,4
0,2
1576,4
1180,4
1118,4
1800,2
0,1
1200,4
3000,11
1300,8
400,2
900,5
788,5
600,11
1800,8
788,11
2000,5
250,2
600,2
1500,15
6000,15
1900,8
4000,8
4200,15
3500,15
1000,8
1400,11
800,15
800,5
520,8
3900,5
1500,11
0,0
788,13
1300,5
1100,15
4000,5
4300,11
1670,11
30000,5
1200,11
1000,5
5000,14
1700,7
5000,15
788,4
950,11
1320,4
1590,6
840,7
700,0
1000,5
1800,10
1100,11
980,0
1500,11
1100,8
1950,3
1600,1
1300,11
1200,11
800,4
1970,6
0,1
1500,5
1500,6
1800,4
3000,15
7000,15
1000,6
2500,11
1300,12
9000,11
1350,11
3000,6
800,9
915,7
2500,0
1200,1
1000,0
1300,11
2500,11
10000,15
1200,11
2000,15
7000,15
3000,10
3000,5
1200,4
2500,11
2500,11
3000,11
4000,8
350,9
1200,11
1700,4
788,8
1300,14
900,5
650,9
1500,4
1800,11
4000,15
1900,8
3000,15
1000,11
0,2
1114,5
1400,1
1200,7
1100,6
1000,7
1400,2
2600,11
1200,5
1594,5
2000,5
1200,7
1500,5
5000,15
7000,15
2800,11
3900,9
8000,11
2500,15
800,11
950,5
30000,10
3000,2
788,8
1200,11
986,8
5000,15
1200,3
930,11
1100,11
4500,12
1000,5
1155,4
788,11
788,7
1800,5
1100,8
3800,11
2300,8
3000,11
2000,15
2100,6
890,6
1200,15
1500,11
1200,13
788,4
1500,1
0,0
800,6
950,11
8000,15
3500,9
950,6
3000,11
4000,15
2000,11
4500,11
3000,11
1010,9
720,2
3500,8
9000,15
1800,0
340,4
1200,5
3500,3
1600,0
2000,1
3500,15
1000,5
800,8
20000,6
560,4
3500,11
1000,15
25000,11
1000,11
4500,15
5000,15
1600,8
1500,1
1500,8
3500,11
788,9
1500,8
1380,2
1400,3
1000,9
1576,1
1100,4
788,3
2500,11
1700,3
2300,6
2500,13
200,11
3000,4
2000,6
1500,4
20000,3
0,8
300,0
300,2
3500,4
788,6
788,0
3000,15
900,0
1000,11
1600,4
980,11
3000,11
2300,7
900,11
900,5
1776,6
1200,5
788,5
600,4
0,2
1000,11
200,5
1300,9
1000,3
200,4
4000,2
250,11
1500,6
1500,11
853,6
1200,4
7500,4
1500,11
1500,4
1200,10
1200,8
875,4
1500,4
2000,2
1000,8
200,4
0,0
788,0
9000,15
8000,15
12000,15
1300,6
2500,8
9000,15
2000,11
3000,11
1500,15
4500,11
3100,15
400,8
8000,15
3000,12
6500,15
1500,15
1750,11
8000,11
1300,3
10000,15
42000,15
20000,15
25000,15
788,11
12000,15
4000,15
3000,15
4500,15
15000,12
15000,15
2400,8
0,4
7500,15
800,8
1500,2
2800,11
5200,11
1600,5
1300,11
4000,11
2700,11
1500,8
15000,11
2500,8
788,6
10000,15
10000,15
15000,11
20000,15
25000,15
20000,15
15000,15
3800,15
1950,10
1190,11
1700,6
1680,10
1375,10
1036,5
788,4
1100,7
788,5
1200,7
1500,8
1200,15
1600,11
900,4
1506,11
1800,11
1200,11
1500,7
1000,11
1100,10
3000,15
2000,4
1600,6
1300,5
1600,3
1200,8
788,3
788,10
945,11
788,11
788,5
1500,8
950,11
2500,4
2900,15
1700,15
1000,8
2000,4
2000,8
1000,11
1000,15
1700,11
1800,11
1200,8
900,11
1630,15
1670,11
100,2
1800,4
1500,15
1500,5
1800,11
2200,4
1200,11
788,11
2000,12
1000,4
2000,14
1250,4
880,9
1200,10
12000,15
3150,11
860,10
6000,15
5000,11
1500,11
7880,15
788,11
600,8
4000,15
2600,3
4000,5
1300,12
7000,15
2000,8
4000,5
1600,11
1500,6
788,1
1600,11
1500,4
3500,5
1200,11
1500,15
1316,11
1000,5
2200,15
1200,7
1200,11
1209,7
700,10
1200,4
1200,11
1500,6
890,8
800,6
1200,11
1200,10
400,0
2500,11
2000,11
1800,15
1700,11
788,8
1250,12
800,4
2000,8
600,8
788,11
600,8
400,0
865,6
3000,15
2500,15
5000,15
1200,11
4000,15
4500,15
1800,8
4000,15
4500,15
5000,14
1800,11
1200,8
1200,11
2800,13
1300,11
3000,10
1200,11
788,4
8000,15
2500,15
1500,11
1800,11
3000,15
1200,4
500,11
450,11
788,11
800,1
1250,3
2000,8
2000,11
100,0
1200,9
800,8
2000,11
1000,8
788,4
800,11
3200,14
8000,15
1200,15
1100,4
1600,9
6500,11
3000,11
4000,11
1007,11
2600,7
600,11
1700,11
1400,6
788,8
1500,11
500,15
1500,12
1500,0
3050,15
3000,11
2000,8
788,8
3000,11
1800,8
1800,8
4000,15
1100,6
1200,11
160,8
1600,6
1800,8
894,11
1500,4
400,11
500,8
1400,5
900,1
788,6
1500,5
933,7
1169,11
788,0
933,3
1200,11
4500,11
2000,11
800,0
800,11
1000,3
800,8
1450,11
1100,4
2100,12
1050,11
788,1
1400,12
1100,13
2600,4
1200,6
1600,15
2200,4
1200,7
300,2
1200,2
780,11
2000,15
940,13
950,7
800,9
750,8
350,4
4000,15
1500,8
700,11
2500,10
7500,14
788,11
100,3
4000,11
2500,4
2000,9
3000,15
2300,10
2300,11
3400,15
8000,15
1500,4
2000,15
2500,9
4800,15
6500,15
8000,15
2000,11
3000,15
3500,15
1300,11
5000,15
1200,11
2100,11
3000,15
3000,11
1600,9
10000,11
2800,4
1500,9
3000,11
1000,11
5000,11
1250,11
1500,4
3800,15
2200,7
3000,5
1200,14
1400,5
480,11
2300,11
3500,11
3000,15
1200,11
3200,12
2500,15
2000,11
3500,15
4000,15
10000,15
2800,11
3000,11
5000,15
1000,13
788,11
15000,15
6000,11
3500,11
600,5
2000,8
1300,15
1500,15
800,11
2200,11
8000,15
1500,4
500,1
3500,8
1200,11
1800,7
2500,15
850,3
788,11
2000,5
1600,8
2300,11
2500,15
1600,11
820,11
1250,11
1500,4
2000,8
800,11
780,11
740,9
1200,11
788,5
1700,11
800,11
1780,11
4500,14
5000,15
1500,11
4000,7
2500,15
3000,11
3500,11
8000,11
2500,13
1000,8
2000,8
4000,15
1200,0
3000,10
788,0
788,4
1800,15
3000,11
300,11
2000,11
1200,11
788,0
1600,11
900,15
2500,15
3300,11
400,3
1500,11
3000,15
7000,15
600,1
1100,11
1200,11
1300,11
250,0
1200,8
1500,11
2500,13
2500,11
3000,11
1900,14
5000,11
970,11
3180,11
1400,8
1500,11
1200,15
2000,11
2000,9
1040,11
2500,11
1500,7
2000,15
350,11
450,4
2500,11
1100,5
788,5
1400,11
788,8
800,11
3000,11
1000,8
1600,11
2500,11
4000,15
3800,11
6000,15
950,14
5000,15
2400,7
700,11
0,13
1000,11
1200,7
2500,12
2000,11
6000,9
1200,12
800,3
1300,11
1100,11
994,11
788,11
1600,11
788,11
780,9
1200,2
750,0
700,2
750,11
900,0
5000,15
3500,11
4000,15
600,15
3800,15
1060,11
4200,12
2000,11
1062,11
450,13
1000,11
1500,11
5000,13
3000,11
1500,8
300,2
1600,8
1331,11
800,10
5870,15
900,0
889,4
5000,8
1000,0
0,15
1700,1
1250,3
300,4
874,4
3400,11
500,11
2400,11
800,5
1200,9
1200,2
915,8
800,9
1700,11
1300,1
1800,11
1200,7
2000,4
2500,15
840,0
1600,11
5700,15
1300,15
1300,0
300,2
1100,11
850,4
400,2
1400,4
350,2
150,0
5000,15
900,8
1200,8
1600,11
1800,4
1600,4
600,4
300,4
700,15
5000,15
2500,15
788,8
13000,15
1250,2
671,13
15000,15
2000,8
1576,11
1500,4
1200,4
1200,9
788,9
0,15
1500,11
600,15
1500,8
1740,6
1800,11
250,11
1500,7
5000,11
1500,9
2000,6
6000,15
10000,15
900,13
720,4
1180,5
3940,14
1000,2
1800,4
2600,13
4800,15
700,11
965,11
2500,11
500,5
1500,11
800,8
2500,9
3000,3
1200,9
1400,11
3000,0
800,8
1100,11
2800,7
850,8
2400,11
930,5
5500,15
1000,8
1200,6
915,11
800,8
1800,11
200,7
850,4
865,5
788,4
1200,2
850,9
2550,11
2364,11
2300,15
2000,5
2500,11
2000,2
350,7
1400,10
2000,8
3200,11
1200,12
1950,10
4000,11
7000,11
3000,9
6000,15
2500,5
1500,8
4000,11
3000,15
250,15
1500,15
6000,15
12000,15
4700,15
10000,11
2000,15
12000,15
1000,15
12000,15
9000,15
5000,15
2000,12
1010,14
6300,11
140,0
3400,13
1000,4
300,0
1900,14
750,11
2300,11
1000,15
788,11
1000,15
778,6
1576,0
1100,11
2500,11
1100,11
788,9
890,5
8000,11
4500,13
1500,1
1200,5
1000,8
1300,11
2250,15
500,11
1150,4
0,0
650,14
1450,15
5500,11
2360,6
2300,15
1780,2
2000,11
1500,0
1200,5
400,0
1600,9
1870,6
1100,0
600,15
400,11
4000,6
300,0
600,0
2000,4
0,3
4800,11
3700,11
788,4
788,11
788,9
1500,5
788,11
170,7
300,6
2000,11
300,4
870,0
1014,11
3000,5
1900,11
1800,14
800,8
3000,3
1300,5
1300,11
450,0
900,11
6000,8
4000,15
50,4
1860,15
450,7
0,8
3000,8
4500,14
1300,5
2000,5
3500,15
5000,11
3000,11
500,1
1300,3
5000,4
1250,8
1670,4
2300,0
1600,0
1000,3
1500,5
1200,0
1500,6
788,0
0,0
1700,5
900,11
0,2
900,9
0,1
1600,1
980,3
1300,1
900,7
788,6
1450,7
1700,11
788,0
1500,0
788,4
788,0
4000,8
8700,15
2300,12
2900,15
1576,11
3000,8
6000,5
1576,11
1576,4
1200,3
1500,8
788,7
0,8
1800,11
1000,7
2500,15
2300,7
4000,13
3100,11
350,8
1200,8
1600,11
3800,15
1500,4
1100,10
1000,11
250,11
1700,4
2500,4
2000,15
1500,10
1800,15
890,11
1500,2
788,4
2800,4
1000,7
280,0
1388,4
0,0
3000,7
4880,15
1000,11
950,6
788,8
1800,4
2000,15
3800,11
2000,6
788,10
788,11
900,2
1500,14
1500,15
1200,8
2000,6
2364,8
500,0
1500,11
820,7
1300,4
788,0
1000,7
1050,1
1200,11
3000,0
1000,4
1000,12
3800,14
700,0
5000,11
2500,11
30,0
2000,5
2500,11
25000,15
11000,15
3000,4
700,4
800,5
2000,12
1500,14
963,0
1300,5
150,2
960,8
1000,1
600,8
900,8
2000,4
900,4
2300,15
800,2
788,2
2500,2
8000,15
500,6
800,15
5000,15
3500,15
2000,12
3186,15
1200,10
2500,11
1800,11
1100,8
1500,11
1400,11
2400,6
1200,11
850,0
150,5
200,4
1100,1
910,5
800,4
1500,1
880,6
986,4
1400,8
500,1
2000,11
800,3
1800,4
850,4
788,4
1114,1
3000,11
2470,6
1400,11
0,12
4000,11
1400,4
3600,15
788,4
2000,15
2000,0
1000,8
3000,6
800,4
1200,6
1200,5
2100,7
1000,6
1900,3
170,11
1200,7
800,3
1500,5
2000,8
0,4
550,7
1200,11
2200,11
1000,8
1500,5
1500,9
788,11
4000,15
500,3
5000,14
200,8
400,2
1100,4
1000,4
788,8
4000,13
500,8
350,6
1500,11
450,4
600,7
3000,11
400,0
1100,15
1600,14
3500,15
2100,14
600,2
350,11
1000,8
1000,5
1500,11
400,0
1400,15
2600,15
0,1
1300,0
800,11
500,4
750,7
250,4
2000,11
1400,11
3000,8
4000,14
800,10
4300,11
3000,11
2000,1
3000,15
3000,8
5000,15
9000,15
1000,15
1500,14
7500,8
5000,15
2300,8
3200,7
4000,15
1200,15
15000,15
1000,8
800,11
950,5
1200,10
1000,4
1500,5
1700,5
1800,11
788,6
1000,11
788,4
500,6
858,7
1500,9
3800,5
788,7
1300,8
1400,8
1250,4
788,4
2200,8
1403,3
1200,4
788,8
300,4
150,11
2500,1
2200,1
0,8
320,8
60,15
0,11
1250,1
2200,8
3000,6
1700,8
800,3
788,8
0,4
2500,11
200,9
2500,11
850,11
1150,0
300,6
788,0
0,4
250,12
1500,11
1080,4
100,3
1600,11
5500,15
2500,7
1700,14
4000,15
2400,15
1080,6
2500,5
4500,10
1160,11
1800,7
946,8
2700,6
1000,8
1500,11
1500,7
1179,10
500,8
1100,0
1900,0
1000,2
1470,4
2100,2
3400,8
600,0
2100,8
2000,15
3400,15
4100,15
2100,11
5000,11
4000,11
1500,11
7000,15
3500,11
1200,0
1600,6
2500,15
788,4
1470,4
788,11
2000,11
5000,11
1800,4
7000,7
850,4
2500,3
1400,11
2350,8
850,11
1200,11
3000,6
3000,8
1200,6
1000,11
2500,15
1000,13
1200,9
500,15
2500,15
4000,14
2500,11
6000,11
10000,15
5700,15
2000,5
1800,11
1700,3
1227,4
1500,7
300,11
3600,0
1500,9
788,0
1200,8
2250,11
1500,12
2500,11
4500,11
1600,7
1200,3
1300,15
1200,11
2800,4
1100,6
3500,15
1000,7
980,3
1300,12
878,0
3000,11
885,11
788,2
750,7
788,7
2200,11
700,5
400,7
800,8
1143,11
3000,15
2500,0
800,11
6000,11
120,4
3000,11
2000,15
2200,15
1200,15
2600,11
1500,5
2800,11
0,4
0,0
1100,0
1300,5
1200,2
1200,7
1460,1
3000,8
650,8
0,0
875,8
1200,5
860,4
0,1
9000,8
2000,8
2200,2
850,8
2000,11
1200,11
1200,0
1182,2
2365,0
15000,15
500,0
1950,11
1500,3
5000,15
9600,15
2200,6
1580,4
1235,3
1600,11
1100,4
1200,3
1250,0
1200,8
1450,0
1400,5
1200,5
900,9
1500,8
150,4
250,4
1500,8
800,0
0,4
0,5
800,2
2000,8
240,2
1000,2
0,5
400,2
1800,11
500,3
6000,3
900,8
300,4
0,1
1500,11
5800,5
350,0
600,15
0,6
788,11
3000,10
2500,1
10000,11
5000,12
2000,4
3500,12
1500,15
0,2
2100,8
0,0
1000,8
600,3
1000,1
600,8
700,4
500,2
1000,8
500,9
0,0
800,0
800,0
800,0
800,4
0,8
0,0
500,0
1100,1
1200,8
600,2
0,11
2700,12
0,4
788,0
1100,3
0,13
500,0
2000,11
800,8
788,8
1500,8
1600,5
13000,15
3000,8
1050,11
3200,7
1000,11
5000,7
3000,4
2800,15
1760,14
1200,11
800,5
2500,8
800,11
788,5
2000,14
788,8
1200,11
788,3
1000,11
300,5
788,3
1634,11
1400,15
1800,14
2600,11
2000,9
2000,4
1300,12
1200,7
788,2
1400,8
1500,0
1400,3
1630,3
860,6
860,7
8000,4
2200,5
788,5
4500,15
2000,2
2000,8
850,5
1100,11
3500,11
3500,3
4000,5
1100,1
7000,14
1800,7
5000,9
1400,11
788,0
3000,8
3750,11
2000,9
788,11
2000,0
100,0
2000,2
3500,8
1800,15
5000,11
2400,11
788,12
1600,6
3000,11
788,11
1400,14
788,4
1500,8
1000,11
1900,11
1600,6
3000,15
1800,8
0,2
2700,2
1600,0
1300,0
3000,8
788,5
1430,4
1200,0
1800,11
1100,0
3000,9
1400,4
1200,4
900,4
1700,8
1000,2
1500,11
500,8
1500,8
1100,6
900,11
700,0
2278,8
788,1
200,3
950,7
800,0
1300,11
2000,12
1800,11
6000,8
900,6
2300,11
4000,15
1200,0
1500,4
3500,0
2000,3
2500,7
788,8
0,0
1500,8
0,0
240,4
0,0
800,7
5000,8
1600,9
0,9
800,11
0,8
800,8
0,4
3500,4
1800,11
1500,4
2800,5
3000,3
3000,11
1100,2
788,5
850,7
2800,6
1700,5
1500,8
2000,11
2000,9
4000,8
1500,11
788,8
1700,11
2500,8
820,4
980,11
2000,11
2800,15
1500,10
2000,11
1000,11
2000,11
4000,11
2500,15
2000,11
2000,11
1600,11
2500,11
1576,15
500,10
3000,11
788,11
830,5
1000,12
788,3
4500,15
1800,8
2500,11
4500,12
250,11
788,11
788,11
7000,15
2000,4
20000,15
2000,8
788,4
2000,1
3000,7
1088,7
2500,4
1500,8
1900,4
1500,0
1500,4
1500,6
788,7
3500,15
4500,11
10000,11
1200,8
10000,15
8500,15
2300,11
1350,4
986,11
280,6
4000,9
1500,15
2300,7
1000,4
788,8
1300,8
788,11
1250,11
788,11
2800,15
1994,15
800,11
4000,15
500,7
1500,11
200,4
5000,11
1000,11
788,8
770,11
700,11
3000,11
0,6
2500,2
2700,11
0,2
1500,0
0,0
0,5
1400,0
1000,0
1500,4
3500,4
1000,6
2364,2
1500,4
900,0
1200,3
1576,5
0,7
5000,4
1500,8
4000,15
788,5
2400,8
400,5
788,11
2000,11
1500,14
1500,9
790,8
1500,7
2200,15
2000,11
4000,11
1700,11
1800,11
788,11
1500,15
1000,0
1600,11
10000,9
2500,2
1800,8
1500,8
2000,4
788,0
3000,6
2000,4
2800,4
1800,0
4000,13
10000,15
1000,10
900,2
2000,0
600,11
2000,7
1800,10
10000,8
1800,6
1800,4
1576,6
3400,11
2700,15
4000,3
500,8
0,0
4000,8
700,8
1500,8
1576,11
2500,3
2800,15
900,11
900,3
1560,11
2000,11
3500,15
3000,8
3300,15
2400,4
1600,0
2000,8
2000,11
0,8
0,3
500,8
0,8
1000,4
800,3
2000,2
788,0
1800,11
2500,4
1000,5
1970,7
1600,6
1000,11
1600,15
3500,11
1000,7
2200,11
800,10
1000,3
2600,14
822,6
850,10
4000,9
1500,6
2200,11
788,11
1200,12
2000,15
4500,15
4000,15
4000,11
5000,15
5500,15
2000,11
3600,11
830,11
2500,15
2700,11
1400,11
1600,11
950,7
1200,8
5000,15
1200,15
10000,15
395,0
2600,15
4000,11
4000,15
6000,4
5000,15
5000,15
25000,15
10000,15
800,13
7500,15
16000,15
19000,15
3000,15
11000,15
7000,15
9000,13
10000,15
789,15
1576,0
1230,8
800,11
7000,11
3900,15
900,8
1000,13
1120,11
1200,12
2000,8
1900,15
2300,15
1500,10
750,8
3800,11
2900,15
1026,12
10000,15
3500,15
6000,15
1100,11
6000,15
1500,15
1200,5
6000,11
15000,15
6000,15
3000,15
6000,15
1400,0
5000,15
8000,15
7000,15
5280,0
8000,15
7000,15
9000,15
5000,15
7900,15
5000,15
5000,15
8000,15
3000,15
1577,14
3000,15
1600,15
1200,8
1500,11
880,8
1700,11
880,8
1800,0
3900,15
200,11
2364,15
2364,11
8000,14
3900,15
2500,15
1600,15
600,15
3000,15
1300,4
935,4
3600,15
1600,11
1000,11
1000,12
800,0
8000,11
8000,15
1200,9
1577,15
1300,11
1000,15
1200,0
900,11
2350,4
2500,15
1200,11
1670,13
1700,15
1100,12
788,5
1340,15
788,0
1600,11
2000,11
1000,11
3000,8
788,12
1200,11
1082,11
789,11
700,14
1000,4
2000,11
1200,11
1100,8
788,0
900,0
600,11
788,8
1300,11
788,8
810,8
1200,11
788,8
1000,11
1000,8
900,12
1600,12
810,11
1000,11
1600,8
1500,11
900,11
780,1
910,8
11000,15
1250,11
1500,11
2500,15
2000,11
12000,15
2000,11
850,15
1000,12
1500,11
1000,11
4000,15
1200,13
1200,11
1800,12
2000,12
3000,12
3000,10
800,8
1500,12
2000,15
4000,12
1800,14
5000,15
1100,3
1200,12
1000,11
10000,15
890,0
900,11
3200,11
1200,12
3000,15
1100,11
1800,11
1800,15
1500,14
1000,4
1000,11
4000,11
1700,11
900,8
1200,11
788,4
1000,8
3800,11
1200,4
1500,2
3500,13
1000,11
788,4
850,8
2500,11
2500,5
1500,11
980,11
2000,8
1500,8
1800,11
880,12
1500,15
895,11
1800,11
2800,15
2600,15
800,12
900,11
10000,8
1150,12
1100,12
2000,8
2000,0
4000,12
1300,15
1600,12
2000,0
1500,8
1500,0
1500,0
788,0
1200,11
4000,14
1200,11
5000,15
1500,11
1800,15
2300,4
1780,11
2000,11
3000,15
560,11
650,1
3500,11
820,11
1500,13
980,11
1700,11
2300,8
2200,11
788,11
1600,11
1100,8
2000,6
300,11
788,2
788,10
1200,2
780,4
1450,8
1400,8
788,12
2000,11
1500,8
1000,14
850,9
2500,11
1200,7
788,11
1000,11
788,7
1200,11
788,11
1500,11
860,11
788,5
1400,5
1040,11
300,0
1200,1
788,5
1200,2
2500,10
5000,8
1000,4
1600,11
1500,5
7000,11
786,7
1000,9
895,8
3000,12
1200,11
1500,11
9500,8
1800,9
3200,8
890,4
1200,11
1250,8
2000,13
1300,10
1400,2
1400,13
1500,10
550,7
788,15
1000,4
2600,11
788,10
1200,5
2200,8
1500,15
2400,11
960,11
1100,11
788,2
788,2
900,8
788,0
1200,10
1800,11
4200,15
2200,14
3500,11
2000,2
1500,10
2200,11
3000,11
400,3
800,0
1500,4
2000,5
1600,8
2300,8
1000,0
2700,11
1500,4
2300,9
7000,15
3500,4
2000,15
4500,5
1576,15
4000,15
3800,15
1500,4
2000,15
1600,6
1600,11
1250,11
1050,11
1200,5
1500,7
2200,14
1500,14
4000,15
1200,15
10000,11
2000,7
1500,5
1500,5
1500,11
1100,11
2000,11
5000,12
3700,15
2200,15
1750,11
3500,15
1500,5
800,3
500,11
2000,3
1500,8
2200,11
1200,5
2600,11
400,2
1000,0
788,5
2500,11
4000,15
6000,11
2800,15
2300,15
1800,10
1100,11
1650,11
1576,11
4600,15
700,11
1000,11
1700,15
2200,2
1500,0
8000,9
2500,9
1200,3
2000,4
2600,7
230,5
0,11
750,10
500,4
1400,11
2000,0
3000,15
788,10
5000,15
788,5
1500,5
2500,4
350,6
1500,0
0,4
800,8
1300,15
1300,4
1100,11
850,11
500,5
3000,15
800,8
4000,11
4000,11
4000,15
2000,8
2500,15
2500,5
1500,11
1200,7
2000,8
2000,11
1500,4
12000,15
2000,11
1500,15
7000,11
2500,11
4000,11
800,11
900,11
800,4
3000,11
1200,0
2000,4
2000,11
3000,2
2600,4
2000,2
3000,10
4000,8
1200,4
2500,4
1000,11
1000,5
1500,0
1200,5
1800,11
35000,5
1500,10
3500,11
1600,11
2400,11
2000,4
5000,10
1000,8
1400,10
3500,9
2500,11
3000,5
900,5
800,8
800,4
900,8
1400,10
7000,11
1200,8
1800,5
2000,11
1500,5
2000,11
8000,4
1800,8
3000,4
28000,3
788,11
900,0
2000,8
4000,8
7000,15
1300,3
1119,11
1700,11
1200,11
970,11
1179,6
2500,5
1800,11
1000,11
1100,11
2000,11
1084,8
1177,11
1800,11
800,7
1200,11
800,6
2000,11
1600,13
1800,9
1400,4
1200,8
1100,1
0,0
5000,11
800,8
0,0
800,8
788,2
600,8
944,11
0,0
3000,15
1500,5
1000,8
980,1
0,8
800,5
600,10
600,8
1000,0
500,1
800,0
0,0
0,5
0,0
1000,0
800,5
800,11
800,11
900,0
1800,1
2000,7
0,3
1100,3
1000,8
600,0
1700,0
800,11
600,11
4000,11
1500,8
1200,13
500,5
200,6
788,3
788,6
2200,8
1000,3
788,11
0,2
1500,8
1500,11
2000,9
1600,11
1448,11
1000,0
1800,5
3000,11
6000,11
788,5
1500,11
1500,8
1650,3
2500,11
1448,9
2300,4
788,6
2000,5
1600,8
700,5
2000,3
1600,7
1000,4
788,2
500,4
500,5
300,2
300,4
788,3
788,7
500,0
788,3
900,9
1200,11
2000,11
1000,9
1400,5
3100,15
1200,11
1300,7
400,8
1700,15
3200,15
1500,8
2500,10
2000,15
850,6
788,8
5000,15
1111,11
4000,14
1600,12
2100,12
900,11
1800,6
1800,4
3200,10
2000,7
5200,5
1300,3
2300,0
1500,11
1200,11
1300,8
1065,8
1000,8
1200,0
2200,11
1800,9
1800,12
3000,9
1500,11
1100,4
800,15
1200,6
2400,8
834,11
2000,3
7000,0
1500,8
1500,11
2365,15
2000,11
1300,8
1380,8
1800,11
1200,11
1000,7
2000,12
5000,11
830,11
823,11
1800,11
1100,11
1250,11
1122,7
8000,14
8000,5
3000,0
2400,8
1900,0
1000,12
5000,15
1800,11
2000,6
750,8
1500,3
788,6
900,0
1200,5
1500,7
2500,15
1300,2
1500,8
788,6
2600,11
1200,11
800,2
1300,8
1000,4
2200,11
2200,4
1600,5
1500,8
1200,8
1100,3
900,8
1000,8
1700,11
1200,11
900,8
500,0
2100,11
3000,11
1500,11
5000,15
1020,13
2500,14
4500,3
100,4
1800,15
5000,11
0,3
788,8
1500,5
1200,11
10000,0
2500,11
5000,15
2200,0
1800,11
3000,5
1200,4
1000,6
2000,15
350,4
2200,4
1800,5
1576,0
1680,8
1500,5
1700,4
1500,0
1576,0
4000,6
1600,7
900,4
1500,4
2000,10
500,2
1500,4
800,3
1400,3
1500,11
2000,11
2000,8
2400,7
4000,11
810,11
2700,8
4000,11
3000,11
1500,8
3000,11
6000,10
788,9
700,11
5600,11
788,11
1300,11
2200,11
5000,10
1300,11
1500,11
2500,8
900,8
300,8
3000,11
0,7
500,3
2350,4
600,12
4000,0
3000,4
4000,4
3000,4
500,3
1200,11
1700,4
0,5
1600,4
1000,8
1300,11
788,0
788,15
800,10
800,2
1500,11
1500,1
1576,0
1000,1
0,0
450,8
2000,2
700,6
600,11
800,12
0,0
900,4
900,0
2000,5
2000,11
1300,4
600,0
300,0
788,8
3000,8
1000,4
1950,5
5800,10
2200,3
1500,0
2000,7
900,6
788,8
1500,8
7889,13
2800,11
3500,8
788,9
1200,6
1100,10
1100,2
788,1
800,10
788,0
5000,4
900,5
2000,8
3000,4
2000,11
2300,11
3000,4
2800,11
7000,15
1500,10
8000,8
3000,9
1200,4
1200,4
1000,11
16000,15
2000,11
2000,8
788,8
1000,11
3000,11
3000,4
2000,6
1140,11
2000,8
900,11
20000,8
800,3
2000,10
800,4
3000,13
800,11
1200,5
788,2
7000,6
789,3
3000,3
2000,11
1800,5
1500,4
600,9
800,4
788,6
2300,5
1500,4
1500,0
1500,11
600,15
600,11
1000,4
100,8
1000,0
3500,8
0,0
600,8
550,0
800,8
1800,15
1300,5
250,8
788,5
788,11
400,5
1650,13
900,1
1400,11
1577,9
1100,4
1200,10
1800,4
1200,1
3000,8
1300,4
1500,8
1400,4
750,0
1200,0
1000,9
970,11
0,0
1014,11
1000,11
2300,7
500,11
1100,4
1500,11
500,0
500,3
1080,11
788,0
2000,15
1500,10
800,11
950,11
788,3
800,5
1200,6
1510,3
5000,5
1300,8
2000,8
2000,11
4000,8
600,6
1050,15
2000,0
3000,11
4000,11
2300,8
1500,8
1000,8
3000,13
1200,0
1600,13
1092,3
1300,11
3000,10
1000,6
1600,8
788,0
400,0
1700,0
1200,1
3200,4
2000,11
1000,4
3000,11
1200,8
800,4
914,0
400,2
789,3
1600,8
1300,11
1500,15
1900,11
1500,8
1200,15
2000,15
1200,11
1900,15
2800,11
500,6
1500,8
2500,15
900,11
1500,11
788,11
850,11
2000,11
880,11
788,11
1100,15
1100,15
280,0
1820,5
1200,9
1200,0
2000,10
240,5
1000,0
1200,15
1800,8
4000,15
1300,11
2000,11
788,0
1500,11
5000,9
1200,15
789,15
788,15
3500,7
788,12
1000,11
1000,11
3000,15
6000,15
10000,15
2300,15
788,4
3500,15
2000,15
3500,12
40,15
5000,10
5000,11
3000,15
10000,15
7000,15
6000,15
1800,11
2000,15
30000,15
3700,15
900,8
788,7
600,12
1500,12
2200,10
300,0
3800,8
1000,8
4000,12
1600,11
980,11
1200,6
930,3
1500,0
1500,4
800,13
1470,4
1300,11
788,7
1000,11
2500,15
2358,15
2800,11
2100,15
550,8
1900,7
1500,0
850,5
1100,8
600,8
790,10
2000,11
1000,3
600,8
1500,11
2900,13
6000,15
8500,15
2200,11
2364,11
4000,15
5000,15
1576,11
4500,15
2364,15
1200,11
1200,11
1500,11
3500,11
1000,1
2500,13
2000,3
1300,11
2500,6
2200,8
4000,11
2900,4
1900,8
3700,15
1500,12
15000,4
1500,11
1500,5
15000,15
10000,15
1500,8
788,11
4000,14
900,11
450,10
4300,14
1300,8
3000,5
3800,11
700,1
1500,1
1000,4
788,5
1200,4
2000,7
4000,4
1700,4
1200,2
1100,10
5000,15
3900,15
2000,11
20000,11
10000,15
1800,15
11000,15
1000,3
1700,11
1000,10
1576,15
1000,11
1600,11
1000,11
1700,11
2200,15
800,0
1500,11
1040,11
2305,15
1700,8
4000,5
1500,11
2500,4
4500,3
1800,11
2000,5
2100,11
1100,11
900,1
1800,3
2500,11
3000,11
800,12
2000,15
1900,11
2000,11
800,5
1400,9
4000,7
2500,11
1500,0
1000,4
2160,11
1500,3
1500,8
900,1
1500,2
800,5
2000,11
1600,11
780,11
3500,4
1300,6
4000,15
2000,11
8000,10
2000,5
1300,6
1000,0
1700,11
1200,5
1500,11
1040,10
2000,8
1500,11
1300,13
2100,11
1600,13
1500,6
440,12
900,15
2364,11
2500,11
1000,3
1300,9
1700,14
2600,15
2500,15
3500,15
1000,13
1500,14
1576,13
5000,15
800,8
3000,0
788,0
1000,0
1200,11
950,11
4000,15
400,11
1250,4
500,8
1500,11
900,9
7600,14
800,9
2500,5
850,0
788,11
3000,14
1577,11
2100,15
1000,13
1000,10
900,11
1700,10
3000,11
1000,5
1000,11
1000,5
900,10
2000,5
1500,11
5000,11
1800,5
600,11
1400,11
3000,11
1200,11
800,5
1000,5
2100,11
800,8
1200,11
1000,4
2400,15
980,6
1592,11
1100,10
300,4
1577,8
850,8
5900,11
850,9
1200,4
1700,11
1600,11
2600,6
1700,4
1000,4
1200,8
800,5
930,4
1600,8
1000,4
500,11
1830,11
1000,1
1400,5
1200,4
1500,6
1500,11
1000,8
1500,11
1280,11
2000,11
1100,11
1200,5
1050,8
850,8
2500,5
12000,11
2300,15
3000,12
3000,15
1200,11
1300,11
2800,11
1800,10
2200,9
2200,8
1133,11
800,5
788,5
1000,5
1400,6
1400,11
2000,11
788,5
1100,11
900,7
1500,10
0,0
1340,8
1000,2
1000,8
1900,15
1050,8
850,11
850,11
2500,11
1000,8
5000,11
300,2
1200,8
1500,0
1800,9
1200,15
0,1
1200,5
0,0
2000,11
0,5
0,4
1600,11
2500,4
1500,11
3200,11
7200,15
1500,11
2500,11
1400,11
600,2
1000,10
1600,8
800,1
2500,5
2000,13
1500,0
2200,15
2500,8
2500,8
1500,12
4200,7
2500,15
3700,15
2200,11
900,12
1200,5
1200,3
1500,15
1500,6
900,9
1500,4
1400,11
2100,9
2000,11
5300,11
7880,14
3000,11
788,4
2500,5
3500,15
788,11
2000,15
1500,11
600,4
1000,0
500,2
2500,11
1085,11
1400,0
3000,11
788,8
1500,5
788,4
500,0
0,2
750,0
0,11
600,2
1300,10
1800,15
4000,4
0,0
950,11
500,0
1400,7
2000,3
4300,15
400,15
5000,12
400,5
1000,15
250,12
1600,8
2500,15
1000,11
800,12
950,12
2500,4
1500,11
2000,6
1500,11
1500,8
4000,4
2000,8
1600,12
1200,5
400,1
2500,8
788,8
1100,10
10000,8
6000,11
5000,5
1100,11
3500,11
4000,15
3500,14
6500,13
1200,12
3000,8
3152,11
1200,11
1200,7
5000,13
30000,11
4400,11
2000,7
4000,3
600,4
1200,11
2140,11
2500,10
788,0
2500,11
2000,0
1200,7
1500,11
788,11
1500,4
1773,1
350,9
2400,8
1500,6
1800,9
2000,15
1576,6
900,11
900,1
1700,15
1200,11
3000,6
1300,11
1800,3
1050,8
1400,6
1200,15
1300,5
1300,7
1500,8
1500,11
1600,11
2400,15
1300,11
1200,5
1500,4
3000,11
0,4
2300,8
1100,2
870,8
2000,5
5800,11
1900,4
3200,1
2500,15
1400,1
2000,11
1400,11
800,4
400,4
819,8
3500,11
700,4
2000,3
1000,2
3500,11
1380,4
800,9
1800,11
5000,15
1200,0
1600,9
800,9
5500,15
2000,7
1500,6
2000,5
2500,7
900,5
788,5
2500,11
1900,11
1500,11
1200,1
1200,6
788,5
300,5
1100,6
2000,13
800,11
2000,5
2000,3
1200,11
600,4
60,4
1500,5
900,2
1000,7
1400,6
790,3
2400,7
1300,2
2200,1
2300,6
1600,5
3500,11
2000,5
900,11
1500,9
2000,10
1200,6
900,11
1800,1
1900,15
2000,5
1000,7
2500,15
1800,11
830,10
1600,5
1300,8
500,5
2000,9
830,10
320,0
1300,3
1300,10
5000,11
800,4
1200,5
4000,11
3500,15
1250,4
800,3
500,0
1000,15
22000,3
1300,8
850,0
1000,0
1600,9
800,0
600,8
3500,8
1090,6
20000,11
1000,5
754,11
1600,3
1576,1
1570,4
1500,1
2500,11
1200,5
900,8
10000,15
2000,11
1200,11
2000,6
1500,11
6000,15
6000,15
1576,15
5000,15
3000,14
1150,4
788,5
788,5
1600,8
788,2
1576,6
4000,15
800,11
1200,11
1500,9
820,8
3000,15
1764,13
788,9
4500,11
2000,9
1300,13
4200,13
1200,11
1300,11
1200,7
1100,11
6000,6
100,3
1750,0
1576,15
1700,6
3500,10
7000,15
1576,11
7000,11
10000,15
2000,15
788,8
788,4
788,8
788,7
700,5
1500,14
788,7
2000,4
788,11
400,11
4000,15
4000,9
1487,11
900,11
150,11
800,3
788,11
6000,15
1800,7
1500,10
1400,9
1000,4
1400,13
1200,9
1280,0
1200,11
1200,5
1700,11
1500,0
1000,8
1800,12
1500,15
3800,15
20000,15
7000,15
3500,15
900,4
3500,11
3000,11
1580,11
4000,15
2500,15
2300,11
1800,11
750,15
788,8
1000,11
500,11
788,5
2000,4
1091,11
1100,11
2000,8
400,2
1700,11
400,6
788,15
788,8
1000,15
900,2
2000,4
2000,6
2500,7
1500,13
3200,3
2000,8
900,4
788,8
1000,12
1100,5
788,11
5000,6
1200,7
788,7
700,5
2000,1
1200,8
1182,11
800,6
1576,3
1300,7
2400,11
788,1
2500,11
1200,7
1200,3
950,9
5000,15
1500,11
2500,8
1400,3
1300,8
788,8
788,4
970,11
300,10
1000,0
1500,11
788,8
1776,7
2500,5
3000,8
600,0
500,8
4000,11
1000,5
1000,11
1300,4
2100,4
2000,2
200,5
2000,9
788,8
1700,4
1500,11
1900,8
2000,11
1000,6
700,0
950,11
65,5
1200,11
600,5
3700,8
1000,10
2500,10
1000,8
1300,6
1600,8
788,11
600,11
3000,5
2300,11
1000,11
3000,11
2000,8
2100,5
788,0
1500,3
800,3
600,14
800,5
788,3
900,11
800,3
6500,14
4900,11
2200,15
3900,11
4000,13
2500,15
1000,12
5000,14
1500,11
1500,15
1300,8
5000,11
788,11
4000,11
1200,3
800,6
1200,7
5000,15
788,11
3500,11
600,9
788,4
5000,5
1000,11
3000,11
5000,15
2000,11
1000,7
788,0
788,11
4300,15
120,4
1400,11
400,11
788,0
1577,6
5000,11
4000,5
5000,15
4000,11
1000,11
2000,15
3000,10
1200,10
0,8
1500,2
1500,11
1500,8
1500,11
800,4
5000,4
1900,7
1000,10
900,0
788,0
788,7
900,1
1500,11
200,8
2150,2
788,4
1000,11
3000,11
1200,8
2500,5
15000,15
2500,15
800,11
1200,11
900,11
1500,11
1500,7
3500,8
1000,2
2800,6
2100,11
500,8
1307,3
800,6
788,7
1000,5
600,7
1000,11
1600,11
3000,11
1400,4
1600,0
1800,6
1500,1
1400,7
600,8
5000,5
400,10
1200,3
3000,7
1000,8
1000,8
1500,11
1100,11
788,11
1800,7
1000,5
1400,6
1200,4
2200,0
2000,15
1200,6
700,0
470,3
788,0
500,15
1040,8
1100,1
5000,11
2000,11
788,15
1700,9
2000,11
1500,4
1500,8
1500,2
900,11
1000,4
1200,0
1200,11
1600,5
1200,7
1500,11
3500,11
950,11
3400,0
1500,5
871,9
1400,15
1300,8
1200,11
1500,10
788,6
1200,5
1350,15
1300,8
1400,11
1000,11
1700,8
1500,11
400,2
1000,12
2000,15
1576,11
6200,11
4800,15
800,6
3000,11
784,4
1500,15
784,12
900,6
1300,6
2364,11
788,3
3000,11
1576,11
5582,14
1576,12
1576,12
6000,11
925,11
780,8
1250,7
720,0
1750,8
6000,11
7880,11
1500,8
2800,2
1100,11
900,4
1786,15
1150,9
1100,11
930,0
340,5
130,11
1400,15
800,2
900,10
1500,11
1500,11
1600,11
788,11
800,8
1000,11
600,11
500,11
1200,0
788,2
700,3
4000,11
1700,11
1200,6
1000,3
788,4
600,7
2000,1
2000,7
1500,11
2500,9
1500,15
1800,8
1200,11
3000,8
1200,8
2000,11
1000,11
3000,8
400,4
1600,11
2000,8
788,8
2000,11
1300,8
1300,11
1500,11
800,11
2600,11
800,15
788,11
6000,12
900,0
1576,15
1576,12
3600,15
2364,14
3500,15
788,8
788,4
600,8
3000,11
878,8
1576,15
1576,11
0,9
1500,5
1200,11
3000,11
788,8
500,8
1200,0
8000,8
900,11
2000,2
1900,15
2500,11
2500,15
3000,11
1000,11
2000,0
2300,11
1300,1
5000,11
10000,11
2000,11
2000,7
1600,6
1300,8
1500,11
500,13
785,8
1000,11
1300,4
1050,11
784,8
788,11
1600,0
900,11
3000,0
1500,11
800,8
5000,11
6000,14
800,11
1000,11
1500,11
3600,11
1200,11
1800,9
788,10
3000,15
1100,11
788,11
1600,11
5000,11
1500,11
1500,8
1000,4
2000,7
200,7
1820,11
1000,11
1000,11
1500,5
788,11
2200,15
1200,11
700,5
913,13
1100,11
788,11
1850,15
2000,4
0,2
2500,5
6000,15
3500,8
800,11
1000,11
50,4
1500,4
5000,11
3000,7
2000,15
1800,11
4000,3
4000,5
5000,11
2300,4
1576,4
3500,4
900,5
1200,7
800,11
1200,4
1200,11
650,8
2300,9
3000,9
2500,7
788,6
800,4
4000,11
1500,8
1476,3
5000,6
600,3
1000,4
1300,4
1576,1
1230,6
788,0
1500,5
788,5
1200,11
788,11
2000,15
1500,11
3200,11
1200,8
788,11
1159,3
600,5
1200,15
700,0
1500,4
1200,5
1600,0
700,15
1000,10
1900,11
3000,4
1800,2
800,0
900,2
2200,3
0,0
1200,11
788,11
1500,0
7000,8
788,5
1200,4
20000,3
1576,9
788,5
0,11
500,0
788,6
1000,1
1400,7
1450,4
788,11
800,9
1000,0
1600,8
2800,8
1200,15
4500,11
3000,11
1800,0
4500,12
1600,11
4500,15
4000,15
1800,8
788,11
7000,11
2200,8
2200,11
5200,15
1500,0
2500,11
3500,6
2200,8
4000,15
900,11
953,0
1300,8
800,8
500,5
1800,6
1800,3
1600,11
2200,0
2000,8
2200,8
1500,0
5000,8
3000,8
2280,6
2300,11
4000,7
1800,5
3500,11
2500,4
958,11
2200,0
2000,0
1500,11
788,4
1200,11
1576,11
5800,11
788,2
1000,6
788,0
1000,11
300,0
4000,11
800,0
2000,11
788,11
1200,5
788,8
1000,11
1500,4
1000,11
1200,0
788,4
788,4
900,11
600,12
2000,3
788,0
2000,10
788,1
2500,11
1100,11
1100,11
1065,8
788,7
1300,4
1500,14
2000,11
1500,11
1200,11
900,0
2000,7
1000,8
1037,7
4000,15
2300,3
1300,0
788,12
500,8
1426,5
1400,15
1000,11
1200,4
2000,11
1100,8
1500,8
1100,11
1500,11
2000,15
1000,7
900,6
788,11
1300,4
2000,3
5500,15
1200,8
2500,11
10000,15
7000,15
3200,8
900,6
4500,15
788,8
1800,10
2300,5
1100,2
955,7
2000,3
788,0
100,3
2000,8
788,11
3000,15
3000,4
1120,8
1500,7
788,4
5000,15
800,11
1300,12
1200,11
788,11
5000,13
1500,9
788,11
0,0
1800,1
7000,15
4000,15
3500,11
1500,8
788,12
788,11
1000,3
1800,11
861,11
1600,5
500,4
1300,8
788,4
2300,15
1500,8
3200,11
5000,15
788,0
5000,15
1400,6
5000,11
1400,15
2800,14
4500,11
5500,11
3700,11
2000,11
1570,1
2000,11
400,11
1000,8
1500,4
1500,4
2100,15
1200,5
5000,10
850,9
1300,10
1105,5
2500,6
2000,9
2400,11
5100,15
2200,15
2500,11
2700,15
2400,11
788,3
1000,6
880,11
1300,11
3000,15
1545,11
788,0
2500,11
2500,11
400,11
1100,11
3500,12
1750,8
2300,14
1576,11
900,5
2000,4
2000,5
5000,15
1500,0
1900,8
850,11
1400,8
2000,0
860,11
1576,8
900,4
1150,11
400,5
200,6
2500,8
2500,11
1100,5
1200,9
1600,6
1600,11
5000,11
2000,15
2000,8
1600,10
800,11
900,11
3000,5
1500,11
3000,15
4000,12
2300,11
1000,6
800,0
2000,11
500,8
788,0
1500,6
1200,15
788,0
1100,0
1500,4
400,0
950,0
3000,8
400,11
5000,15
3500,11
1000,8
4000,13
3000,6
3000,15
1500,4
800,11
1000,8
640,10
1600,3
1500,5
1600,1
2000,11
1000,11
1349,15
1500,11
1500,15
2300,4
2000,2
2800,4
1700,11
1300,11
788,5
5000,11
1200,3
788,0
2080,0
3000,5
1100,6
1200,2
1800,8
3000,7
788,4
910,7
2000,7
900,10
2800,11
7000,15
2400,5
1800,15
1500,10
4500,15
2500,11
2800,15
0,8
5000,11
2000,11
900,11
1600,8
4000,15
1000,11
900,8
2000,4
788,11
3200,15
1400,9
1550,4
1500,11
1000,10
1000,3
5000,15
1200,12
1300,3
1500,4
788,5
850,1
3000,11
788,9
2500,15
1500,3
1000,11
600,8
1500,0
1200,3
5500,14
2000,6
5800,13
2900,15
5000,15
1500,6
5000,15
300,7
2000,11
788,4
2800,7
788,2
1850,11
2300,11
6000,8
2100,15
850,5
967,5
700,11
500,2
15000,8
1000,0
2000,8
300,0
788,11
800,12
1600,2
200,5
300,11
7500,15
10870,15
3000,11
1400,7
1800,12
2800,15
1599,6
1500,11
5000,15
1400,11
1400,11
600,7
800,11
800,15
900,11
1308,15
960,8
1200,15
788,4
1000,10
880,3
788,1
600,0
1576,11
1000,2
2300,11
1500,11
800,13
800,6
550,1
1000,0
0,0
1200,4
2200,6
2000,0
1800,5
2000,10
2000,11
780,4
780,13
5000,15
780,11
1000,11
3000,12
1500,11
8000,15
2000,15
6000,15
4000,15
5000,15
2500,15
4500,15
20000,15
5000,15
23000,15
2360,11
3800,15
1200,15
9000,15
6000,15
3500,15
11500,15
3000,15
2000,15
3600,15
5000,15
1500,11
4000,15
3000,11
8000,15
2500,15
1300,15
1900,11
1600,8
1576,11
2000,11
8000,15
2300,15
2000,10
1600,11
1800,15
1500,12
1500,15
1400,0
788,13
4000,15
350,15
1500,11
3000,15
1500,15
2100,15
2100,13
3500,15
1500,8
2300,15
2500,11
2364,12
1200,13
1700,12
1200,4
2577,10
788,11
930,8
1200,15
788,2
788,8
1500,15
12000,15
1500,11
3500,11
1580,12
5230,11
4110,11
2500,11
1570,8
2350,15
14000,5
8670,15
4690,15
12580,15
5690,15
3080,15
1570,13
4000,15
8000,15
9000,15
5000,15
3800,15
7000,15
3200,15
4000,15
5000,15
15780,15
8500,15
1500,8
3900,8
1780,14
1577,10
2980,8
2980,15
1400,8
4100,15
1580,10
1500,7
1100,5
850,15
4800,11
8000,15
3000,11
1200,11
900,11
1500,11
2000,1
4000,11
1308,14
2000,15
2300,11
900,11
4000,15
3500,15
2500,13
600,15
100,1
3000,15
2000,15
1000,11
1300,11
1000,15
600,11
900,4
1200,11
1500,11
6500,15
3500,13
6000,15
7000,15
2960,15
2200,15
1200,8
1000,4
2600,4
1250,1
1210,11
1200,11
1000,15
870,8
3000,15
5000,15
3000,4
788,11
2500,11
788,11
1000,11
3000,11
10000,15
800,11
1000,11
788,11
3000,13
1800,11
2000,8
788,7
1200,11
4500,15
1800,4
2700,15
1160,4
4200,15
250,4
1500,11
2000,8
1500,8
1400,8
850,11
1000,8
5000,15
15000,15
1000,11
2500,11
1217,11
1500,13
300,0
1500,14
1200,12
1500,14
800,3
1500,10
5000,15
1100,8
1700,11
1600,11
1400,11
2500,13
8000,11
1500,11
7000,15
2000,11
395,8
1000,9
788,11
700,9
788,7
788,11
900,11
788,8
1576,11
3000,11
1300,8
600,8
1500,7
2000,11
988,11
1400,6
1000,0
1500,8
600,4
880,7
2000,15
1600,10
2200,15
1200,11
1300,15
6000,11
2200,12
4000,12
1200,11
900,5
1200,12
900,9
1200,5
900,7
70,11
864,11
1000,8
1750,13
7000,7
1200,4
3000,11
5000,15
1500,11
1500,11
1200,11
2000,15
789,4
2300,5
1450,15
789,5
800,5
1600,15
3000,8
7500,15
2100,10
3850,15
1250,6
2750,15
3250,10
2500,11
4680,15
2350,15
2250,11
3500,15
10000,15
4000,15
20000,11
500,15
18000,15
1500,11
3500,15
10000,15
10000,15
15000,15
20000,15
2500,15
6000,15
788,11
1500,10
1000,12
1000,7
1300,0
1300,10
788,12
788,8
1300,10
789,4
2500,15
3000,11
1000,6
1500,5
2000,8
2000,14
1404,14
3000,11
1000,14
8500,14
12000,15
20000,11
8000,15
4000,15
1500,11
788,15
3000,11
100,8
2250,11
2750,12
1350,5
2250,0
2300,11
1200,8
1350,9
3500,11
2500,9
5000,11
1000,11
2000,11
800,11
1000,11
2000,8
2000,11
926,11
2000,15
1850,10
3000,11
1200,11
3000,11
788,4
3900,11
1500,5
4000,11
1000,11
1300,11
2800,11
1000,11
9000,15
2500,15
6000,15
5000,15
11000,15
3940,11
3000,15
450,3
788,8
880,5
3000,0
1500,7
500,8
350,11
830,7
1000,11
788,6
2000,15
2500,8
1000,12
788,5
400,4
1000,11
150,4
250,8
1000,7
2400,6
2000,8
2500,9
2000,9
1600,11
800,13
2000,12
4000,11
1200,8
2000,11
2000,11
800,15
1500,11
1400,8
1500,5
1150,4
788,11
1200,8
1578,8
1200,8
560,4
788,11
788,8
3000,11
6200,11
3000,4
2800,7
500,9
600,4
2000,9
836,5
1000,5
4000,3
1800,10
800,15
500,5
1000,4
3500,15
1800,8
2000,3
1500,10
2000,11
3500,15
3500,10
1000,11
7500,15
2500,11
1800,12
3600,15
2600,15
2000,11
1600,12
3500,15
1100,6
2000,9
1200,13
1300,0
1600,11
1200,11
2000,7
0,11
3000,4
1700,8
2500,10
3000,4
1200,10
3000,11
2000,8
4000,11
2300,11
800,8
300,0
1950,8
3000,10
1200,15
788,11
1200,5
3000,8
788,7
3000,11
2800,8
1200,15
2300,4
2000,11
1400,4
1000,0
1550,11
2000,11
2390,11
2000,12
850,14
900,8
1490,12
1890,12
2000,12
2100,12
2115,15
1500,15
1500,11
3500,8
2800,3
1200,8
1600,7
4000,15
3500,15
1200,10
2000,15
1700,5
1100,15
900,10
1500,9
1000,0
4000,15
3000,11
2000,11
788,3
750,7
1800,15
1200,11
1000,4
800,10
3000,11
3500,6
788,7
788,10
1800,0
1577,11
2600,11
1250,7
1500,12
1500,9
5000,15
2159,11
1200,5
1500,6
3000,10
3000,8
1800,11
1000,8
1200,11
1500,11
3000,11
1600,9
3000,4
2000,11
1800,11
2000,4
1000,9
2000,14
1600,8
1100,14
1500,11
2500,11
788,10
788,4
900,11
2000,11
2500,7
3600,12
850,5
2500,11
1800,8
1200,4
4500,11
1545,11
500,0
900,8
3500,11
1400,4
1500,5
1350,10
640,0
8000,11
3000,11
1200,8
1800,8
1000,10
1100,8
1250,1
1400,8
400,3
1200,11
1500,3
788,9
788,6
300,8
2000,15
788,7
1000,5
2000,11
950,4
3000,15
1020,10
1200,6
1200,8
788,6
1800,15
1000,8
1000,4
1200,0
1570,8
2500,5
2200,4
0,0
1800,0
1500,0
1200,4
1400,8
1500,12
900,0
2500,12
1500,3
800,0
1000,12
4500,8
900,7
2000,8
1200,0
1600,12
1800,8
1200,12
2200,12
1700,12
5200,15
1800,12
1985,13
3200,15
1850,15
1600,13
1580,12
850,8
1900,12
800,5
2000,4
900,12
3000,11
2500,7
2000,2
1150,9
1800,4
1200,12
800,8
700,9
3000,11
788,11
5000,11
1300,11
450,3
600,8
1600,8
1400,8
900,2
2500,11
1200,15
4000,11
1400,4
1080,7
1200,10
6000,15
1500,11
3500,15
1000,0
2000,11
789,11
854,0
788,7
5000,5
800,11
500,4
1200,12
750,0
1100,15
3000,11
3300,12
1500,12
2500,12
1200,12
3000,15
1100,12
1576,4
1000,0
800,10
1200,11
3000,10
1500,8
1000,7
1500,5
1500,12
1200,8
1000,8
1400,7
950,2
1500,8
1000,4
1300,12
1200,15
788,8
350,15
788,7
3000,0
25000,6
200,4
900,11
1100,11
1500,11
788,0
3000,9
4500,15
400,5
1200,2
0,0
1500,0
1500,5
0,3
1182,8
1182,0
750,0
0,2
1118,1
788,2
1576,5
1500,10
900,15
788,11
788,8
1900,9
1500,11
700,11
1350,6
788,2
788,4
700,15
960,6
788,8
935,0
1500,0
1182,3
300,2
550,7
1100,15
900,7
3000,15
788,0
2000,15
788,3
1980,11
788,13
26000,15
1600,5
1500,8
5000,15
6500,15
1500,7
1800,15
1800,8
2160,15
870,8
2000,15
1200,10
2000,15
1500,5
1400,5
788,7
3000,7
788,5
1600,8
4000,11
788,3
1440,14
500,2
1300,0
830,11
1200,4
2360,6
1000,4
3900,13
240,2
2000,5
1200,8
5000,11
2100,11
2000,0
5000,8
1200,12
2500,11
600,3
1550,0
1700,0
788,11
1200,4
2000,8
2600,7
3000,12
1000,9
1500,12
1000,0
2000,10
1400,4
3000,11
900,11
1200,11
788,11
600,4
1300,11
640,8
1560,2
900,11
788,5
3000,4
2500,11
1000,6
1000,15
6000,15
1500,8
3000,11
2500,9
1500,5
788,15
1200,11
788,2
788,13
1200,5
2000,5
400,8
3000,6
788,11
1800,14
10000,5
600,8
1000,8
500,5
2300,15
788,3
2500,11
1000,4
1600,15
900,4
3500,11
788,1
900,0
2000,0
3000,15
1000,4
788,0
5000,11
1800,0
1500,9
600,4
788,1
1300,7
2500,11
1800,4
2000,7
0,4
788,0
788,0
1172,0
900,4
1100,5
788,6
978,11
2000,4
1600,8
788,4
7500,15
1600,5
4500,15
2000,5
2300,11
1000,5
1600,4
1110,3
800,4
1500,8
1300,4
2000,4
500,4
788,7
1550,11
788,8
788,3
2300,2
1400,5
788,2
1200,3
2100,3
1200,8
1000,9
2005,9
2048,14
3500,4
200,0
788,6
1200,10
1200,3
1200,11
1100,11
1500,8
500,4
200,10
395,11
150,8
0,13
0,4
500,3
1000,11
300,10
1500,8
1740,9
1300,11
788,6
900,4
700,0
4100,11
4500,11
900,8
1100,2
1700,11
600,11
650,5
788,4
5000,11
1000,8
995,0
1000,2
1000,5
1000,4
1100,8
788,11
500,0
0,0
500,6
1500,4
2000,8
700,6
2000,5
420,5
0,7
900,8
0,0
0,0
900,12
0,8
1576,11
1200,8
1000,8
950,4
2000,15
5500,8
6800,15
5000,11
3900,15
1500,11
3500,15
1000,6
807,11
3000,15
1200,15
1600,5
788,4
2000,11
5000,11
1200,11
1500,11
3800,15
2000,0
958,11
5500,15
1200,4
2500,11
2400,11
1300,11
1800,11
10000,8
3100,15
8000,5
4000,11
2400,3
1800,11
788,0
1700,8
1000,8
1580,3
1000,11
3000,11
2400,4
2300,8
1800,11
1859,11
1600,4
2500,11
1300,4
3000,12
1000,4
4000,11
5000,10
10000,4
788,8
10800,15
2500,7
800,0
788,8
2500,11
500,4
3000,11
450,7
800,11
10000,4
1182,15
1000,0
788,6
1700,4
2800,11
3000,15
300,6
1200,8
800,0
1000,6
2000,15
2300,11
3000,5
1500,11
788,0
800,9
900,4
788,11
1200,4
950,12
788,8
2365,5
788,5
800,15
1200,8
1200,11
788,11
2000,11
900,12
1300,4
2000,10
1200,7
4500,11
4900,15
1700,7
2000,12
1500,11
2262,4
2400,8
788,15
1800,12
3000,11
400,5
7350,15
1500,11
6000,15
2500,15
1500,12
1000,14
2500,11
1200,10
3000,8
3500,11
7000,11
8000,15
1500,11
4000,3
10000,15
788,8
1400,5
1576,4
2500,7
2364,8
1576,5
1576,4
2730,6
788,15
900,4
1600,7
2300,11
3000,15
500,11
5000,15
900,11
850,7
6000,11
1200,11
350,0
1200,5
1100,7
2000,5
3500,6
1200,11
2500,11
1200,11
1400,7
1300,11
2800,11
3800,11
1000,5
1000,11
1000,4
1012,10
788,5
2000,3
2500,15
3000,4
5500,10
1000,6
2600,9
1200,0
5000,15
1600,11
2300,11
788,7
2500,15
788,4
1800,7
4000,15
1300,15
1500,11
3000,15
800,11
1800,14
3500,15
750,9
1200,10
4000,11
1300,11
2300,4
2000,12
1600,5
1500,6
1550,1
2000,1
1300,2
1500,0
1300,1
788,10
1500,5
3000,11
2000,11
1400,5
1800,0
1134,15
600,5
1200,7
950,8
1500,8
1900,11
1500,11
1000,3
788,11
1250,8
650,13
1000,8
900,8
2300,11
2300,14
1400,11
1000,4
2000,3
788,8
1500,5
2800,5
1200,11
1200,8
1300,8
1800,6
1800,11
800,1
1500,11
850,9
2000,7
800,6
1500,7
8000,15
1100,11
900,8
850,11
1600,2
2000,11
800,11
1500,2
300,0
1200,11
1180,11
788,4
600,5
788,7
800,8
4000,11
800,3
788,14
900,15
1400,11
788,12
900,2
4000,15
200,4
1600,15
900,2
1500,2
700,7
1000,11
788,15
900,7
800,15
300,4
788,4
2000,4
1500,6
788,3
788,2
7000,11
788,11
788,0
1000,2
0,8
6000,5
3500,11
1800,5
3300,11
2500,11
1576,11
1000,5
900,11
1300,14
4900,8
1800,11
1500,4
1150,11
1300,11
1600,11
1400,11
1300,11
3000,11
4000,11
3500,11
3100,8
6000,11
1500,8
1800,11
300,11
2364,11
788,2
1400,2
1300,2
788,4
1800,11
1200,4
3000,12
1600,11
0,4
1400,6
788,4
3000,11
0,11
1520,4
0,3
2000,11
2500,5
1500,3
5000,4
1500,11
3000,11
788,5
5000,11
2300,11
3600,15
4000,4
2300,0
2500,11
1400,7
788,5
2000,5
600,0
788,0
2000,11
1000,0
1100,15
4000,6
2500,11
1500,7
1500,11
2000,10
1200,8
1576,11
1200,4
1182,5
1500,1
2364,6
1780,8
20000,1
788,3
1580,4
600,4
3000,8
2000,4
1200,5
788,11
1000,8
1500,5
3000,15
800,8
1200,8
788,15
1350,11
3000,12
1200,4
1500,4
1200,7
788,4
1000,2
788,10
300,2
800,12
788,0
1000,6
788,11
788,3
2000,1
960,8
3000,8
1200,8
2500,8
2000,8
1576,3
1182,0
1182,7
1182,4
2600,3
0,0
1576,8
600,7
2500,4
3000,11
788,8
1092,15
1350,15
2000,4
1000,8
1500,5
1500,0
788,8
600,6
1100,11
960,11
2000,15
788,11
788,11
3200,15
1500,8
900,8
788,7
1200,4
788,0
400,3
1100,8
1200,5
8000,11
1000,8
1300,8
1500,11
1600,4
2000,5
650,4
1000,8
1100,11
1800,11
1500,11
580,6
1200,5
1300,10
800,0
500,4
800,6
788,0
1200,10
600,5
2100,11
1200,0
2000,6
2300,15
3000,11
3500,11
2000,11
1600,8
788,5
1000,4
600,7
1182,4
1500,15
4000,15
2000,5
2000,11
1200,11
1400,11
2000,0
1190,11
5000,15
3500,15
500,10
1500,10
2000,11
2200,15
2000,11
1800,10
600,10
4000,11
2960,11
2000,11
1400,11
150,5
1800,11
2600,15
500,11
1886,10
1200,12
3000,15
0,11
3400,12
1800,4
400,11
820,3
2052,15
788,4
0,2
1000,6
0,1
1000,5
788,3
1100,8
1000,3
0,0
2000,11
800,2
1500,11
1500,15
3000,11
1500,11
1800,6
4000,3
1200,14
1500,8
2400,11
600,12
1600,11
1000,4
1000,6
1600,6
1300,5
900,6
890,11
1500,3
800,9
4000,11
1200,11
500,4
788,6
2800,11
1500,6
1500,11
800,0
1300,15
788,5
1200,11
788,11
3000,11
520,8
1100,5
2000,7
1900,11
950,9
2000,4
1500,11
850,4
900,7
1100,11
600,3
2500,4
500,4
884,11
12000,15
2000,13
200,5
5000,15
700,4
2000,11
300,11
1000,12
1000,8
788,11
1200,11
10000,15
1600,9
2000,0
788,8
1200,2
400,4
1200,3
2000,11
0,8
900,10
1200,9
5000,8
1200,5
2100,5
10000,11
3000,5
2800,6
0,1
1200,11
700,8
2000,8
2000,11
2000,4
900,6
900,11
1200,11
2500,8
1500,6
2000,11
5000,11
2300,8
1400,8
3000,15
25000,14
950,11
788,6
2200,11
788,10
788,0
1700,15
540,2
0,0
120,0
300,5
2200,8
788,9
2300,7
1500,10
1650,8
500,11
1200,11
788,10
1800,0
2000,6
1500,8
788,8
5000,9
0,4
1500,6
788,0
100,4
900,2
2000,4
788,5
1200,10
1200,11
2500,0
0,11
1300,11
788,11
788,8
1850,9
1500,15
2000,11
1600,7
1400,1
1200,6
2500,8
1200,3
2700,11
2200,10
2200,15
1000,10
2200,11
2300,0
788,6
1200,4
250,9
788,8
1000,5
1500,10
2200,8
100,4
3500,5
788,11
600,7
1000,5
1500,8
1500,14
1000,4
2000,1
788,11
1050,4
2300,11
1400,7
1300,1
1200,11
1500,11
1200,6
1500,5
788,2
1200,5
1600,8
846,6
1600,2
1000,0
2500,9
1200,3
800,8
1500,8
1000,8
1000,11
200,7
788,7
1200,4
2200,8
788,9
1200,8
1800,4
4000,11
2000,11
3000,11
2600,1
3000,11
12000,15
788,3
2900,10
7000,15
800,11
839,11
4000,2
1010,8
2000,6
1576,8
5000,8
2000,4
2500,11
6000,1
4000,14
3000,7
1700,8
2100,11
3500,5
4500,4
788,4
788,0
6000,11
4000,13
4000,14
1576,11
788,7
5000,15
4000,15
10000,11
400,13
1500,0
1080,4
1194,4
2000,15
1800,2
1700,8
3100,11
0,13
800,3
1576,5
1576,11
1576,11
2800,11
2000,8
3300,9
4500,11
7000,6
6100,15
1600,4
3100,15
3000,15
1576,4
500,11
3000,15
800,11
0,8
350,5
2000,15
2300,2
1500,11
788,8
8500,11
788,15
1650,6
788,5
500,11
1200,8
2000,11
0,0
600,7
8000,0
0,0
2000,11
3300,11
1000,6
2000,11
1500,12
3000,11
1200,6
500,11
1800,8
1100,11
2600,11
600,0
1400,2
1800,15
2400,11
4300,11
1000,11
788,11
788,8
900,8
1500,11
0,0
4000,10
1576,6
0,7
800,2
2000,5
1500,9
1576,4
400,11
2500,8
2500,8
1750,11
300,8
1400,11
550,0
928,8
1300,4
1250,11
350,9
788,11
788,6
200,7
700,8
788,11
0,2
6000,15
788,4
788,5
1000,8
1000,11
2600,15
1450,11
1600,4
1500,11
1800,4
2500,12
788,0
2000,10
1150,7
1250,11
3000,6
2000,11
788,9
3000,8
3500,11
900,11
800,3
5000,15
1200,11
1100,8
788,2
1576,8
800,8
1600,3
4500,13
1500,5
788,0
788,0
1200,9
4000,11
5000,13
1500,14
600,7
2500,11
4000,15
7500,15
3000,11
2300,15
15000,11
2500,11
3500,11
3500,11
800,15
23500,11
12000,0
4000,0
1000,11
2000,4
3000,4
950,7
1100,8
1200,8
0,6
1500,11
788,8
1400,11
5000,11
12000,11
4000,15
10000,15
9000,15
3000,8
5000,11
1800,15
6000,4
1250,7
600,4
1300,6
1300,11
2200,9
1576,2
1050,11
1500,8
900,8
1000,3
788,3
1200,11
1500,3
1797,11
824,13
1560,11
1780,11
980,13
4100,15
788,7
700,11
1000,8
1800,11
3000,15
1500,11
788,8
1500,4
1000,11
3000,4
500,11
2000,15
1000,11
1500,5
1500,11
1300,13
2500,15
1500,11
5000,15
2500,8
1000,4
3600,15
5000,15
1800,7
1530,11
1000,8
1000,15
1675,5
3400,12
2000,2
5000,5
4000,5
100,11
1576,8
800,4
2600,11
2500,11
1000,10
800,10
2000,11
9000,13
1500,11
0,10
1100,11
990,11
1800,5
2000,0
1600,5
1850,13
2700,10
6500,11
800,5
788,11
2000,11
7000,11
788,8
1700,5
1827,2
1800,15
1800,7
2400,11
2500,15
2400,15
0,3
100,4
2400,15
0,15
10000,11
1800,11
3500,15
2200,11
2000,11
1100,11
700,7
2500,8
1200,5
6000,15
2000,11
1576,15
1576,5
1000,15
700,13
1700,4
980,11
2000,11
2200,6
1500,5
370,0
1200,15
1851,15
800,10
1600,11
1200,4
2000,7
0,5
2340,3
1418,3
0,7
1576,7
3000,14
788,11
1045,11
1570,13
2500,5
1576,8
1400,11
4000,15
3000,11
1800,11
5000,15
1000,3
1400,14
1200,8
5000,15
4000,11
1500,11
10800,12
1000,0
900,5
20000,15
788,5
1500,10
200,0
1200,10
1500,11
2000,11
1032,8
1000,11
2300,5
1100,11
600,11
2000,11
1300,11
1350,5
1500,5
2500,11
788,11
788,9
2000,8
2000,11
850,11
2000,11
2000,11
1520,11
2000,11
2000,11
3500,7
1100,11
4000,11
1576,5
1200,7
800,11
1000,11
788,11
3000,11
1300,8
788,3
879,11
800,10
7000,11
2500,10
1000,8
2000,8
1500,14
2500,14
2800,5
5000,6
2000,11
1200,0
788,11
800,3
1500,15
500,3
2200,0
1000,7
910,7
1200,11
200,0
1000,8
1200,10
5000,8
10000,4
10000,8
788,5
788,1
1500,5
2000,4
1774,4
2300,4
2100,4
1500,9
1500,8
1400,7
1500,2
2800,5
5300,6
5000,5
5000,11
2500,7
1300,8
3000,5
2500,5
788,15
788,8
1800,7
788,4
1100,0
3000,11
1100,11
3200,15
5000,15
50,3
1100,9
1200,5
788,6
880,14
788,5
950,11
3500,8
2500,5
1100,8
788,11
500,4
850,6
100,3
400,8
600,4
0,0
788,4
1576,5
1200,3
788,7
300,4
900,7
1700,5
0,2
1500,7
788,4
2500,4
1100,11
30000,11
1500,11
3000,11
3000,4
1300,1
300,4
1000,3
320,3
5500,11
1400,0
1000,11
150,11
400,3
788,4
2000,11
1200,4
3000,14
0,0
600,0
850,11
788,7
788,4
400,1
788,13
0,0
0,2
500,4
0,11
788,14
1300,2
1800,4
500,3
788,3
1000,5
1500,11
2000,14
1200,11
788,11
1000,4
1200,6
788,5
1200,0
788,11
3000,13
788,7
2000,7
3000,3
950,3
1500,9
3000,11
788,4
2000,2
600,12
1200,11
788,5
2500,11
1182,8
2000,8
788,9
300,2
788,0
1800,6
1800,15
1180,2
788,5
1500,0
1400,11
788,4
788,15
800,2
1182,8
1576,0
1800,15
1100,1
550,3
1000,11
1000,4
788,4
2000,11
3500,10
3000,15
788,11
1000,8
1800,11
1500,13
788,4
3500,5
788,0
1700,3
788,11
1450,8
788,7
600,1
788,4
3000,11
1500,8
788,6
2000,7
600,11
1200,8
1500,11
1500,15
1000,11
1500,10
788,9
300,8
788,11
900,11
1000,4
2000,10
1500,11
788,10
3000,4
1000,4
2000,13
1500,9
2500,11
1000,1
1500,8
788,15
980,10
3000,11
788,7
788,5
3000,4
1800,6
1600,2
788,11
400,1
840,0
1430,11
900,15
680,11
800,11
2500,3
1000,4
2000,10
2000,6
1200,3
788,11
788,8
1400,9
810,11
800,5
1000,4
1200,5
1100,10
788,8
3000,12
1300,10
900,4
1100,10
2500,8
1500,13
1500,5
2000,10
1800,6
800,12
8000,11
1500,11
3000,15
788,0
1100,5
600,11
788,7
3000,4
788,4
788,2
1700,7
1576,7
1700,12
1000,4
1576,8
1200,15
1747,6
1700,11
0,4
450,4
1200,11
2000,8
0,0
1800,8
788,11
400,0
2000,11
1200,11
5000,11
3000,11
500,6
3800,11
2500,11
788,5
1000,3
3000,15
1500,0
3500,11
3000,15
788,2
1500,8
788,11
5000,11
3200,11
1750,8
800,11
8000,15
1200,11
4000,11
1200,6
800,8
2500,9
4000,13
700,8
900,6
2000,8
800,0
2000,7
870,9
800,3
10000,15
803,0
1900,15
900,7
1500,2
2000,11
1800,11
1600,10
2000,11
2200,11
3500,6
1500,5
876,6
788,10
900,0
800,4
1500,0
1500,4
1000,9
1350,9
1400,6
900,11
3200,8
860,4
1800,0
2000,0
800,11
1200,2
1500,9
300,11
270,3
1381,11
1600,15
1350,11
788,11
788,0
1000,5
906,11
1200,6
1700,7
940,8
1500,7
3000,11
1800,11
1200,1
1500,9
1000,11
850,10
1100,11
3000,11
1250,11
900,11
1400,5
788,1
800,8
4000,8
900,5
788,7
1200,12
1600,11
2500,11
4000,9
2000,6
1500,7
788,3
788,6
500,5
850,7
788,8
2300,15
1500,11
200,3
788,11
788,11
800,7
800,3
200,3
500,4
1600,11
1000,8
1300,7
250,6
250,2
886,3
1300,5
3000,8
1300,8
1200,8
600,7
788,0
1900,5
2500,8
1600,11
1600,11
1300,11
900,11
1500,2
2200,10
2800,9
1200,13
1190,0
1900,11
4500,15
500,4
600,4
0,0
700,4
2000,6
1300,2
1800,14
400,0
1000,15
500,0
8300,15
10000,15
14500,15
10000,15
12000,15
9000,15
5400,15
30000,15
12000,15
5000,11
16450,15
2700,15
5000,13
7500,15
19166,15
18000,15
17000,15
2800,15
6704,11
0,15
16475,15
3000,7
300,15
400,11
8000,15
3000,11
12900,15
788,11
0,15
5000,15
15000,15
1402,15
8000,15
18000,15
5040,15
23000,15
9900,15
11500,13
8000,15
7500,14
15000,15
640,13
17500,15
5000,15
2000,15
5000,15
3000,15
8000,13
8000,11
16000,15
10000,15
3500,15
14000,15
11000,15
6500,15
20000,15
3500,11
10000,15
9000,15
18000,15
8000,15
13000,15
5600,15
4500,15
6500,11
16000,15
5600,15
3500,11
4500,15
2100,4
10000,15
22000,15
20000,15
19000,15
22000,15
7000,15
8000,15
10000,15
3000,15
13000,15
12000,15
100000,15
1480,11
2138,15
15000,15
900,13
5000,15
10000,15
26000,15
8000,11
0,0
25000,15
3000,11
3600,15
12000,15
15761,15
7000,15
10000,15
10000,15
3500,15
10000,15
2800,12
17000,15
7290,15
3000,15
8000,11
7700,15
26400,15
1500,11
8000,11
18000,15
1000,4
6000,15
1900,15
7000,15
7000,15
11000,15
8000,15
1500,11
10000,15
1000,4
800,6
1000,7
0,4
788,11
2500,9
3000,14
8000,11
5500,13
500,4
4000,11
1000,3
788,11
6500,15
18000,15
20000,15
20000,15
9000,15
10000,15
8300,15
17000,15
10000,14
28000,14
20000,11
5500,15
10000,15
520,13
6000,15
12000,15
20000,13
5000,15
2500,12
14500,15
7000,15
9000,13
850,14
5300,15
2600,15
5600,15
635,15
9500,15
3400,15
7900,15
18000,15
15800,15
17000,15
2600,15
100,11
5200,15
24000,15
16000,15
8500,15
8000,15
14500,11
5000,15
6000,11
9000,15
6900,15
9000,14
20000,15
7000,15
5200,15
28000,15
0,0
21800,15
3000,15
7000,15
10000,15
18000,15
7881,14
5000,15
4500,14
17000,15
3900,13
10000,15
4000,15
5000,15
4500,11
1300,12
7000,15
2258,11
10000,15
6000,15
1900,14
9100,15
900,6
6700,15
800,8
1200,11
3000,11
2000,11
1600,11
10000,15
7200,11
6000,15
2500,15
1600,11
1800,0
1497,11
5000,11
2500,11
866,7
4000,8
2000,11
150,6
1050,11
750,4
1300,0
860,5
1200,11
2230,11
7000,15
1200,11
700,4
600,11
3800,15
3000,11
1800,15
9000,11
3500,13
1000,11
4880,15
8300,15
3800,15
4992,15
1500,7
960,4
10000,11
1200,11
1320,4
4500,11
1700,14
788,8
1200,4
3000,15
1220,12
1000,6
2500,15
30000,11
6500,15
5000,15
788,11
3500,11
1500,11
1000,1
600,12
3500,11
788,0
788,7
1037,11
1100,5
4000,11
7000,11
2700,12
400,1
200,4
2500,11
10500,15
6500,11
3000,8
1000,11
1000,7
1400,11
7000,15
0,13
4000,15
3200,15
4500,11
1027,11
3400,2
1628,10
800,4
1594,11
3500,8
1000,10
3640,11
1630,11
800,3
3000,5
600,8
1300,3
3600,3
925,1
3800,4
2000,4
900,4
720,7
1350,11
1000,10
983,11
3400,9
3000,8
600,13
6800,15
1000,10
1545,8
1200,5
2000,7
350,4
4200,13
852,10
1250,5
1000,8
4200,15
4000,5
2084,9
600,2
1240,8
2550,11
1800,8
1500,8
1600,8
4000,11
700,9
1000,15
800,8
1000,8
2000,5
1500,15
2000,13
2000,9
1100,0
788,7
6100,15
1500,11
1000,14
952,11
4000,15
3500,15
8000,15
7000,15
6400,15
8000,15
1500,15
7000,15
7000,15
12000,15
5000,15
16000,15
15000,15
20000,15
10000,15
8200,15
27000,15
8000,14
3000,14
2000,15
7000,15
10000,15
4500,15
12000,13
4000,11
2000,13
5000,15
5000,15
12000,15
9000,15
8000,15
10000,15
15000,11
16000,15
9000,15
4000,15
6000,15
788,15
6000,15
10000,15
3000,15
9000,15
4000,15
9700,14
10340,15
11000,15
7000,15
5600,15
7000,15
2000,13
4000,15
8500,15
8000,15
16000,15
5000,15
2100,15
6500,15
3500,15
8000,15
1350,13
670,12
7000,11
3800,15
7300,15
8600,15
3000,15
2000,14
1500,11
4000,11
3000,15
5000,15
1500,13
3200,11
3550,15
2670,11
5600,11
3940,11
3800,11
3700,11
3900,15
7600,15
3000,11
1500,11
3000,15
8000,15
5000,11
2000,7
1000,10
1500,11
1200,5
6000,11
1400,7
1500,11
6900,15
1500,11
6000,8
3000,11
5800,15
15000,15
400,8
6000,15
1600,15
1500,11
3000,11
2000,14
788,8
900,11
2000,11
1400,11
788,8
2000,15
4000,9
1200,10
2700,15
400,2
800,10
6000,15
1800,4
2000,13
1300,8
3000,13
3000,14
3000,11
1500,12
2500,11
3000,14
788,12
4000,11
5500,15
3000,8
1030,15
3500,5
1200,0
1300,8
1200,15
1500,15
3550,15
7000,15
2500,14
1200,11
6000,14
10000,15
2300,14
5000,15
6000,15
2000,11
6000,15
3500,14
800,11
3500,15
1300,11
1000,11
5000,15
2500,15
2700,15
1000,15
3000,14
4000,14
3800,15
2200,14
2300,11
3500,15
2000,15
6000,15
1300,11
4500,15
3000,11
2000,6
3000,15
1500,11
3000,3
4000,15
3500,15
5000,11
2000,11
2000,11
1500,11
4500,15
2000,15
5000,15
10000,15
4000,15
2000,0
4500,11
1800,15
11000,15
7500,15
6000,13
7000,11
2000,11
3000,15
10000,15
18000,13
7500,15
2700,15
8500,15
3000,9
16000,11
2200,11
5500,15
2000,10
5000,15
2500,15
10000,11
2500,11
2500,5
1500,8
5000,8
3000,15
1500,11
1500,11
1500,1
3500,14
1500,11
2000,11
2000,15
10000,12
5000,15
6000,15
1400,11
12000,15
1000,9
5000,8
1005,11
1200,11
4000,11
11000,15
10000,15
2000,15
12000,15
2000,15
20000,13
10000,14
7000,15
1500,15
8000,15
5000,11
9000,15
1600,15
8000,15
5000,11
3000,15
15000,15
3500,15
14000,15
12000,14
3000,15
4000,15
4500,15
17600,15
6300,15
7000,0
4000,15
17980,15
8000,15
7000,15
23000,15
11000,15
8200,15
15000,15
10500,15
2000,14
8000,15
5000,15
5600,11
5000,15
6000,15
8000,15
1100,11
6000,15
11000,15
3000,15
2000,8
4000,15
1900,11
2000,11
1000,8
800,15
7000,15
1200,11
6000,15
2000,11
6000,15
3800,11
10800,13
5000,15
3500,15
4000,11
3500,15
2500,11
7000,15
5500,15
10000,15
1900,11
7000,12
4000,15
11800,8
6800,15
3500,14
0,11
8000,15
4000,13
4500,15
6000,15
1600,13
7900,15
2000,11
2000,11
6000,14
950,11
2400,15
715,8
5000,15
5000,11
7000,15
788,5
5300,14
5000,11
400,0
2000,11
1800,11
1400,9
2200,11
2300,11
1000,11
2364,15
3745,4
1500,11
2500,8
1900,4
1140,5
800,3
2500,13
3000,4
800,0
8000,11
2000,11
2500,11
1800,9
900,13
0,5
1000,3
3500,11
800,11
0,0
800,8
2200,11
400,11
10000,15
7880,15
1600,15
7000,15
3200,10
1200,5
4000,11
8000,11
788,11
3000,15
1200,15
1200,15
23000,15
6000,11
3000,15
11000,15
15000,15
4300,11
1950,11
5500,15
3500,15
8000,15
788,8
13000,15
5000,11
3000,15
2300,8
2800,8
1200,12
6500,15
1500,12
8000,15
1200,11
2800,11
3200,8
5000,15
5600,13
9600,15
9800,15
5000,11
8000,15
8400,15
8000,11
12000,15
1300,4
840,0
10000,15
11000,15
7000,15
8000,15
9000,15
10000,15
15600,15
3400,8
3800,11
7800,15
8600,15
4500,15
3000,15
16000,15
800,11
2500,8
789,8
789,8
1200,11
1500,0
1000,8
1200,15
4500,15
1500,11
1500,11
1200,10
400,10
400,8
1600,11
1500,15
1100,5
1750,11
789,0
789,8
2000,8
1447,11
1200,8
1420,10
788,8
1035,11
600,11
1800,11
2500,4
2000,8
2900,15
400,15
900,7
700,8
1500,4
2000,11
1300,11
6200,15
1600,11
2000,11
800,11
7500,15
9000,15
1700,11
1500,0
2000,11
900,11
2800,0
2000,11
1500,12
1600,12
3000,12
4670,15
2800,15
7300,15
3500,11
6000,15
1200,15
9000,15
8000,11
3000,15
5500,11
5000,15
4200,15
2500,15
5000,11
4000,11
1200,4
13000,15
8000,15
2400,11
2300,11
5000,15
5300,15
5000,15
6000,15
4000,13
10500,15
1405,10
1300,8
1000,15
1000,11
900,3
2000,11
1000,5
788,9
1280,11
1000,5
800,15
1300,11
5000,12
1000,10
6000,15
1100,11
8000,15
950,4
2000,12
1000,15
1000,13
320,9
1200,10
788,4
2200,4
940,11
788,8
788,9
900,5
1800,11
2100,11
1000,11
996,11
2000,10
3000,15
1200,15
8000,15
700,4
1800,11
788,8
843,11
600,3
400,5
490,11
250,6
300,6
5000,14
1500,15
788,7
2500,4
2000,11
1000,6
950,11
788,11
850,9
1500,4
940,11
1700,8
1200,11
2000,11
788,5
1000,1
3800,15
5000,11
788,11
1000,12
0,4
1200,11
3500,11
1300,5
4000,13
5000,11
1200,3
1200,7
1500,11
800,11
1300,6
1200,7
700,0
1500,6
800,11
2000,11
6000,11
6800,15
300,11
800,8
1500,11
0,4
1200,4
788,4
1500,8
1500,11
788,0
1600,10
2000,11
2000,11
1000,4
800,8
4000,11
800,0
2000,8
1000,0
3000,0
2000,7
800,0
1400,4
1000,8
7000,15
1500,11
7000,11
1800,9
789,6
1000,9
100,4
788,6
6000,8
1800,11
1000,5
2250,0
1200,8
800,4
1160,11
1000,11
1700,11
1200,11
4000,11
788,1
1800,5
897,11
800,5
1200,11
1000,4
5000,10
750,5
1500,1
788,8
5000,11
2000,11
3000,0
1500,11
940,11
800,0
1000,8
880,11
1400,10
250,0
5200,15
1000,11
866,11
400,15
2000,11
2000,0
956,4
5000,15
2000,11
1200,11
1200,5
1250,0
5000,11
960,0
840,0
6000,0
800,8
950,6
0,2
1500,8
800,0
2000,10
1500,10
2800,4
0,11
1150,0
1000,0
788,0
0,4
1500,0
18000,15
1500,15
28000,15
6000,15
3940,11
11000,15
5000,14
8000,15
4500,11
4000,14
11000,15
788,15
30000,15
8000,15
15000,15
18000,15
8000,15
7000,13
4000,15
7000,15
5012,15
15000,15
6000,15
7000,15
1600,0
3600,15
3800,15
11000,15
20000,15
1500,11
4000,15
600,13
1000,13
3580,11
2700,11
3000,8
1000,3
3000,15
200,4
11000,15
1025,12
4000,15
920,10
820,11
3500,11
3000,7
790,15
1400,12
1200,11
300,0
7000,11
8700,11
3800,11
16000,15
8000,11
1100,12
11000,15
2360,11
4000,11
1400,11
1500,11
3000,15
2000,14
2000,7
1300,11
400,9
3000,1
1200,6
1700,5
2700,14
980,8
1000,11
1500,8
1100,7
10000,11
800,11
700,8
6000,11
2000,10
885,10
4421,11
818,14
2600,14
2200,10
800,13
5000,11
8000,6
1100,15
3000,11
4000,12
1800,11
1200,11
800,8
20000,15
22000,15
12000,15
15000,15
28000,15
6500,15
35000,15
10000,15
33400,11
7900,11
5000,11
900,11
19000,15
1300,5
4000,15
17000,15
900,11
820,0
5000,15
3000,11
1000,8
820,8
5400,14
3900,6
820,0
2000,12
1500,5
1200,11
2000,11
5400,15
1500,4
1254,4
5000,12
1400,11
2500,11
4000,13
1022,8
800,11
800,11
1075,12
2000,15
1000,12
1000,11
500,11
860,5
1500,11
820,8
860,11
1200,11
860,8
700,4
1000,11
788,11
3000,11
788,11
2100,14
1200,11
2000,15
4000,15
2200,11
1500,8
1300,11
2000,11
4000,15
600,0
6100,12
1000,12
250,0
920,0
2300,15
1700,11
1000,11
1600,13
2700,14
5000,11
1000,11
788,9
2000,11
900,6
788,11
395,11
1076,5
860,11
2000,4
1300,0
1100,11
7500,11
1100,11
900,15
1500,11
2500,0
3200,11
1500,15
824,0
1500,11
1400,7
788,7
1005,11
1050,11
2500,11
840,3
2500,15
1500,8
1200,12
5000,15
820,0
820,8
4000,15
2000,15
6000,15
1200,11
900,11
2000,15
1400,8
1500,11
788,8
1300,11
2500,11
1800,0
3200,4
1000,11
1500,4
2000,11
2200,11
5000,15
1600,8
2500,11
1800,11
800,15
2000,11
2000,11
650,10
1000,9
2000,11
3000,8
1500,4
2000,8
1200,11
1200,11
1400,15
1000,11
2500,11
1250,11
1800,11
3000,11
788,0
2000,15
2000,11
1500,10
2000,11
2000,11
600,2
900,11
788,0
3000,11
3000,15
1300,8
1350,8
1200,11
10000,15
3800,0
7000,8
2800,15
788,11
800,11
3800,14
5000,15
3000,11
1470,8
1000,4
800,11
1300,15
400,14
4000,15
2000,5
800,4
1200,4
1450,11
2000,4
14000,8
1500,11
800,11
1200,4
900,8
1500,11
4000,15
5000,15
1700,11
1300,4
900,3
400,4
900,11
150,11
2200,11
1700,11
800,0
1200,6
3100,13
900,4
1100,8
2000,15
890,4
1200,11
1200,6
3000,11
600,11
1000,11
1800,13
1200,11
1300,8
2000,11
1000,11
10000,14
12000,14
2000,6
2000,11
788,14
788,7
1100,11
1000,5
700,7
1150,8
700,11
2000,7
6000,15
1500,12
2000,11
2000,13
2500,7
600,11
1500,11
4000,11
2300,11
1000,11
2000,11
3500,11
240,4
1500,11
1300,6
700,2
1100,11
4000,4
1160,11
2000,11
1200,11
845,9
788,11
1000,11
2300,11
1500,11
7000,11
4200,15
1200,0
3500,15
789,0
4200,15
788,0
1800,11
1400,0
1100,7
1500,3
1700,5
800,5
500,0
1200,8
1000,11
1300,6
600,0
2000,4
800,9
1000,11
1000,4
900,7
915,10
2000,11
6000,11
1000,0
600,5
400,5
1000,3
1000,11
3120,5
1200,9
480,7
1500,6
2500,15
900,5
2800,5
1182,6
2500,9
2200,11
1000,11
5000,14
500,5
1000,4
500,6
2000,13
1500,2
2000,2
1900,15
1050,6
1500,8
1500,11
1200,5
1200,7
1600,11
850,8
1500,11
700,5
1100,11
1500,11
2000,11
1200,3
800,7
2000,5
1200,4
1500,11
300,4
1200,7
2000,5
800,3
1200,5
6000,11
3500,11
2700,11
4500,12
1500,15
2600,15
6500,15
800,11
4700,14
3500,14
11700,15
10000,15
16000,15
9000,15
1500,15
4000,15
1500,15
8000,15
1300,11
14000,15
5000,11
14000,15
3000,11
2000,11
11000,15
4800,15
12000,15
3000,15
6000,15
0,11
3500,15
8000,4
2000,11
5000,15
2100,15
7000,15
3000,15
2510,11
724,11
815,0
70,11
300,4
788,15
4000,15
5000,15
1400,11
1600,11
3800,15
6000,15
4300,15
1200,14
0,13
2000,8
8000,15
862,11
3000,14
2964,12
1500,11
1000,11
4000,11
1300,11
6000,15
2500,11
1500,11
1600,15
830,4
2500,11
1700,6
1400,11
1884,7
980,8
1000,0
950,3
1200,11
788,5
1200,5
800,8
2000,11
800,11
12000,15
10000,15
14000,15
10000,15
20000,15
10000,15
1000,15
6000,15
10000,15
3000,15
10790,15
10000,15
8100,15
5100,15
3200,11
3800,15
22000,15
4500,15
2390,15
4100,15
4337,15
5000,15
4200,8
5000,14
8100,15
7900,15
13000,15
2000,11
4000,15
855,11
3330,15
9100,15
4600,15
3000,14
3000,15
5000,11
4100,15
3700,15
2200,4
6000,15
3100,11
4000,11
3980,11
5200,15
3200,1
5600,15
10000,15
12000,15
35000,15
20000,15
7500,15
12000,15
15000,15
26000,15
2500,15
3000,15
6000,15
1050,15
9000,15
6000,15
5700,13
15000,15
9500,15
5200,15
12000,14
22000,15
12000,15
28000,15
10000,15
11000,15
11300,15
5000,15
2600,15
7800,15
5300,15
7000,15
15000,15
10000,15
10000,15
12000,15
28000,15
15000,15
7000,15
10000,15
10000,15
7300,15
5000,15
1100,13
10000,15
998,15
5000,15
30000,14
30000,15
15000,15
1500,4
900,4
2000,7
1800,11
2000,11
2000,11
1200,8
900,11
1200,8
1500,8
850,8
1000,8
1200,5
1000,2
1500,12
2000,11
1200,7
3000,7
1500,10
6000,13
9000,13
1090,11
1600,7
1500,11
1800,11
2100,11
2000,11
1500,11
2600,11
7000,11
7000,14
2000,4
2000,1
1800,11
4000,11
1500,11
2700,10
1022,11
5000,11
1200,4
7000,11
1300,11
5000,10
1600,11
788,8
1400,14
1500,0
1500,12
800,4
2000,11
800,4
2300,11
788,11
7000,15
788,11
788,8
1900,11
8000,13
1150,11
1900,11
788,10
400,10
3500,11
2000,11
1000,4
1000,3
800,7
3000,4
4200,15
1200,11
1500,7
600,2
1000,0
1500,11
1200,4
1300,10
1000,11
900,7
900,11
800,11
1500,15
1000,0
900,8
788,8
1000,11
2300,11
1000,11
1200,11
788,11
900,5
5000,3
1500,7
1500,11
800,6
2000,11
5000,15
6500,15
2500,15
1500,12
1000,8
2000,11
4000,11
1100,3
1700,14
930,7
12000,10
8000,15
5000,11
1700,11
1000,11
900,11
2400,11
5000,12
500,8
1200,11
1000,11
500,8
900,11
2000,11
1800,11
1600,11
2000,11
960,7
2800,11
780,7
800,6
5000,14
1200,5
1200,11
1500,15
1300,11
788,4
2000,11
2000,6
800,6
788,6
800,6
4000,15
20000,15
1200,12
1800,8
1200,14
13000,15
3000,13
1500,11
1200,5
655,8
2000,13
1000,11
2500,13
900,11
788,5
500,11
7000,11
1200,11
1100,13
1800,13
1500,4
1300,5
1200,8
1250,11
100,3
3000,11
1200,5
1400,11
200,11
500,5
2000,7
30,11
4000,11
4000,14
200,0
1200,10
1300,8
1500,7
1000,11
788,8
3000,15
1300,14
4000,15
1200,11
1500,5
1200,11
1800,14
2500,11
4500,15
1800,11
2500,7
1400,11
1800,8
800,11
200,3
1200,0
1500,11
1200,6
800,3
2000,0
1100,8
1000,5
2500,11
2800,13
820,3
2900,11
1200,11
890,0
1700,13
1200,11
350,11
4000,14
2000,11
4500,15
5000,15
788,11
788,11
3000,0
2000,7
4500,15
1600,7
1360,5
1200,11
2800,7
980,11
1500,11
1000,8
788,4
820,11
5200,15
788,7
1200,9
900,11
1600,1
3000,4
1100,15
2400,11
2200,15
1500,0
7050,15
7000,15
10000,15
2800,15
2000,15
5000,15
10000,14
12000,15
1500,6
6000,11
850,6
1600,8
1889,14
12000,14
3300,15
35000,15
15800,15
16000,15
6900,15
6098,15
18000,15
4100,15
36000,15
28000,15
38000,15
2500,15
1500,15
16000,15
5000,15
20000,11
11000,15
18000,15
20000,15
25000,15
32000,15
15000,15
15000,15
20000,15
1000,11
1200,11
500,3
600,5
2500,5
2000,4
400,5
1500,11
2500,15
2000,4
400,3
800,0
1200,8
788,11
2500,15
150,4
2000,8
1200,0
1300,7
1500,10
1700,0
1300,11
2500,11
2000,11
2500,15
2500,8
1800,4
4500,11
5000,11
4000,15
1200,6
1200,11
788,11
800,6
1200,11
1200,11
1400,11
4000,5
1000,5
3000,4
2400,5
788,11
1250,8
500,2
800,11
350,3
1500,5
788,11
1000,11
2000,4
1100,12
1100,12
788,8
800,11
1329,10
1100,8
2200,11
1047,11
843,10
1300,3
1270,0
788,6
2000,11
5700,15
2200,12
2000,14
1750,13
788,11
6000,11
2300,11
1100,9
5000,11
2800,11
4000,11
1800,12
300,11
500,4
1200,4
1600,0
2400,11
1000,12
2500,11
1100,5
860,10
460,7
1100,11
4000,13
2500,15
1600,14
788,11
2000,11
3000,12
3000,15
1500,15
3950,11
1400,11
5000,11
2000,11
300,1
950,10
740,3
2300,4
1100,11
1150,11
2400,5
2100,12
1500,11
1500,9
1000,11
850,8
2500,15
700,5
1600,11
1400,8
1000,8
9000,12
788,6
2200,9
3500,14
2000,15
1000,0
4800,15
2000,11
1300,9
1250,15
800,15
2000,11
1500,11
800,7
1900,15
1200,11
800,5
1000,12
1114,0
800,5
950,2
1500,8
3000,11
1800,8
1300,11
788,9
1000,8
1100,7
950,11
4000,11
1500,10
1200,5
1500,11
1500,11
1800,15
1200,8
1576,11
1300,15
2500,11
1000,10
788,11
2100,8
5260,11
5000,0
950,11
1109,11
850,9
788,8
866,11
1300,7
8700,11
5000,9
5000,11
13000,15
6000,11
10000,15
10000,15
32000,11
3500,15
30000,15
5000,11
1900,5
1100,0
812,10
1500,6
1300,11
1500,3
900,3
